lab_result_id,patient_id,hospital_id,doctor_id,test_name,test_date,result_value,result_unit,result_status,reported_at
1,1,1,1,HbA1c,2025-03-13,6.1,%,Normal,2025-03-15T11:00:00
2,1,1,9,Complete Blood Count,2025-01-17,13.3,g/dL,Normal,2025-01-17T13:00:00
3,2,1,10,Complete Blood Count,2026-01-02,13.1,g/dL,Abnormal,2026-01-04T05:00:00
4,3,1,8,Thyroid Panel,2025-01-04,2.4,mIU/L,Abnormal,2025-01-06T12:00:00
5,4,1,6,HbA1c,2026-01-26,5.5,%,Normal,2026-01-27T09:00:00
6,4,1,7,Complete Blood Count,2025-06-26,11.2,g/dL,Normal,2025-06-28T02:00:00
7,5,1,8,Thyroid Panel,2025-07-13,1.3,mIU/L,Normal,2025-07-13T17:00:00
8,6,1,10,HbA1c,2025-12-27,8.3,%,Normal,2025-12-27T16:00:00
9,6,1,4,HbA1c,2025-04-30,10.9,%,Normal,2025-05-02T19:00:00
10,7,1,6,Lipid Panel,2025-07-01,214,mg/dL,Normal,2025-07-02T01:00:00
11,8,1,2,Thyroid Panel,2025-10-01,5.2,mIU/L,Normal,2025-10-03T10:00:00
12,8,1,8,Basic Metabolic Panel,2025-11-24,99,mg/dL,Normal,2025-11-26T08:00:00
13,9,1,1,Lipid Panel,2025-06-11,128,mg/dL,Normal,2025-06-12T13:00:00
14,9,1,4,Thyroid Panel,2025-06-11,7.0,mIU/L,Normal,2025-06-12T01:00:00
15,10,1,8,Lipid Panel,2025-03-13,187,mg/dL,Abnormal,2025-03-14T03:00:00
16,11,1,10,Basic Metabolic Panel,2025-07-24,139,mg/dL,Normal,2025-07-25T11:00:00
17,11,1,3,Thyroid Panel,2026-01-22,4.1,mIU/L,Abnormal,2026-01-22T15:00:00
18,12,1,3,Basic Metabolic Panel,2025-07-17,73,mg/dL,Normal,2025-07-18T12:00:00
19,13,1,5,Thyroid Panel,2025-01-06,6.9,mIU/L,Abnormal,2025-01-08T07:00:00
20,14,1,9,HbA1c,2025-06-24,9.5,%,Normal,2025-06-24T19:00:00
21,14,1,3,Basic Metabolic Panel,2026-01-05,65,mg/dL,Abnormal,2026-01-07T20:00:00
22,15,1,3,Thyroid Panel,2025-11-17,7.3,mIU/L,Abnormal,2025-11-18T07:00:00
23,15,1,9,Thyroid Panel,2025-07-11,1.8,mIU/L,Normal,2025-07-13T12:00:00
24,15,1,9,Complete Blood Count,2025-09-08,13.4,g/dL,Normal,2025-09-08T13:00:00
25,16,1,5,Lipid Panel,2025-05-04,134,mg/dL,Normal,2025-05-06T20:00:00
26,17,1,8,Complete Blood Count,2025-09-30,16.8,g/dL,Normal,2025-10-02T13:00:00
27,18,1,9,Lipid Panel,2025-09-28,187,mg/dL,Normal,2025-09-30T19:00:00
28,18,1,4,Thyroid Panel,2025-12-20,6.1,mIU/L,Abnormal,2025-12-21T00:00:00
29,19,1,6,Basic Metabolic Panel,2025-08-20,131,mg/dL,Normal,2025-08-20T19:00:00
30,20,1,1,Thyroid Panel,2025-10-29,4.6,mIU/L,Normal,2025-10-30T02:00:00
31,21,1,1,Lipid Panel,2025-01-17,137,mg/dL,Normal,2025-01-19T19:00:00
32,21,1,9,Lipid Panel,2025-12-09,191,mg/dL,Normal,2025-12-10T19:00:00
33,22,1,10,Thyroid Panel,2025-08-31,3.9,mIU/L,Normal,2025-09-02T15:00:00
34,23,1,7,HbA1c,2025-08-28,7.3,%,Abnormal,2025-08-30T19:00:00
35,24,1,2,Complete Blood Count,2025-06-23,11.6,g/dL,Abnormal,2025-06-25T15:00:00
36,24,1,4,Lipid Panel,2025-10-02,168,mg/dL,Normal,2025-10-03T16:00:00
37,25,1,8,Lipid Panel,2025-08-15,139,mg/dL,Abnormal,2025-08-17T15:00:00
38,26,1,1,Thyroid Panel,2025-02-17,6.7,mIU/L,Abnormal,2025-02-19T23:00:00
39,26,1,4,Lipid Panel,2025-09-06,224,mg/dL,Normal,2025-09-07T18:00:00
40,27,1,1,Lipid Panel,2025-01-02,217,mg/dL,Normal,2025-01-03T12:00:00
41,28,1,8,HbA1c,2026-01-10,7.2,%,Normal,2026-01-12T14:00:00
42,28,1,8,Lipid Panel,2025-06-01,168,mg/dL,Critical,2025-06-02T01:00:00
43,29,1,9,Complete Blood Count,2025-01-30,14.7,g/dL,Normal,2025-01-30T15:00:00
44,29,1,9,Thyroid Panel,2025-09-18,1.5,mIU/L,Abnormal,2025-09-18T17:00:00
45,30,1,2,Lipid Panel,2025-03-03,223,mg/dL,Abnormal,2025-03-06T00:00:00
46,31,1,10,Complete Blood Count,2025-08-03,13.6,g/dL,Normal,2025-08-05T06:00:00
47,32,1,5,Lipid Panel,2025-05-03,200,mg/dL,Normal,2025-05-04T04:00:00
48,32,1,5,Basic Metabolic Panel,2026-01-20,105,mg/dL,Normal,2026-01-22T23:00:00
49,33,1,10,Complete Blood Count,2025-04-20,8.7,g/dL,Normal,2025-04-21T20:00:00
50,34,1,2,Lipid Panel,2025-05-26,214,mg/dL,Normal,2025-05-26T22:00:00
51,34,1,9,HbA1c,2025-12-01,8.5,%,Normal,2025-12-02T21:00:00
52,34,1,9,HbA1c,2025-02-23,10.6,%,Abnormal,2025-02-26T00:00:00
53,35,1,2,Thyroid Panel,2025-05-25,1.5,mIU/L,Normal,2025-05-27T02:00:00
54,36,1,5,Thyroid Panel,2025-01-27,4.1,mIU/L,Normal,2025-01-27T17:00:00
55,37,1,1,Complete Blood Count,2025-03-08,11.0,g/dL,Critical,2025-03-10T04:00:00
56,37,1,3,Basic Metabolic Panel,2025-12-28,135,mg/dL,Normal,2025-12-29T15:00:00
57,38,1,3,Thyroid Panel,2025-07-09,0.6,mIU/L,Normal,2025-07-11T01:00:00
58,39,1,1,HbA1c,2025-01-21,6.9,%,Normal,2025-01-23T21:00:00
59,40,1,2,HbA1c,2025-07-28,9.6,%,Abnormal,2025-07-30T03:00:00
60,40,1,4,Lipid Panel,2025-07-31,165,mg/dL,Normal,2025-07-31T13:00:00
61,41,1,7,Lipid Panel,2025-03-23,188,mg/dL,Abnormal,2025-03-25T14:00:00
62,41,1,7,Complete Blood Count,2025-04-24,15.7,g/dL,Abnormal,2025-04-25T00:00:00
63,41,1,8,HbA1c,2025-04-27,6.5,%,Normal,2025-04-28T02:00:00
64,42,1,6,HbA1c,2026-01-31,10.1,%,Normal,2026-02-01T05:00:00
65,43,1,9,HbA1c,2025-03-01,10.6,%,Critical,2025-03-03T20:00:00
66,43,1,3,Thyroid Panel,2025-05-16,7.7,mIU/L,Normal,2025-05-16T14:00:00
67,44,1,6,Basic Metabolic Panel,2025-03-01,130,mg/dL,Abnormal,2025-03-02T12:00:00
68,45,1,1,Basic Metabolic Panel,2025-09-24,65,mg/dL,Abnormal,2025-09-26T23:00:00
69,46,1,4,HbA1c,2025-12-07,7.3,%,Normal,2025-12-09T22:00:00
70,46,1,6,Complete Blood Count,2025-06-03,14.5,g/dL,Normal,2025-06-04T20:00:00
71,47,1,7,HbA1c,2025-04-09,8.1,%,Normal,2025-04-10T14:00:00
72,48,1,3,Thyroid Panel,2025-07-27,4.7,mIU/L,Abnormal,2025-07-28T23:00:00
73,49,1,4,Basic Metabolic Panel,2025-11-07,139,mg/dL,Normal,2025-11-09T05:00:00
74,50,1,4,Thyroid Panel,2026-01-12,3.9,mIU/L,Normal,2026-01-12T22:00:00
75,51,1,10,HbA1c,2026-01-20,5.1,%,Normal,2026-01-21T03:00:00
76,52,1,4,Lipid Panel,2025-01-24,126,mg/dL,Critical,2025-01-25T03:00:00
77,53,1,2,Basic Metabolic Panel,2025-11-19,118,mg/dL,Normal,2025-11-21T00:00:00
78,53,1,7,Basic Metabolic Panel,2025-05-05,116,mg/dL,Normal,2025-05-05T21:00:00
79,54,1,2,Basic Metabolic Panel,2025-04-01,93,mg/dL,Critical,2025-04-03T15:00:00
80,55,1,1,Thyroid Panel,2025-03-04,2.2,mIU/L,Normal,2025-03-05T17:00:00
81,55,1,8,Thyroid Panel,2025-11-01,7.9,mIU/L,Critical,2025-11-02T08:00:00
82,56,1,10,Thyroid Panel,2025-10-08,3.6,mIU/L,Abnormal,2025-10-09T16:00:00
83,56,1,8,Basic Metabolic Panel,2026-01-20,98,mg/dL,Abnormal,2026-01-21T03:00:00
84,56,1,5,Thyroid Panel,2025-05-03,4.0,mIU/L,Normal,2025-05-04T05:00:00
85,57,1,4,HbA1c,2025-10-04,6.7,%,Normal,2025-10-04T17:00:00
86,57,1,4,Basic Metabolic Panel,2025-12-28,84,mg/dL,Normal,2025-12-29T01:00:00
87,58,1,9,Basic Metabolic Panel,2025-02-01,118,mg/dL,Abnormal,2025-02-02T01:00:00
88,59,1,10,Complete Blood Count,2026-01-27,15.7,g/dL,Normal,2026-01-29T00:00:00
89,60,1,6,HbA1c,2025-08-03,9.4,%,Abnormal,2025-08-04T22:00:00
90,61,1,10,Lipid Panel,2025-04-23,244,mg/dL,Normal,2025-04-24T05:00:00
91,61,1,1,Basic Metabolic Panel,2025-12-09,108,mg/dL,Abnormal,2025-12-11T07:00:00
92,62,1,8,Lipid Panel,2025-10-01,279,mg/dL,Abnormal,2025-10-01T13:00:00
93,62,1,10,Thyroid Panel,2025-02-12,5.4,mIU/L,Normal,2025-02-14T05:00:00
94,63,1,3,Complete Blood Count,2025-06-17,10.3,g/dL,Normal,2025-06-18T01:00:00
95,63,1,6,Basic Metabolic Panel,2026-01-21,100,mg/dL,Abnormal,2026-01-24T00:00:00
96,63,1,5,Complete Blood Count,2026-01-19,12.2,g/dL,Normal,2026-01-20T22:00:00
97,64,1,4,Complete Blood Count,2025-11-30,15.0,g/dL,Abnormal,2025-11-30T14:00:00
98,64,1,4,Lipid Panel,2025-11-15,125,mg/dL,Normal,2025-11-15T21:00:00
99,64,1,8,Complete Blood Count,2025-04-22,13.1,g/dL,Normal,2025-04-23T17:00:00
100,65,1,3,Thyroid Panel,2026-01-18,5.0,mIU/L,Normal,2026-01-20T09:00:00
101,65,1,3,HbA1c,2025-01-14,5.2,%,Normal,2025-01-16T23:00:00
102,66,1,7,Basic Metabolic Panel,2025-02-08,90,mg/dL,Normal,2025-02-10T01:00:00
103,66,1,4,Complete Blood Count,2025-06-04,14.3,g/dL,Normal,2025-06-06T18:00:00
104,67,1,10,Complete Blood Count,2025-08-08,11.1,g/dL,Normal,2025-08-10T06:00:00
105,67,1,9,HbA1c,2025-08-04,4.6,%,Normal,2025-08-06T16:00:00
106,68,1,6,Basic Metabolic Panel,2025-08-11,84,mg/dL,Abnormal,2025-08-11T23:00:00
107,69,1,5,Thyroid Panel,2025-10-03,6.5,mIU/L,Normal,2025-10-05T13:00:00
108,69,1,7,Thyroid Panel,2025-05-06,2.4,mIU/L,Critical,2025-05-08T17:00:00
109,69,1,5,Basic Metabolic Panel,2026-01-20,96,mg/dL,Normal,2026-01-21T17:00:00
110,70,1,6,Complete Blood Count,2025-06-16,12.4,g/dL,Normal,2025-06-16T23:00:00
111,70,1,6,HbA1c,2025-11-02,6.7,%,Abnormal,2025-11-04T08:00:00
112,71,1,9,Lipid Panel,2025-05-04,141,mg/dL,Normal,2025-05-06T10:00:00
113,71,1,9,Lipid Panel,2025-11-27,241,mg/dL,Normal,2025-11-29T09:00:00
114,72,1,2,HbA1c,2025-12-21,5.9,%,Normal,2025-12-22T03:00:00
115,72,1,10,HbA1c,2025-09-29,7.6,%,Normal,2025-09-30T10:00:00
116,73,1,6,HbA1c,2025-05-19,9.1,%,Normal,2025-05-20T07:00:00
117,73,1,2,Lipid Panel,2025-03-03,200,mg/dL,Normal,2025-03-05T11:00:00
118,74,1,3,Lipid Panel,2026-01-14,175,mg/dL,Normal,2026-01-15T18:00:00
119,74,1,10,Thyroid Panel,2025-02-21,4.9,mIU/L,Normal,2025-02-23T17:00:00
120,75,1,3,HbA1c,2025-10-01,4.6,%,Normal,2025-10-01T20:00:00
121,76,1,9,HbA1c,2025-03-06,9.0,%,Abnormal,2025-03-08T04:00:00
122,76,1,8,Complete Blood Count,2025-10-21,15.9,g/dL,Normal,2025-10-22T06:00:00
123,76,1,8,HbA1c,2025-01-27,5.7,%,Critical,2025-01-28T04:00:00
124,77,1,2,Basic Metabolic Panel,2025-02-07,127,mg/dL,Normal,2025-02-09T00:00:00
125,78,1,3,Thyroid Panel,2025-02-13,7.6,mIU/L,Normal,2025-02-14T03:00:00
126,79,1,10,Thyroid Panel,2025-04-26,6.4,mIU/L,Normal,2025-04-28T13:00:00
127,79,1,8,Basic Metabolic Panel,2025-10-29,103,mg/dL,Normal,2025-10-30T15:00:00
128,80,1,10,Complete Blood Count,2025-04-17,16.5,g/dL,Normal,2025-04-19T04:00:00
129,80,1,2,Lipid Panel,2025-03-30,181,mg/dL,Normal,2025-03-31T23:00:00
130,81,1,8,Thyroid Panel,2025-01-17,3.9,mIU/L,Normal,2025-01-18T02:00:00
131,82,1,8,Complete Blood Count,2025-05-16,14.2,g/dL,Abnormal,2025-05-18T14:00:00
132,83,1,4,Basic Metabolic Panel,2025-10-06,79,mg/dL,Normal,2025-10-07T02:00:00
133,83,1,5,Lipid Panel,2025-01-31,138,mg/dL,Abnormal,2025-01-31T22:00:00
134,84,1,10,HbA1c,2025-08-28,7.4,%,Normal,2025-08-30T08:00:00
135,84,1,7,HbA1c,2025-09-10,7.8,%,Normal,2025-09-11T16:00:00
136,85,1,7,HbA1c,2025-01-14,8.4,%,Normal,2025-01-14T17:00:00
137,86,1,10,Thyroid Panel,2026-01-27,7.6,mIU/L,Abnormal,2026-01-29T07:00:00
138,86,1,10,Complete Blood Count,2025-03-31,14.9,g/dL,Normal,2025-04-01T18:00:00
139,87,1,5,Lipid Panel,2025-08-12,269,mg/dL,Abnormal,2025-08-14T04:00:00
140,88,1,8,HbA1c,2025-06-14,7.2,%,Normal,2025-06-16T06:00:00
141,88,1,3,HbA1c,2025-09-11,7.2,%,Normal,2025-09-12T06:00:00
142,88,1,7,Thyroid Panel,2025-02-15,0.6,mIU/L,Normal,2025-02-16T08:00:00
143,89,1,7,Thyroid Panel,2025-01-01,6.7,mIU/L,Abnormal,2025-01-03T06:00:00
144,90,1,1,Lipid Panel,2025-07-05,252,mg/dL,Abnormal,2025-07-07T03:00:00
145,91,1,1,Lipid Panel,2025-10-09,188,mg/dL,Critical,2025-10-09T20:00:00
146,91,1,8,Basic Metabolic Panel,2025-01-15,80,mg/dL,Normal,2025-01-17T04:00:00
147,92,1,3,HbA1c,2025-10-10,8.1,%,Normal,2025-10-11T14:00:00
148,93,1,2,Basic Metabolic Panel,2025-11-28,80,mg/dL,Normal,2025-11-30T17:00:00
149,93,1,5,Thyroid Panel,2025-08-01,5.7,mIU/L,Normal,2025-08-03T17:00:00
150,93,1,8,Lipid Panel,2025-10-10,236,mg/dL,Normal,2025-10-10T21:00:00
151,94,1,9,Lipid Panel,2025-05-22,137,mg/dL,Abnormal,2025-05-24T13:00:00
152,94,1,7,HbA1c,2025-09-17,10.6,%,Abnormal,2025-09-18T05:00:00
153,94,1,5,HbA1c,2025-10-24,9.9,%,Normal,2025-10-26T06:00:00
154,95,1,9,Basic Metabolic Panel,2025-06-20,109,mg/dL,Abnormal,2025-06-21T23:00:00
155,96,1,6,Lipid Panel,2025-10-20,181,mg/dL,Normal,2025-10-21T12:00:00
156,97,1,1,HbA1c,2025-12-28,9.3,%,Abnormal,2025-12-30T22:00:00
157,97,1,7,Lipid Panel,2025-01-19,246,mg/dL,Normal,2025-01-19T20:00:00
158,98,1,2,Basic Metabolic Panel,2025-09-27,77,mg/dL,Normal,2025-09-29T22:00:00
159,98,1,3,Basic Metabolic Panel,2025-02-08,84,mg/dL,Abnormal,2025-02-09T18:00:00
160,99,1,10,Basic Metabolic Panel,2025-06-18,75,mg/dL,Normal,2025-06-20T18:00:00
161,100,1,6,Basic Metabolic Panel,2025-01-19,134,mg/dL,Normal,2025-01-21T03:00:00
162,100,1,5,Lipid Panel,2025-08-11,143,mg/dL,Abnormal,2025-08-11T18:00:00
163,101,2,12,Basic Metabolic Panel,2025-12-22,86,mg/dL,Abnormal,2025-12-23T07:00:00
164,101,2,11,HbA1c,2025-05-31,9.7,%,Normal,2025-06-01T10:00:00
165,102,2,19,Basic Metabolic Panel,2025-12-16,137,mg/dL,Normal,2025-12-18T14:00:00
166,103,2,20,Basic Metabolic Panel,2025-09-12,95,mg/dL,Normal,2025-09-14T22:00:00
167,104,2,15,Basic Metabolic Panel,2025-12-08,97,mg/dL,Abnormal,2025-12-08T12:00:00
168,105,2,15,Thyroid Panel,2025-08-15,1.5,mIU/L,Normal,2025-08-18T00:00:00
169,106,2,17,HbA1c,2025-06-04,7.5,%,Critical,2025-06-05T00:00:00
170,106,2,18,Complete Blood Count,2025-10-20,10.1,g/dL,Normal,2025-10-21T10:00:00
171,107,2,15,Complete Blood Count,2025-12-04,16.8,g/dL,Normal,2025-12-05T13:00:00
172,107,2,20,Complete Blood Count,2026-01-17,16.2,g/dL,Abnormal,2026-01-18T19:00:00
173,107,2,15,Lipid Panel,2025-06-30,275,mg/dL,Normal,2025-07-01T02:00:00
174,108,2,13,Complete Blood Count,2025-11-27,16.1,g/dL,Normal,2025-11-27T14:00:00
175,108,2,18,Complete Blood Count,2026-01-10,13.2,g/dL,Normal,2026-01-10T20:00:00
176,109,2,17,Lipid Panel,2025-03-09,171,mg/dL,Normal,2025-03-11T14:00:00
177,110,2,19,Thyroid Panel,2025-03-26,7.3,mIU/L,Abnormal,2025-03-27T04:00:00
178,110,2,18,HbA1c,2025-06-23,9.4,%,Normal,2025-06-25T15:00:00
179,110,2,12,Lipid Panel,2025-12-13,177,mg/dL,Normal,2025-12-15T10:00:00
180,111,2,19,HbA1c,2025-07-22,5.1,%,Normal,2025-07-22T12:00:00
181,112,2,16,HbA1c,2025-11-23,8.3,%,Normal,2025-11-26T00:00:00
182,113,2,18,Complete Blood Count,2025-10-15,13.6,g/dL,Abnormal,2025-10-16T08:00:00
183,113,2,14,Complete Blood Count,2025-08-26,13.7,g/dL,Abnormal,2025-08-28T22:00:00
184,114,2,12,Lipid Panel,2025-01-20,131,mg/dL,Critical,2025-01-21T07:00:00
185,114,2,12,Complete Blood Count,2025-10-03,10.1,g/dL,Normal,2025-10-03T20:00:00
186,115,2,19,Basic Metabolic Panel,2026-01-16,140,mg/dL,Normal,2026-01-18T10:00:00
187,116,2,12,Basic Metabolic Panel,2025-05-24,117,mg/dL,Normal,2025-05-24T14:00:00
188,117,2,18,Lipid Panel,2025-02-20,212,mg/dL,Normal,2025-02-22T07:00:00
189,118,2,16,Complete Blood Count,2025-04-08,11.6,g/dL,Critical,2025-04-08T19:00:00
190,118,2,18,Complete Blood Count,2025-11-25,14.0,g/dL,Normal,2025-11-27T04:00:00
191,118,2,11,Complete Blood Count,2025-05-05,15.1,g/dL,Abnormal,2025-05-05T20:00:00
192,119,2,19,Lipid Panel,2025-04-21,270,mg/dL,Abnormal,2025-04-23T16:00:00
193,120,2,13,Thyroid Panel,2025-03-16,0.3,mIU/L,Normal,2025-03-16T20:00:00
194,121,2,12,Complete Blood Count,2025-07-03,9.2,g/dL,Abnormal,2025-07-05T14:00:00
195,121,2,20,HbA1c,2025-05-16,4.6,%,Normal,2025-05-16T15:00:00
196,122,2,12,Complete Blood Count,2025-07-05,12.3,g/dL,Normal,2025-07-06T20:00:00
197,123,2,14,Thyroid Panel,2025-12-04,0.6,mIU/L,Normal,2025-12-05T21:00:00
198,124,2,11,Complete Blood Count,2025-07-25,17.0,g/dL,Normal,2025-07-26T15:00:00
199,124,2,18,Basic Metabolic Panel,2025-02-11,74,mg/dL,Normal,2025-02-12T08:00:00
200,125,2,15,Thyroid Panel,2025-10-08,5.2,mIU/L,Normal,2025-10-10T09:00:00
201,126,2,19,HbA1c,2025-11-06,7.4,%,Normal,2025-11-07T15:00:00
202,126,2,12,Thyroid Panel,2025-04-21,5.9,mIU/L,Normal,2025-04-22T15:00:00
203,126,2,14,Basic Metabolic Panel,2025-08-21,108,mg/dL,Normal,2025-08-22T13:00:00
204,127,2,17,HbA1c,2025-07-11,8.8,%,Normal,2025-07-11T21:00:00
205,128,2,12,Complete Blood Count,2025-02-19,8.8,g/dL,Abnormal,2025-02-21T11:00:00
206,129,2,19,Complete Blood Count,2025-10-15,13.3,g/dL,Normal,2025-10-16T23:00:00
207,129,2,12,Basic Metabolic Panel,2025-12-07,110,mg/dL,Abnormal,2025-12-10T00:00:00
208,130,2,11,HbA1c,2025-06-30,8.4,%,Normal,2025-06-30T18:00:00
209,130,2,14,Lipid Panel,2025-04-25,243,mg/dL,Normal,2025-04-27T18:00:00
210,130,2,19,HbA1c,2025-05-23,5.2,%,Normal,2025-05-25T00:00:00
211,131,2,19,Thyroid Panel,2025-11-26,5.0,mIU/L,Normal,2025-11-27T23:00:00
212,132,2,15,Complete Blood Count,2025-12-26,9.6,g/dL,Normal,2025-12-28T12:00:00
213,132,2,16,HbA1c,2025-03-15,4.5,%,Normal,2025-03-17T00:00:00
214,132,2,12,Lipid Panel,2025-02-16,127,mg/dL,Normal,2025-02-18T11:00:00
215,133,2,18,HbA1c,2025-06-09,5.5,%,Normal,2025-06-11T10:00:00
216,134,2,20,Complete Blood Count,2025-03-21,16.0,g/dL,Abnormal,2025-03-21T22:00:00
217,134,2,11,Complete Blood Count,2025-12-05,10.4,g/dL,Normal,2025-12-06T15:00:00
218,134,2,18,Basic Metabolic Panel,2025-04-21,99,mg/dL,Normal,2025-04-23T12:00:00
219,135,2,12,HbA1c,2025-10-31,8.9,%,Normal,2025-11-01T19:00:00
220,136,2,14,Basic Metabolic Panel,2025-01-04,72,mg/dL,Normal,2025-01-05T01:00:00
221,137,2,13,HbA1c,2025-03-03,6.4,%,Normal,2025-03-03T12:00:00
222,138,2,13,Basic Metabolic Panel,2025-12-27,133,mg/dL,Normal,2025-12-28T02:00:00
223,139,2,16,Complete Blood Count,2026-01-15,11.6,g/dL,Normal,2026-01-15T14:00:00
224,139,2,18,Complete Blood Count,2025-10-22,15.8,g/dL,Normal,2025-10-23T15:00:00
225,140,2,17,HbA1c,2025-01-11,5.2,%,Normal,2025-01-12T08:00:00
226,140,2,20,Basic Metabolic Panel,2025-02-15,111,mg/dL,Abnormal,2025-02-16T15:00:00
227,141,2,20,Basic Metabolic Panel,2025-02-10,132,mg/dL,Abnormal,2025-02-11T13:00:00
228,142,2,14,HbA1c,2025-02-09,9.6,%,Normal,2025-02-10T20:00:00
229,142,2,19,Thyroid Panel,2025-06-28,1.8,mIU/L,Abnormal,2025-06-29T10:00:00
230,143,2,13,Lipid Panel,2025-03-16,146,mg/dL,Normal,2025-03-17T04:00:00
231,143,2,20,Lipid Panel,2025-04-01,139,mg/dL,Abnormal,2025-04-04T00:00:00
232,144,2,20,Thyroid Panel,2025-10-17,3.8,mIU/L,Normal,2025-10-19T05:00:00
233,145,2,16,Lipid Panel,2025-02-04,232,mg/dL,Normal,2025-02-05T18:00:00
234,145,2,15,HbA1c,2025-06-30,8.3,%,Normal,2025-07-01T20:00:00
235,146,2,11,Complete Blood Count,2025-05-27,11.3,g/dL,Normal,2025-05-27T16:00:00
236,147,2,12,Thyroid Panel,2025-07-16,4.9,mIU/L,Normal,2025-07-17T17:00:00
237,147,2,11,Basic Metabolic Panel,2025-11-30,138,mg/dL,Normal,2025-12-01T00:00:00
238,147,2,18,Thyroid Panel,2025-02-01,1.5,mIU/L,Normal,2025-02-02T16:00:00
239,148,2,16,Complete Blood Count,2025-03-30,12.5,g/dL,Normal,2025-03-30T14:00:00
240,148,2,18,Basic Metabolic Panel,2025-09-25,132,mg/dL,Normal,2025-09-27T03:00:00
241,148,2,16,HbA1c,2026-02-01,7.0,%,Normal,2026-02-02T09:00:00
242,149,2,16,Complete Blood Count,2025-10-13,11.0,g/dL,Normal,2025-10-15T07:00:00
243,150,2,20,Lipid Panel,2025-02-11,205,mg/dL,Normal,2025-02-13T01:00:00
244,151,2,15,Basic Metabolic Panel,2025-11-01,81,mg/dL,Critical,2025-11-03T09:00:00
245,151,2,15,Thyroid Panel,2025-06-18,3.2,mIU/L,Normal,2025-06-20T16:00:00
246,151,2,19,Complete Blood Count,2025-08-05,13.8,g/dL,Normal,2025-08-06T20:00:00
247,152,2,13,Lipid Panel,2026-01-28,207,mg/dL,Normal,2026-01-29T19:00:00
248,153,2,13,Complete Blood Count,2025-02-21,10.7,g/dL,Abnormal,2025-02-22T20:00:00
249,153,2,19,Complete Blood Count,2026-01-28,14.0,g/dL,Normal,2026-01-30T03:00:00
250,153,2,17,Lipid Panel,2025-04-03,161,mg/dL,Normal,2025-04-05T17:00:00
251,154,2,13,Basic Metabolic Panel,2025-07-30,70,mg/dL,Normal,2025-07-31T11:00:00
252,154,2,14,Basic Metabolic Panel,2026-01-21,101,mg/dL,Abnormal,2026-01-23T11:00:00
253,155,2,14,HbA1c,2025-08-29,10.8,%,Abnormal,2025-08-31T21:00:00
254,156,2,20,Basic Metabolic Panel,2026-01-29,124,mg/dL,Abnormal,2026-01-30T06:00:00
255,157,2,17,Lipid Panel,2025-11-06,171,mg/dL,Abnormal,2025-11-06T20:00:00
256,157,2,11,Basic Metabolic Panel,2025-10-11,112,mg/dL,Normal,2025-10-13T23:00:00
257,158,2,12,HbA1c,2025-03-24,5.0,%,Normal,2025-03-25T05:00:00
258,158,2,19,Lipid Panel,2025-02-16,231,mg/dL,Abnormal,2025-02-19T00:00:00
259,159,2,16,Complete Blood Count,2025-07-22,11.7,g/dL,Normal,2025-07-23T20:00:00
260,159,2,17,Complete Blood Count,2025-01-15,11.4,g/dL,Critical,2025-01-16T08:00:00
261,160,2,16,Lipid Panel,2025-01-20,155,mg/dL,Abnormal,2025-01-21T06:00:00
262,160,2,18,Lipid Panel,2025-08-18,240,mg/dL,Normal,2025-08-20T03:00:00
263,161,2,15,Lipid Panel,2025-10-08,158,mg/dL,Abnormal,2025-10-11T00:00:00
264,162,2,12,HbA1c,2025-03-04,6.0,%,Normal,2025-03-04T15:00:00
265,162,2,20,Basic Metabolic Panel,2025-02-26,73,mg/dL,Abnormal,2025-02-28T17:00:00
266,163,2,11,Thyroid Panel,2026-01-03,4.7,mIU/L,Normal,2026-01-03T21:00:00
267,163,2,11,Thyroid Panel,2025-10-20,3.0,mIU/L,Normal,2025-10-21T14:00:00
268,164,2,19,HbA1c,2025-09-27,4.9,%,Normal,2025-09-28T22:00:00
269,164,2,19,Thyroid Panel,2025-08-29,0.5,mIU/L,Normal,2025-08-29T14:00:00
270,165,2,15,Complete Blood Count,2025-02-04,11.2,g/dL,Normal,2025-02-05T10:00:00
271,165,2,12,Thyroid Panel,2025-06-20,6.0,mIU/L,Normal,2025-06-20T20:00:00
272,165,2,19,HbA1c,2025-03-31,9.8,%,Abnormal,2025-04-02T17:00:00
273,166,2,18,Lipid Panel,2025-02-02,154,mg/dL,Abnormal,2025-02-04T09:00:00
274,167,2,15,Lipid Panel,2025-04-13,131,mg/dL,Normal,2025-04-15T20:00:00
275,168,2,19,Basic Metabolic Panel,2025-08-31,134,mg/dL,Normal,2025-09-01T04:00:00
276,168,2,14,HbA1c,2025-01-25,6.8,%,Normal,2025-01-27T19:00:00
277,168,2,15,Complete Blood Count,2025-08-12,15.2,g/dL,Normal,2025-08-14T20:00:00
278,169,2,17,HbA1c,2025-09-12,10.8,%,Normal,2025-09-14T08:00:00
279,170,2,19,HbA1c,2026-01-08,9.7,%,Normal,2026-01-09T15:00:00
280,170,2,20,Lipid Panel,2025-05-31,259,mg/dL,Normal,2025-06-01T08:00:00
281,170,2,16,HbA1c,2025-11-05,6.5,%,Normal,2025-11-07T09:00:00
282,171,2,16,Basic Metabolic Panel,2026-01-08,70,mg/dL,Abnormal,2026-01-10T19:00:00
283,171,2,20,Basic Metabolic Panel,2025-11-24,100,mg/dL,Critical,2025-11-26T14:00:00
284,172,2,17,HbA1c,2026-01-19,7.8,%,Normal,2026-01-21T07:00:00
285,173,2,20,Basic Metabolic Panel,2025-03-06,69,mg/dL,Normal,2025-03-06T16:00:00
286,174,2,16,Basic Metabolic Panel,2025-01-17,137,mg/dL,Normal,2025-01-19T02:00:00
287,174,2,18,HbA1c,2026-01-26,6.9,%,Normal,2026-01-26T16:00:00
288,175,2,17,HbA1c,2025-05-08,8.7,%,Normal,2025-05-08T19:00:00
289,175,2,13,Basic Metabolic Panel,2025-07-18,131,mg/dL,Normal,2025-07-20T22:00:00
290,176,2,15,Basic Metabolic Panel,2025-11-10,92,mg/dL,Normal,2025-11-11T06:00:00
291,177,2,14,Complete Blood Count,2025-02-07,9.2,g/dL,Normal,2025-02-08T16:00:00
292,177,2,18,Complete Blood Count,2025-06-13,15.3,g/dL,Normal,2025-06-15T06:00:00
293,177,2,12,Thyroid Panel,2025-06-03,4.5,mIU/L,Normal,2025-06-05T18:00:00
294,178,2,13,HbA1c,2025-03-04,7.8,%,Abnormal,2025-03-05T00:00:00
295,178,2,14,Basic Metabolic Panel,2025-07-04,68,mg/dL,Normal,2025-07-05T23:00:00
296,179,2,19,Lipid Panel,2025-02-14,276,mg/dL,Normal,2025-02-14T16:00:00
297,180,2,18,Thyroid Panel,2025-07-29,3.5,mIU/L,Normal,2025-07-31T16:00:00
298,180,2,13,HbA1c,2025-08-19,8.7,%,Normal,2025-08-20T17:00:00
299,180,2,16,Lipid Panel,2025-11-24,261,mg/dL,Normal,2025-11-26T01:00:00
300,181,2,17,Thyroid Panel,2025-01-29,7.3,mIU/L,Normal,2025-01-31T17:00:00
301,181,2,13,HbA1c,2025-06-15,5.6,%,Abnormal,2025-06-17T23:00:00
302,181,2,16,Thyroid Panel,2025-02-10,7.2,mIU/L,Normal,2025-02-11T04:00:00
303,182,2,15,Lipid Panel,2025-06-05,280,mg/dL,Normal,2025-06-07T03:00:00
304,182,2,19,Lipid Panel,2025-10-25,271,mg/dL,Normal,2025-10-25T21:00:00
305,182,2,20,Thyroid Panel,2025-10-16,2.9,mIU/L,Abnormal,2025-10-16T14:00:00
306,183,2,11,Thyroid Panel,2025-04-18,2.3,mIU/L,Normal,2025-04-20T13:00:00
307,184,2,11,Basic Metabolic Panel,2025-05-29,134,mg/dL,Critical,2025-05-31T05:00:00
308,184,2,18,Lipid Panel,2025-06-02,223,mg/dL,Normal,2025-06-03T17:00:00
309,185,2,18,Basic Metabolic Panel,2025-08-26,126,mg/dL,Normal,2025-08-27T01:00:00
310,186,2,16,HbA1c,2025-03-08,10.8,%,Normal,2025-03-10T12:00:00
311,187,2,16,Lipid Panel,2025-03-04,239,mg/dL,Normal,2025-03-05T05:00:00
312,187,2,13,Complete Blood Count,2025-07-16,8.5,g/dL,Normal,2025-07-18T19:00:00
313,188,2,13,HbA1c,2026-01-05,10.6,%,Normal,2026-01-06T08:00:00
314,189,2,19,Basic Metabolic Panel,2025-06-07,128,mg/dL,Normal,2025-06-08T19:00:00
315,190,2,19,Basic Metabolic Panel,2025-04-21,95,mg/dL,Normal,2025-04-23T01:00:00
316,190,2,11,HbA1c,2025-12-01,7.7,%,Normal,2025-12-03T07:00:00
317,190,2,19,Complete Blood Count,2025-08-09,15.6,g/dL,Abnormal,2025-08-09T20:00:00
318,191,2,17,HbA1c,2025-01-27,4.8,%,Normal,2025-01-29T00:00:00
319,191,2,16,Thyroid Panel,2025-07-17,2.5,mIU/L,Normal,2025-07-18T20:00:00
320,192,2,20,Thyroid Panel,2025-02-19,1.2,mIU/L,Normal,2025-02-20T13:00:00
321,192,2,16,Thyroid Panel,2026-01-22,7.5,mIU/L,Normal,2026-01-22T21:00:00
322,193,2,19,Complete Blood Count,2025-03-12,8.4,g/dL,Normal,2025-03-14T09:00:00
323,193,2,18,Thyroid Panel,2025-11-07,3.8,mIU/L,Normal,2025-11-09T21:00:00
324,194,2,20,HbA1c,2025-11-12,5.6,%,Abnormal,2025-11-14T11:00:00
325,195,2,19,Thyroid Panel,2025-12-29,4.4,mIU/L,Normal,2025-12-31T00:00:00
326,195,2,11,HbA1c,2025-02-26,6.7,%,Normal,2025-02-27T14:00:00
327,196,2,11,Thyroid Panel,2025-12-02,4.0,mIU/L,Critical,2025-12-04T14:00:00
328,196,2,20,Thyroid Panel,2025-01-27,2.1,mIU/L,Normal,2025-01-29T01:00:00
329,197,2,20,Basic Metabolic Panel,2025-12-15,83,mg/dL,Normal,2025-12-16T03:00:00
330,197,2,12,Lipid Panel,2025-08-14,124,mg/dL,Normal,2025-08-15T08:00:00
331,198,2,14,Basic Metabolic Panel,2026-02-01,129,mg/dL,Critical,2026-02-03T03:00:00
332,199,2,11,Lipid Panel,2025-04-17,252,mg/dL,Normal,2025-04-18T23:00:00
333,199,2,18,Thyroid Panel,2025-03-30,3.2,mIU/L,Abnormal,2025-03-31T17:00:00
334,199,2,16,Thyroid Panel,2026-01-31,3.0,mIU/L,Abnormal,2026-02-02T19:00:00
335,200,2,15,Thyroid Panel,2025-05-07,4.0,mIU/L,Normal,2025-05-08T05:00:00
336,200,2,14,HbA1c,2025-12-27,9.5,%,Normal,2025-12-28T01:00:00
337,201,3,28,HbA1c,2026-01-05,8.1,%,Normal,2026-01-06T05:00:00
338,202,3,29,Basic Metabolic Panel,2025-06-26,115,mg/dL,Abnormal,2025-06-28T13:00:00
339,202,3,25,Complete Blood Count,2026-01-01,10.6,g/dL,Normal,2026-01-01T17:00:00
340,203,3,25,Basic Metabolic Panel,2025-04-14,92,mg/dL,Normal,2025-04-16T16:00:00
341,204,3,25,Lipid Panel,2025-11-12,147,mg/dL,Normal,2025-11-14T11:00:00
342,204,3,24,Complete Blood Count,2025-09-29,14.0,g/dL,Normal,2025-09-30T02:00:00
343,204,3,21,Complete Blood Count,2026-01-03,11.7,g/dL,Normal,2026-01-04T18:00:00
344,205,3,21,Thyroid Panel,2025-03-22,7.8,mIU/L,Normal,2025-03-23T14:00:00
345,205,3,28,Basic Metabolic Panel,2026-01-23,90,mg/dL,Normal,2026-01-24T06:00:00
346,206,3,22,Thyroid Panel,2026-01-14,2.1,mIU/L,Abnormal,2026-01-16T10:00:00
347,206,3,21,Lipid Panel,2025-04-01,226,mg/dL,Abnormal,2025-04-03T23:00:00
348,207,3,27,Basic Metabolic Panel,2026-01-19,88,mg/dL,Critical,2026-01-21T19:00:00
349,207,3,21,Complete Blood Count,2025-11-05,10.7,g/dL,Critical,2025-11-05T18:00:00
350,207,3,26,HbA1c,2025-11-25,7.5,%,Normal,2025-11-26T22:00:00
351,208,3,23,Thyroid Panel,2025-04-09,3.9,mIU/L,Normal,2025-04-11T15:00:00
352,208,3,23,Basic Metabolic Panel,2026-01-03,97,mg/dL,Normal,2026-01-03T23:00:00
353,208,3,26,HbA1c,2026-01-23,8.2,%,Normal,2026-01-24T00:00:00
354,209,3,27,Basic Metabolic Panel,2025-06-17,130,mg/dL,Normal,2025-06-17T17:00:00
355,209,3,22,Lipid Panel,2025-09-02,155,mg/dL,Critical,2025-09-03T08:00:00
356,209,3,21,HbA1c,2025-08-17,7.0,%,Normal,2025-08-19T12:00:00
357,210,3,30,Thyroid Panel,2025-12-01,0.4,mIU/L,Normal,2025-12-02T11:00:00
358,211,3,22,Basic Metabolic Panel,2025-03-23,104,mg/dL,Normal,2025-03-24T13:00:00
359,212,3,25,Complete Blood Count,2025-06-01,13.7,g/dL,Normal,2025-06-02T11:00:00
360,212,3,24,Lipid Panel,2025-03-20,242,mg/dL,Abnormal,2025-03-21T17:00:00
361,212,3,30,HbA1c,2025-10-09,7.2,%,Normal,2025-10-11T22:00:00
362,213,3,24,Lipid Panel,2025-02-11,272,mg/dL,Normal,2025-02-12T21:00:00
363,213,3,26,Complete Blood Count,2025-02-27,16.3,g/dL,Abnormal,2025-02-27T15:00:00
364,214,3,24,Thyroid Panel,2025-03-26,4.4,mIU/L,Abnormal,2025-03-27T08:00:00
365,214,3,28,Complete Blood Count,2026-01-03,14.1,g/dL,Normal,2026-01-05T01:00:00
366,214,3,29,Basic Metabolic Panel,2025-08-21,72,mg/dL,Normal,2025-08-21T20:00:00
367,215,3,21,Thyroid Panel,2025-06-07,3.9,mIU/L,Normal,2025-06-09T10:00:00
368,216,3,21,Lipid Panel,2025-02-07,268,mg/dL,Normal,2025-02-07T14:00:00
369,217,3,29,Complete Blood Count,2025-02-05,16.4,g/dL,Normal,2025-02-07T23:00:00
370,217,3,25,Basic Metabolic Panel,2026-01-29,88,mg/dL,Abnormal,2026-01-29T20:00:00
371,218,3,27,HbA1c,2025-07-15,11.0,%,Abnormal,2025-07-16T16:00:00
372,218,3,27,Basic Metabolic Panel,2025-12-16,75,mg/dL,Abnormal,2025-12-18T06:00:00
373,218,3,23,HbA1c,2025-10-03,5.3,%,Normal,2025-10-04T13:00:00
374,219,3,24,Complete Blood Count,2025-06-02,14.8,g/dL,Normal,2025-06-03T17:00:00
375,219,3,29,Basic Metabolic Panel,2025-07-14,133,mg/dL,Normal,2025-07-16T16:00:00
376,220,3,23,HbA1c,2026-01-07,5.7,%,Normal,2026-01-09T12:00:00
377,221,3,27,Thyroid Panel,2025-01-09,6.2,mIU/L,Normal,2025-01-10T03:00:00
378,221,3,22,Thyroid Panel,2025-11-03,0.6,mIU/L,Abnormal,2025-11-05T07:00:00
379,222,3,21,Basic Metabolic Panel,2025-04-30,121,mg/dL,Normal,2025-05-01T22:00:00
380,223,3,21,Lipid Panel,2025-05-29,248,mg/dL,Abnormal,2025-05-30T02:00:00
381,223,3,30,HbA1c,2026-01-31,8.3,%,Abnormal,2026-02-02T07:00:00
382,223,3,24,HbA1c,2025-12-05,10.2,%,Normal,2025-12-06T21:00:00
383,224,3,21,Thyroid Panel,2026-01-12,7.6,mIU/L,Normal,2026-01-14T22:00:00
384,225,3,29,Basic Metabolic Panel,2025-06-26,71,mg/dL,Normal,2025-06-29T00:00:00
385,225,3,27,Thyroid Panel,2025-08-02,2.8,mIU/L,Normal,2025-08-03T14:00:00
386,226,3,29,Basic Metabolic Panel,2025-04-26,95,mg/dL,Abnormal,2025-04-27T07:00:00
387,227,3,28,Complete Blood Count,2025-08-02,13.1,g/dL,Normal,2025-08-03T23:00:00
388,228,3,25,Lipid Panel,2025-11-28,204,mg/dL,Critical,2025-11-28T17:00:00
389,229,3,22,Thyroid Panel,2025-04-08,5.9,mIU/L,Normal,2025-04-08T15:00:00
390,229,3,30,Thyroid Panel,2025-02-07,0.6,mIU/L,Abnormal,2025-02-08T00:00:00
391,230,3,29,Lipid Panel,2025-04-17,242,mg/dL,Abnormal,2025-04-19T19:00:00
392,230,3,25,Complete Blood Count,2025-04-08,9.9,g/dL,Normal,2025-04-10T11:00:00
393,231,3,28,Lipid Panel,2025-12-27,274,mg/dL,Normal,2025-12-28T01:00:00
394,231,3,24,Thyroid Panel,2025-05-25,2.8,mIU/L,Normal,2025-05-26T12:00:00
395,231,3,26,HbA1c,2025-09-20,6.2,%,Normal,2025-09-22T20:00:00
396,232,3,28,HbA1c,2025-07-09,10.4,%,Normal,2025-07-10T08:00:00
397,233,3,24,Lipid Panel,2025-05-14,124,mg/dL,Critical,2025-05-15T23:00:00
398,233,3,30,Basic Metabolic Panel,2025-03-20,102,mg/dL,Normal,2025-03-21T00:00:00
399,234,3,24,Basic Metabolic Panel,2025-12-02,135,mg/dL,Normal,2025-12-05T00:00:00
400,235,3,28,Basic Metabolic Panel,2025-03-28,123,mg/dL,Abnormal,2025-03-30T10:00:00
401,236,3,29,Basic Metabolic Panel,2025-10-05,88,mg/dL,Critical,2025-10-07T05:00:00
402,237,3,22,Complete Blood Count,2025-07-31,14.9,g/dL,Abnormal,2025-07-31T20:00:00
403,237,3,24,Complete Blood Count,2025-01-05,14.4,g/dL,Normal,2025-01-06T01:00:00
404,238,3,30,Thyroid Panel,2025-12-04,7.3,mIU/L,Normal,2025-12-05T19:00:00
405,239,3,27,Complete Blood Count,2026-01-05,8.2,g/dL,Normal,2026-01-06T05:00:00
406,239,3,25,Complete Blood Count,2025-12-24,12.5,g/dL,Normal,2025-12-26T07:00:00
407,240,3,23,Complete Blood Count,2025-09-26,16.3,g/dL,Normal,2025-09-26T21:00:00
408,240,3,30,Thyroid Panel,2025-07-01,2.2,mIU/L,Abnormal,2025-07-02T05:00:00
409,240,3,22,HbA1c,2025-08-24,10.7,%,Normal,2025-08-26T00:00:00
410,241,3,25,Complete Blood Count,2025-11-29,13.9,g/dL,Normal,2025-12-01T12:00:00
411,241,3,27,Basic Metabolic Panel,2025-10-10,113,mg/dL,Normal,2025-10-11T18:00:00
412,242,3,23,Complete Blood Count,2025-08-11,12.5,g/dL,Abnormal,2025-08-13T05:00:00
413,243,3,22,Thyroid Panel,2025-04-28,7.4,mIU/L,Abnormal,2025-04-29T01:00:00
414,243,3,30,Basic Metabolic Panel,2025-01-24,99,mg/dL,Normal,2025-01-26T23:00:00
415,244,3,29,Thyroid Panel,2025-04-02,5.4,mIU/L,Abnormal,2025-04-04T23:00:00
416,244,3,21,Lipid Panel,2025-03-15,270,mg/dL,Abnormal,2025-03-17T12:00:00
417,244,3,27,Complete Blood Count,2025-10-16,10.7,g/dL,Normal,2025-10-17T03:00:00
418,245,3,29,HbA1c,2026-01-14,7.0,%,Abnormal,2026-01-14T20:00:00
419,245,3,22,Thyroid Panel,2025-06-27,6.0,mIU/L,Normal,2025-06-27T15:00:00
420,246,3,22,HbA1c,2025-11-11,8.4,%,Normal,2025-11-13T02:00:00
421,247,3,21,HbA1c,2025-08-19,9.6,%,Normal,2025-08-20T19:00:00
422,247,3,29,Basic Metabolic Panel,2025-04-06,120,mg/dL,Normal,2025-04-08T07:00:00
423,248,3,30,HbA1c,2026-01-01,9.7,%,Normal,2026-01-01T16:00:00
424,249,3,23,Basic Metabolic Panel,2025-07-04,105,mg/dL,Normal,2025-07-04T18:00:00
425,250,3,28,HbA1c,2025-02-22,9.4,%,Normal,2025-02-22T20:00:00
426,250,3,27,Basic Metabolic Panel,2025-10-12,136,mg/dL,Normal,2025-10-13T20:00:00
427,250,3,21,Complete Blood Count,2025-02-17,11.2,g/dL,Normal,2025-02-19T02:00:00
428,251,3,27,Complete Blood Count,2025-07-18,10.6,g/dL,Normal,2025-07-20T13:00:00
429,252,3,24,Thyroid Panel,2025-12-17,4.3,mIU/L,Normal,2025-12-18T12:00:00
430,252,3,25,HbA1c,2025-03-16,6.2,%,Normal,2025-03-16T16:00:00
431,252,3,25,Basic Metabolic Panel,2025-09-05,103,mg/dL,Normal,2025-09-07T14:00:00
432,253,3,24,Basic Metabolic Panel,2025-08-23,90,mg/dL,Normal,2025-08-23T18:00:00
433,254,3,27,HbA1c,2025-07-14,10.0,%,Abnormal,2025-07-16T15:00:00
434,255,3,27,Thyroid Panel,2025-06-14,1.3,mIU/L,Critical,2025-06-16T02:00:00
435,256,3,26,Lipid Panel,2025-06-13,221,mg/dL,Abnormal,2025-06-14T06:00:00
436,257,3,30,Lipid Panel,2025-07-12,203,mg/dL,Abnormal,2025-07-13T05:00:00
437,257,3,27,HbA1c,2025-10-16,5.2,%,Normal,2025-10-17T00:00:00
438,258,3,29,Complete Blood Count,2025-08-25,16.6,g/dL,Abnormal,2025-08-28T00:00:00
439,258,3,28,HbA1c,2025-02-05,9.9,%,Abnormal,2025-02-07T16:00:00
440,259,3,28,Lipid Panel,2025-05-04,197,mg/dL,Normal,2025-05-05T04:00:00
441,259,3,27,Basic Metabolic Panel,2025-08-18,74,mg/dL,Normal,2025-08-20T02:00:00
442,260,3,29,Basic Metabolic Panel,2025-01-19,134,mg/dL,Critical,2025-01-21T14:00:00
443,261,3,29,Thyroid Panel,2025-02-13,5.2,mIU/L,Abnormal,2025-02-13T18:00:00
444,261,3,26,Lipid Panel,2025-01-23,276,mg/dL,Critical,2025-01-25T00:00:00
445,262,3,27,HbA1c,2025-08-09,10.8,%,Normal,2025-08-09T18:00:00
446,262,3,25,Lipid Panel,2026-01-18,250,mg/dL,Normal,2026-01-19T21:00:00
447,263,3,24,Basic Metabolic Panel,2025-07-20,112,mg/dL,Abnormal,2025-07-21T17:00:00
448,263,3,30,Thyroid Panel,2025-01-13,1.5,mIU/L,Normal,2025-01-14T18:00:00
449,264,3,22,Complete Blood Count,2026-01-09,15.5,g/dL,Normal,2026-01-09T21:00:00
450,265,3,24,Thyroid Panel,2025-09-01,4.0,mIU/L,Normal,2025-09-01T18:00:00
451,266,3,26,Complete Blood Count,2025-12-30,10.7,g/dL,Normal,2025-12-30T19:00:00
452,266,3,26,Complete Blood Count,2025-03-26,14.1,g/dL,Critical,2025-03-28T23:00:00
453,267,3,23,Thyroid Panel,2025-10-14,1.5,mIU/L,Critical,2025-10-15T15:00:00
454,268,3,27,Lipid Panel,2025-11-24,167,mg/dL,Normal,2025-11-26T06:00:00
455,269,3,30,Lipid Panel,2025-10-31,235,mg/dL,Normal,2025-11-01T15:00:00
456,270,3,24,HbA1c,2025-02-02,9.4,%,Normal,2025-02-04T00:00:00
457,270,3,29,Lipid Panel,2025-06-16,213,mg/dL,Normal,2025-06-17T00:00:00
458,271,3,28,Thyroid Panel,2025-06-10,7.7,mIU/L,Normal,2025-06-12T02:00:00
459,272,3,22,HbA1c,2025-08-23,6.8,%,Normal,2025-08-25T03:00:00
460,273,3,25,Thyroid Panel,2025-12-11,4.8,mIU/L,Normal,2025-12-11T20:00:00
461,273,3,24,HbA1c,2025-07-11,5.3,%,Normal,2025-07-13T08:00:00
462,274,3,30,Lipid Panel,2025-07-16,267,mg/dL,Normal,2025-07-17T15:00:00
463,275,3,23,Thyroid Panel,2025-05-28,1.6,mIU/L,Normal,2025-05-28T20:00:00
464,275,3,28,Thyroid Panel,2025-07-03,0.7,mIU/L,Normal,2025-07-06T00:00:00
465,276,3,27,Thyroid Panel,2025-09-11,4.2,mIU/L,Normal,2025-09-12T14:00:00
466,277,3,28,Basic Metabolic Panel,2025-02-12,86,mg/dL,Normal,2025-02-14T00:00:00
467,278,3,25,Complete Blood Count,2025-10-03,10.5,g/dL,Normal,2025-10-04T06:00:00
468,278,3,28,Thyroid Panel,2026-01-28,6.0,mIU/L,Normal,2026-01-29T19:00:00
469,279,3,22,HbA1c,2025-07-07,9.5,%,Abnormal,2025-07-08T22:00:00
470,280,3,28,Thyroid Panel,2025-08-06,2.0,mIU/L,Abnormal,2025-08-06T18:00:00
471,281,3,24,HbA1c,2025-01-17,10.2,%,Normal,2025-01-18T16:00:00
472,281,3,22,Basic Metabolic Panel,2025-05-02,80,mg/dL,Abnormal,2025-05-03T01:00:00
473,282,3,26,Thyroid Panel,2025-03-26,5.2,mIU/L,Normal,2025-03-28T03:00:00
474,282,3,24,Lipid Panel,2025-10-19,135,mg/dL,Normal,2025-10-20T10:00:00
475,283,3,23,HbA1c,2025-05-30,10.9,%,Normal,2025-05-31T06:00:00
476,283,3,29,Complete Blood Count,2026-01-20,9.2,g/dL,Normal,2026-01-22T14:00:00
477,284,3,25,Lipid Panel,2025-05-08,153,mg/dL,Abnormal,2025-05-08T21:00:00
478,285,3,27,Basic Metabolic Panel,2025-10-23,83,mg/dL,Normal,2025-10-25T04:00:00
479,285,3,27,Basic Metabolic Panel,2025-02-08,122,mg/dL,Abnormal,2025-02-10T04:00:00
480,286,3,27,Thyroid Panel,2025-12-22,6.1,mIU/L,Abnormal,2025-12-24T23:00:00
481,286,3,28,Basic Metabolic Panel,2025-10-25,106,mg/dL,Abnormal,2025-10-25T12:00:00
482,287,3,22,Basic Metabolic Panel,2025-02-02,110,mg/dL,Normal,2025-02-04T14:00:00
483,287,3,24,Basic Metabolic Panel,2025-09-11,92,mg/dL,Normal,2025-09-12T05:00:00
484,288,3,29,Thyroid Panel,2025-09-06,1.3,mIU/L,Normal,2025-09-08T14:00:00
485,289,3,21,Complete Blood Count,2025-08-24,8.9,g/dL,Normal,2025-08-24T13:00:00
486,289,3,23,Basic Metabolic Panel,2025-01-01,123,mg/dL,Normal,2025-01-02T15:00:00
487,290,3,23,HbA1c,2025-05-21,5.5,%,Normal,2025-05-21T17:00:00
488,290,3,25,Complete Blood Count,2025-11-29,11.3,g/dL,Normal,2025-11-29T22:00:00
489,291,3,24,Basic Metabolic Panel,2025-12-27,76,mg/dL,Normal,2025-12-27T18:00:00
490,291,3,28,Complete Blood Count,2025-04-26,9.2,g/dL,Normal,2025-04-27T21:00:00
491,292,3,26,Complete Blood Count,2025-08-05,16.9,g/dL,Normal,2025-08-07T08:00:00
492,293,3,27,Complete Blood Count,2025-02-22,14.6,g/dL,Normal,2025-02-22T18:00:00
493,294,3,23,Basic Metabolic Panel,2025-11-25,82,mg/dL,Normal,2025-11-27T07:00:00
494,294,3,29,Thyroid Panel,2025-11-29,0.4,mIU/L,Normal,2025-11-29T22:00:00
495,294,3,24,Lipid Panel,2025-11-12,225,mg/dL,Normal,2025-11-14T07:00:00
496,295,3,22,Lipid Panel,2025-10-29,151,mg/dL,Normal,2025-10-31T10:00:00
497,296,3,26,Lipid Panel,2025-05-22,183,mg/dL,Normal,2025-05-24T05:00:00
498,296,3,29,Thyroid Panel,2025-11-08,4.9,mIU/L,Abnormal,2025-11-09T06:00:00
499,296,3,21,HbA1c,2025-11-07,5.8,%,Normal,2025-11-08T20:00:00
500,297,3,21,Lipid Panel,2025-07-17,246,mg/dL,Normal,2025-07-17T19:00:00
501,298,3,22,Thyroid Panel,2025-01-07,7.1,mIU/L,Critical,2025-01-08T11:00:00
502,298,3,23,Basic Metabolic Panel,2025-08-04,137,mg/dL,Normal,2025-08-05T11:00:00
503,299,3,28,Complete Blood Count,2025-02-04,8.2,g/dL,Normal,2025-02-04T12:00:00
504,300,3,21,Basic Metabolic Panel,2025-05-27,129,mg/dL,Abnormal,2025-05-29T04:00:00
505,301,4,37,Basic Metabolic Panel,2025-11-24,75,mg/dL,Normal,2025-11-25T22:00:00
506,301,4,33,HbA1c,2025-02-10,5.0,%,Critical,2025-02-11T20:00:00
507,302,4,33,Thyroid Panel,2025-10-28,2.8,mIU/L,Abnormal,2025-10-30T04:00:00
508,302,4,32,HbA1c,2026-01-09,9.0,%,Normal,2026-01-11T18:00:00
509,302,4,34,Complete Blood Count,2025-03-01,16.3,g/dL,Normal,2025-03-02T17:00:00
510,303,4,33,Complete Blood Count,2025-03-12,8.1,g/dL,Normal,2025-03-14T08:00:00
511,304,4,36,Thyroid Panel,2026-01-05,4.3,mIU/L,Normal,2026-01-06T04:00:00
512,305,4,35,Complete Blood Count,2025-01-16,14.9,g/dL,Abnormal,2025-01-17T09:00:00
513,306,4,32,HbA1c,2025-10-23,9.1,%,Normal,2025-10-25T04:00:00
514,307,4,36,Complete Blood Count,2025-10-18,12.5,g/dL,Normal,2025-10-18T22:00:00
515,308,4,32,Thyroid Panel,2025-03-01,5.5,mIU/L,Abnormal,2025-03-02T02:00:00
516,309,4,31,Lipid Panel,2025-08-30,131,mg/dL,Normal,2025-08-31T11:00:00
517,310,4,31,Thyroid Panel,2026-01-01,6.5,mIU/L,Normal,2026-01-03T11:00:00
518,311,4,34,Basic Metabolic Panel,2025-05-19,105,mg/dL,Normal,2025-05-21T16:00:00
519,312,4,39,Complete Blood Count,2025-09-22,9.6,g/dL,Critical,2025-09-22T14:00:00
520,313,4,38,HbA1c,2025-06-09,9.5,%,Normal,2025-06-10T08:00:00
521,314,4,36,Lipid Panel,2025-10-16,194,mg/dL,Normal,2025-10-18T14:00:00
522,315,4,38,HbA1c,2025-09-10,8.3,%,Abnormal,2025-09-12T13:00:00
523,315,4,39,Lipid Panel,2025-01-04,158,mg/dL,Normal,2025-01-06T23:00:00
524,316,4,36,Complete Blood Count,2025-01-01,16.6,g/dL,Normal,2025-01-03T12:00:00
525,317,4,35,Complete Blood Count,2025-05-02,9.8,g/dL,Normal,2025-05-03T14:00:00
526,317,4,31,Lipid Panel,2025-02-17,191,mg/dL,Critical,2025-02-17T14:00:00
527,318,4,39,Basic Metabolic Panel,2025-08-23,112,mg/dL,Normal,2025-08-25T11:00:00
528,318,4,32,Thyroid Panel,2025-07-21,1.3,mIU/L,Normal,2025-07-21T16:00:00
529,318,4,31,Basic Metabolic Panel,2025-05-02,81,mg/dL,Normal,2025-05-03T06:00:00
530,319,4,37,HbA1c,2025-05-20,6.6,%,Normal,2025-05-21T02:00:00
531,320,4,40,Complete Blood Count,2025-03-26,9.4,g/dL,Normal,2025-03-27T16:00:00
532,321,4,39,HbA1c,2025-04-17,10.8,%,Normal,2025-04-18T16:00:00
533,322,4,32,Complete Blood Count,2025-12-18,9.4,g/dL,Abnormal,2025-12-19T07:00:00
534,323,4,31,Lipid Panel,2025-03-17,203,mg/dL,Abnormal,2025-03-17T17:00:00
535,323,4,36,Basic Metabolic Panel,2025-01-26,130,mg/dL,Normal,2025-01-28T07:00:00
536,324,4,33,Complete Blood Count,2025-08-20,16.6,g/dL,Abnormal,2025-08-21T23:00:00
537,324,4,34,Complete Blood Count,2025-03-13,12.2,g/dL,Normal,2025-03-13T19:00:00
538,325,4,34,Lipid Panel,2025-07-25,170,mg/dL,Normal,2025-07-26T11:00:00
539,325,4,32,Thyroid Panel,2025-02-08,4.8,mIU/L,Critical,2025-02-08T13:00:00
540,326,4,38,Lipid Panel,2025-06-19,143,mg/dL,Normal,2025-06-19T19:00:00
541,327,4,33,Thyroid Panel,2026-01-06,3.6,mIU/L,Normal,2026-01-07T13:00:00
542,328,4,37,Lipid Panel,2025-04-20,210,mg/dL,Normal,2025-04-22T22:00:00
543,329,4,33,Complete Blood Count,2025-11-12,13.5,g/dL,Normal,2025-11-13T03:00:00
544,330,4,39,Basic Metabolic Panel,2025-02-14,72,mg/dL,Normal,2025-02-15T05:00:00
545,331,4,39,Lipid Panel,2025-01-10,259,mg/dL,Abnormal,2025-01-11T12:00:00
546,332,4,39,Basic Metabolic Panel,2025-10-17,109,mg/dL,Normal,2025-10-18T20:00:00
547,333,4,31,HbA1c,2025-01-16,8.4,%,Abnormal,2025-01-18T21:00:00
548,334,4,38,Thyroid Panel,2025-10-27,3.1,mIU/L,Critical,2025-10-28T02:00:00
549,335,4,34,HbA1c,2026-01-13,8.0,%,Abnormal,2026-01-13T15:00:00
550,336,4,40,Basic Metabolic Panel,2025-03-30,110,mg/dL,Normal,2025-03-30T23:00:00
551,336,4,36,HbA1c,2025-01-15,10.4,%,Abnormal,2025-01-17T09:00:00
552,336,4,40,Thyroid Panel,2025-04-07,1.4,mIU/L,Critical,2025-04-09T17:00:00
553,337,4,38,Thyroid Panel,2025-09-09,2.7,mIU/L,Normal,2025-09-09T14:00:00
554,337,4,34,Thyroid Panel,2025-09-27,2.0,mIU/L,Normal,2025-09-28T18:00:00
555,337,4,40,Lipid Panel,2025-06-24,153,mg/dL,Normal,2025-06-26T09:00:00
556,338,4,36,Complete Blood Count,2025-10-28,8.2,g/dL,Abnormal,2025-10-30T09:00:00
557,338,4,32,Thyroid Panel,2025-02-07,6.9,mIU/L,Abnormal,2025-02-08T11:00:00
558,339,4,40,Complete Blood Count,2025-06-15,11.0,g/dL,Critical,2025-06-15T20:00:00
559,339,4,37,Basic Metabolic Panel,2025-03-31,105,mg/dL,Critical,2025-04-02T09:00:00
560,340,4,40,HbA1c,2025-10-29,6.0,%,Normal,2025-10-31T16:00:00
561,340,4,35,HbA1c,2026-01-09,5.3,%,Critical,2026-01-09T12:00:00
562,341,4,37,Thyroid Panel,2025-11-05,0.5,mIU/L,Critical,2025-11-06T08:00:00
563,341,4,40,Lipid Panel,2025-02-23,264,mg/dL,Normal,2025-02-25T23:00:00
564,341,4,36,Complete Blood Count,2025-06-13,10.1,g/dL,Normal,2025-06-13T22:00:00
565,342,4,36,Basic Metabolic Panel,2025-05-16,66,mg/dL,Normal,2025-05-17T01:00:00
566,342,4,32,HbA1c,2025-02-25,6.2,%,Normal,2025-02-27T10:00:00
567,342,4,37,Basic Metabolic Panel,2025-03-27,118,mg/dL,Normal,2025-03-29T20:00:00
568,343,4,36,Thyroid Panel,2025-09-03,3.2,mIU/L,Abnormal,2025-09-05T14:00:00
569,343,4,34,Lipid Panel,2025-02-07,235,mg/dL,Abnormal,2025-02-09T15:00:00
570,343,4,35,Complete Blood Count,2025-02-23,10.9,g/dL,Normal,2025-02-23T16:00:00
571,344,4,33,Complete Blood Count,2025-02-17,12.9,g/dL,Normal,2025-02-18T09:00:00
572,344,4,40,Basic Metabolic Panel,2025-08-09,68,mg/dL,Normal,2025-08-12T00:00:00
573,344,4,40,Basic Metabolic Panel,2025-01-28,85,mg/dL,Normal,2025-01-28T18:00:00
574,345,4,37,Thyroid Panel,2026-01-09,5.9,mIU/L,Normal,2026-01-10T22:00:00
575,345,4,35,HbA1c,2025-01-26,6.0,%,Normal,2025-01-27T13:00:00
576,345,4,38,Lipid Panel,2025-07-04,133,mg/dL,Normal,2025-07-04T12:00:00
577,346,4,40,Basic Metabolic Panel,2025-02-19,90,mg/dL,Normal,2025-02-19T13:00:00
578,347,4,32,Basic Metabolic Panel,2025-06-07,79,mg/dL,Normal,2025-06-09T14:00:00
579,347,4,38,HbA1c,2025-10-06,5.1,%,Normal,2025-10-07T12:00:00
580,348,4,36,Lipid Panel,2025-01-23,234,mg/dL,Normal,2025-01-24T04:00:00
581,348,4,35,Lipid Panel,2025-10-16,188,mg/dL,Normal,2025-10-16T15:00:00
582,348,4,32,Complete Blood Count,2025-10-05,14.0,g/dL,Critical,2025-10-06T14:00:00
583,349,4,39,Complete Blood Count,2025-09-25,15.6,g/dL,Critical,2025-09-26T14:00:00
584,349,4,38,Thyroid Panel,2025-09-01,7.1,mIU/L,Normal,2025-09-02T07:00:00
585,350,4,31,Thyroid Panel,2025-09-22,4.7,mIU/L,Normal,2025-09-24T15:00:00
586,350,4,40,Lipid Panel,2026-01-23,150,mg/dL,Normal,2026-01-24T16:00:00
587,350,4,33,Lipid Panel,2025-03-06,169,mg/dL,Normal,2025-03-06T14:00:00
588,351,4,37,Lipid Panel,2025-03-17,280,mg/dL,Normal,2025-03-19T17:00:00
589,351,4,36,Complete Blood Count,2025-10-12,8.8,g/dL,Normal,2025-10-13T13:00:00
590,351,4,35,Thyroid Panel,2025-01-07,3.8,mIU/L,Abnormal,2025-01-09T14:00:00
591,352,4,37,Complete Blood Count,2025-03-17,11.7,g/dL,Normal,2025-03-19T00:00:00
592,352,4,32,Complete Blood Count,2025-02-21,13.1,g/dL,Normal,2025-02-23T14:00:00
593,353,4,36,Basic Metabolic Panel,2025-07-16,98,mg/dL,Normal,2025-07-18T05:00:00
594,353,4,40,Basic Metabolic Panel,2025-03-30,69,mg/dL,Normal,2025-03-31T05:00:00
595,354,4,37,Complete Blood Count,2025-06-19,11.6,g/dL,Normal,2025-06-21T08:00:00
596,354,4,38,HbA1c,2025-01-11,10.3,%,Abnormal,2025-01-12T09:00:00
597,355,4,35,Basic Metabolic Panel,2025-04-27,77,mg/dL,Normal,2025-04-27T20:00:00
598,356,4,36,HbA1c,2025-11-06,9.2,%,Normal,2025-11-08T05:00:00
599,356,4,38,Lipid Panel,2026-01-15,224,mg/dL,Abnormal,2026-01-16T19:00:00
600,357,4,31,Thyroid Panel,2025-02-03,6.4,mIU/L,Abnormal,2025-02-04T07:00:00
601,357,4,37,Lipid Panel,2025-10-19,254,mg/dL,Normal,2025-10-19T13:00:00
602,357,4,34,Complete Blood Count,2025-08-22,10.2,g/dL,Abnormal,2025-08-22T15:00:00
603,358,4,35,HbA1c,2025-09-16,9.9,%,Normal,2025-09-17T13:00:00
604,358,4,32,Complete Blood Count,2025-09-08,10.2,g/dL,Normal,2025-09-10T02:00:00
605,359,4,38,Thyroid Panel,2025-06-26,4.5,mIU/L,Abnormal,2025-06-26T22:00:00
606,359,4,35,Complete Blood Count,2025-07-17,10.6,g/dL,Normal,2025-07-17T15:00:00
607,359,4,40,Lipid Panel,2025-11-28,176,mg/dL,Normal,2025-11-29T02:00:00
608,360,4,37,Thyroid Panel,2026-01-28,0.5,mIU/L,Normal,2026-01-30T07:00:00
609,361,4,33,Thyroid Panel,2025-04-25,6.5,mIU/L,Normal,2025-04-26T04:00:00
610,361,4,35,HbA1c,2025-07-12,7.3,%,Normal,2025-07-14T18:00:00
611,361,4,35,Lipid Panel,2025-06-04,239,mg/dL,Normal,2025-06-06T07:00:00
612,362,4,40,Complete Blood Count,2025-12-06,8.1,g/dL,Abnormal,2025-12-08T17:00:00
613,362,4,39,Thyroid Panel,2025-06-02,5.0,mIU/L,Normal,2025-06-04T07:00:00
614,363,4,35,HbA1c,2025-05-14,10.1,%,Abnormal,2025-05-16T05:00:00
615,364,4,35,Lipid Panel,2025-09-22,158,mg/dL,Normal,2025-09-24T12:00:00
616,364,4,31,Thyroid Panel,2025-06-13,3.4,mIU/L,Normal,2025-06-15T07:00:00
617,364,4,31,Basic Metabolic Panel,2025-05-13,102,mg/dL,Normal,2025-05-15T22:00:00
618,365,4,31,Thyroid Panel,2025-10-20,5.8,mIU/L,Normal,2025-10-22T16:00:00
619,366,4,34,Thyroid Panel,2025-09-01,5.2,mIU/L,Critical,2025-09-03T22:00:00
620,366,4,36,Thyroid Panel,2025-03-29,2.6,mIU/L,Normal,2025-03-31T17:00:00
621,367,4,35,Complete Blood Count,2026-01-15,12.2,g/dL,Abnormal,2026-01-16T04:00:00
622,367,4,39,Lipid Panel,2025-12-02,205,mg/dL,Normal,2025-12-02T17:00:00
623,368,4,35,Basic Metabolic Panel,2025-07-10,107,mg/dL,Normal,2025-07-11T04:00:00
624,369,4,32,Basic Metabolic Panel,2025-11-21,71,mg/dL,Normal,2025-11-23T01:00:00
625,370,4,38,Lipid Panel,2025-03-03,248,mg/dL,Normal,2025-03-05T19:00:00
626,370,4,39,HbA1c,2025-03-19,7.2,%,Critical,2025-03-19T20:00:00
627,371,4,40,Basic Metabolic Panel,2025-06-11,83,mg/dL,Abnormal,2025-06-13T19:00:00
628,372,4,38,HbA1c,2025-04-01,8.6,%,Normal,2025-04-02T08:00:00
629,372,4,31,Basic Metabolic Panel,2025-04-18,100,mg/dL,Abnormal,2025-04-20T12:00:00
630,373,4,33,Basic Metabolic Panel,2025-03-08,76,mg/dL,Normal,2025-03-10T03:00:00
631,373,4,37,Basic Metabolic Panel,2025-09-02,119,mg/dL,Normal,2025-09-03T12:00:00
632,374,4,36,Complete Blood Count,2026-01-23,16.0,g/dL,Normal,2026-01-25T17:00:00
633,374,4,31,Complete Blood Count,2025-05-08,13.6,g/dL,Normal,2025-05-09T02:00:00
634,375,4,33,Complete Blood Count,2025-10-29,11.5,g/dL,Normal,2025-10-30T07:00:00
635,376,4,35,HbA1c,2025-09-24,7.5,%,Normal,2025-09-26T02:00:00
636,376,4,37,Lipid Panel,2025-09-08,207,mg/dL,Abnormal,2025-09-09T10:00:00
637,377,4,37,Complete Blood Count,2026-01-08,10.1,g/dL,Normal,2026-01-08T20:00:00
638,378,4,39,Lipid Panel,2025-07-07,151,mg/dL,Normal,2025-07-09T09:00:00
639,379,4,35,Thyroid Panel,2025-11-01,5.1,mIU/L,Normal,2025-11-01T15:00:00
640,380,4,31,Complete Blood Count,2025-08-02,14.2,g/dL,Normal,2025-08-03T16:00:00
641,380,4,39,HbA1c,2025-03-20,7.6,%,Normal,2025-03-21T01:00:00
642,381,4,35,Basic Metabolic Panel,2025-12-06,77,mg/dL,Normal,2025-12-07T21:00:00
643,381,4,40,Lipid Panel,2025-02-23,227,mg/dL,Abnormal,2025-02-24T20:00:00
644,382,4,32,Complete Blood Count,2025-11-08,12.5,g/dL,Abnormal,2025-11-09T00:00:00
645,383,4,34,HbA1c,2025-06-01,9.1,%,Normal,2025-06-01T22:00:00
646,383,4,38,Lipid Panel,2025-06-19,243,mg/dL,Normal,2025-06-20T03:00:00
647,384,4,32,Thyroid Panel,2025-03-18,5.5,mIU/L,Normal,2025-03-21T00:00:00
648,384,4,39,Complete Blood Count,2025-02-21,14.5,g/dL,Normal,2025-02-23T21:00:00
649,385,4,35,HbA1c,2025-02-21,7.5,%,Normal,2025-02-23T16:00:00
650,386,4,35,HbA1c,2025-06-10,9.7,%,Abnormal,2025-06-11T15:00:00
651,387,4,31,Complete Blood Count,2025-12-06,15.7,g/dL,Normal,2025-12-08T05:00:00
652,388,4,38,Thyroid Panel,2026-01-11,2.4,mIU/L,Normal,2026-01-11T17:00:00
653,389,4,32,Basic Metabolic Panel,2025-08-22,116,mg/dL,Abnormal,2025-08-23T05:00:00
654,390,4,38,Basic Metabolic Panel,2025-02-27,86,mg/dL,Normal,2025-02-27T20:00:00
655,390,4,31,Lipid Panel,2025-08-02,146,mg/dL,Normal,2025-08-04T22:00:00
656,391,4,38,Lipid Panel,2025-07-14,276,mg/dL,Normal,2025-07-16T13:00:00
657,391,4,31,Lipid Panel,2025-09-07,243,mg/dL,Abnormal,2025-09-07T19:00:00
658,392,4,32,HbA1c,2025-01-07,8.8,%,Abnormal,2025-01-09T09:00:00
659,393,4,40,Thyroid Panel,2025-12-09,2.0,mIU/L,Normal,2025-12-11T19:00:00
660,393,4,39,Thyroid Panel,2025-12-05,1.0,mIU/L,Normal,2025-12-07T10:00:00
661,394,4,37,Lipid Panel,2025-11-10,262,mg/dL,Normal,2025-11-10T15:00:00
662,395,4,39,Basic Metabolic Panel,2025-03-26,128,mg/dL,Abnormal,2025-03-26T16:00:00
663,395,4,36,Lipid Panel,2025-05-23,204,mg/dL,Normal,2025-05-23T15:00:00
664,395,4,39,Basic Metabolic Panel,2025-05-01,116,mg/dL,Normal,2025-05-01T17:00:00
665,396,4,38,Complete Blood Count,2025-08-17,15.7,g/dL,Normal,2025-08-18T08:00:00
666,396,4,38,Complete Blood Count,2025-07-31,8.9,g/dL,Normal,2025-07-31T14:00:00
667,397,4,32,Thyroid Panel,2025-11-23,7.7,mIU/L,Abnormal,2025-11-24T07:00:00
668,398,4,38,HbA1c,2025-01-28,6.9,%,Normal,2025-01-30T16:00:00
669,398,4,38,HbA1c,2025-11-14,8.1,%,Normal,2025-11-16T02:00:00
670,399,4,38,Complete Blood Count,2025-12-04,8.9,g/dL,Normal,2025-12-05T02:00:00
671,399,4,36,HbA1c,2025-07-11,8.1,%,Normal,2025-07-13T08:00:00
672,400,4,38,Lipid Panel,2025-02-24,224,mg/dL,Normal,2025-02-25T04:00:00
673,400,4,34,Complete Blood Count,2025-07-21,16.4,g/dL,Normal,2025-07-22T01:00:00
674,400,4,34,HbA1c,2025-08-01,5.2,%,Critical,2025-08-01T14:00:00
675,401,5,50,Complete Blood Count,2025-08-19,14.9,g/dL,Normal,2025-08-20T17:00:00
676,401,5,49,Lipid Panel,2025-01-03,247,mg/dL,Abnormal,2025-01-04T21:00:00
677,402,5,47,Thyroid Panel,2025-09-18,4.0,mIU/L,Critical,2025-09-20T13:00:00
678,402,5,43,Thyroid Panel,2025-03-07,1.6,mIU/L,Normal,2025-03-07T18:00:00
679,403,5,46,Thyroid Panel,2025-08-03,7.1,mIU/L,Abnormal,2025-08-05T02:00:00
680,403,5,44,HbA1c,2025-06-25,7.1,%,Normal,2025-06-26T06:00:00
681,404,5,47,Thyroid Panel,2026-01-19,5.7,mIU/L,Normal,2026-01-20T20:00:00
682,405,5,46,Thyroid Panel,2025-04-13,5.2,mIU/L,Normal,2025-04-14T01:00:00
683,405,5,45,HbA1c,2025-03-09,10.5,%,Normal,2025-03-11T09:00:00
684,406,5,49,Thyroid Panel,2025-06-15,5.6,mIU/L,Normal,2025-06-17T09:00:00
685,406,5,46,Thyroid Panel,2025-10-20,4.0,mIU/L,Normal,2025-10-23T00:00:00
686,406,5,47,Thyroid Panel,2025-08-05,2.5,mIU/L,Normal,2025-08-07T15:00:00
687,407,5,47,Lipid Panel,2025-12-10,133,mg/dL,Normal,2025-12-10T15:00:00
688,408,5,43,HbA1c,2025-03-16,8.9,%,Normal,2025-03-18T17:00:00
689,408,5,45,Lipid Panel,2025-01-17,258,mg/dL,Abnormal,2025-01-18T10:00:00
690,409,5,49,Lipid Panel,2025-07-19,263,mg/dL,Normal,2025-07-20T03:00:00
691,410,5,45,Complete Blood Count,2025-07-18,16.3,g/dL,Critical,2025-07-19T14:00:00
692,410,5,46,Thyroid Panel,2026-01-16,0.7,mIU/L,Normal,2026-01-17T04:00:00
693,411,5,48,Lipid Panel,2026-01-22,214,mg/dL,Normal,2026-01-24T01:00:00
694,411,5,50,Lipid Panel,2025-05-31,169,mg/dL,Normal,2025-06-01T16:00:00
695,411,5,42,Lipid Panel,2026-01-12,164,mg/dL,Normal,2026-01-13T20:00:00
696,412,5,45,Thyroid Panel,2025-03-24,2.3,mIU/L,Abnormal,2025-03-26T01:00:00
697,413,5,48,Lipid Panel,2025-03-20,130,mg/dL,Normal,2025-03-22T23:00:00
698,414,5,50,HbA1c,2025-10-21,7.7,%,Normal,2025-10-22T23:00:00
699,415,5,46,Thyroid Panel,2025-04-05,2.0,mIU/L,Normal,2025-04-06T21:00:00
700,415,5,49,Lipid Panel,2025-10-06,226,mg/dL,Normal,2025-10-07T22:00:00
701,416,5,44,HbA1c,2025-05-31,6.7,%,Critical,2025-06-01T01:00:00
702,417,5,48,Thyroid Panel,2025-11-29,6.6,mIU/L,Normal,2025-11-29T12:00:00
703,417,5,46,Basic Metabolic Panel,2025-11-25,95,mg/dL,Abnormal,2025-11-27T03:00:00
704,418,5,41,HbA1c,2025-02-28,7.0,%,Normal,2025-03-01T12:00:00
705,419,5,41,Thyroid Panel,2025-07-11,6.6,mIU/L,Abnormal,2025-07-12T20:00:00
706,419,5,48,Basic Metabolic Panel,2025-06-01,70,mg/dL,Normal,2025-06-03T21:00:00
707,420,5,42,Complete Blood Count,2026-01-31,9.5,g/dL,Normal,2026-02-01T22:00:00
708,421,5,44,Lipid Panel,2025-02-23,228,mg/dL,Normal,2025-02-24T01:00:00
709,421,5,47,Complete Blood Count,2025-03-20,14.7,g/dL,Normal,2025-03-20T13:00:00
710,422,5,42,Complete Blood Count,2025-05-09,8.5,g/dL,Normal,2025-05-10T23:00:00
711,423,5,45,Basic Metabolic Panel,2025-08-19,114,mg/dL,Normal,2025-08-21T04:00:00
712,423,5,46,Complete Blood Count,2025-03-02,11.5,g/dL,Normal,2025-03-03T22:00:00
713,424,5,42,Thyroid Panel,2025-02-07,0.7,mIU/L,Critical,2025-02-08T10:00:00
714,424,5,42,HbA1c,2025-06-04,9.6,%,Normal,2025-06-06T02:00:00
715,425,5,48,Basic Metabolic Panel,2025-12-05,115,mg/dL,Normal,2025-12-05T13:00:00
716,425,5,49,Lipid Panel,2026-01-18,154,mg/dL,Abnormal,2026-01-19T13:00:00
717,426,5,45,Lipid Panel,2025-12-13,196,mg/dL,Abnormal,2025-12-15T20:00:00
718,426,5,46,Complete Blood Count,2025-10-12,13.0,g/dL,Normal,2025-10-12T21:00:00
719,427,5,50,Basic Metabolic Panel,2025-10-08,133,mg/dL,Normal,2025-10-11T00:00:00
720,428,5,46,Lipid Panel,2025-11-27,225,mg/dL,Normal,2025-11-29T18:00:00
721,429,5,44,Thyroid Panel,2025-04-10,6.7,mIU/L,Normal,2025-04-10T19:00:00
722,430,5,41,Thyroid Panel,2025-10-09,3.9,mIU/L,Normal,2025-10-09T16:00:00
723,430,5,42,HbA1c,2026-01-07,5.1,%,Normal,2026-01-09T01:00:00
724,431,5,43,Lipid Panel,2025-05-26,145,mg/dL,Normal,2025-05-28T03:00:00
725,432,5,48,Basic Metabolic Panel,2025-11-12,107,mg/dL,Normal,2025-11-14T06:00:00
726,433,5,50,Thyroid Panel,2025-06-11,3.1,mIU/L,Normal,2025-06-12T15:00:00
727,433,5,46,Lipid Panel,2025-12-31,176,mg/dL,Normal,2026-01-02T11:00:00
728,434,5,46,Lipid Panel,2025-09-03,204,mg/dL,Normal,2025-09-04T17:00:00
729,435,5,48,Thyroid Panel,2025-11-27,1.1,mIU/L,Normal,2025-11-29T02:00:00
730,435,5,45,Lipid Panel,2025-04-11,257,mg/dL,Abnormal,2025-04-12T04:00:00
731,436,5,42,Complete Blood Count,2025-11-20,15.6,g/dL,Abnormal,2025-11-20T13:00:00
732,436,5,50,Basic Metabolic Panel,2025-04-19,140,mg/dL,Normal,2025-04-21T22:00:00
733,437,5,49,Basic Metabolic Panel,2025-07-07,84,mg/dL,Normal,2025-07-08T13:00:00
734,438,5,45,Lipid Panel,2025-09-14,238,mg/dL,Normal,2025-09-15T20:00:00
735,438,5,46,Thyroid Panel,2025-05-03,0.4,mIU/L,Critical,2025-05-05T18:00:00
736,439,5,43,Thyroid Panel,2025-03-23,1.4,mIU/L,Normal,2025-03-23T23:00:00
737,439,5,50,Lipid Panel,2025-07-03,243,mg/dL,Normal,2025-07-03T14:00:00
738,439,5,48,Lipid Panel,2025-05-16,136,mg/dL,Normal,2025-05-17T11:00:00
739,440,5,49,HbA1c,2025-08-21,7.0,%,Normal,2025-08-23T20:00:00
740,440,5,46,Complete Blood Count,2025-09-24,14.3,g/dL,Abnormal,2025-09-26T04:00:00
741,441,5,45,Thyroid Panel,2025-03-31,4.5,mIU/L,Normal,2025-04-01T12:00:00
742,441,5,46,Thyroid Panel,2025-02-09,5.3,mIU/L,Normal,2025-02-10T21:00:00
743,442,5,44,Thyroid Panel,2025-06-26,3.4,mIU/L,Abnormal,2025-06-27T19:00:00
744,442,5,50,Complete Blood Count,2025-03-13,12.5,g/dL,Normal,2025-03-14T16:00:00
745,442,5,42,Thyroid Panel,2025-04-19,5.3,mIU/L,Normal,2025-04-19T21:00:00
746,443,5,42,Lipid Panel,2025-06-19,226,mg/dL,Normal,2025-06-21T10:00:00
747,444,5,48,Lipid Panel,2025-03-24,271,mg/dL,Abnormal,2025-03-26T05:00:00
748,444,5,41,Lipid Panel,2025-03-07,131,mg/dL,Normal,2025-03-09T00:00:00
749,445,5,49,Complete Blood Count,2025-03-17,16.0,g/dL,Normal,2025-03-17T15:00:00
750,446,5,49,Basic Metabolic Panel,2025-11-23,137,mg/dL,Abnormal,2025-11-23T13:00:00
751,446,5,45,Complete Blood Count,2025-11-07,9.9,g/dL,Abnormal,2025-11-08T18:00:00
752,446,5,43,Lipid Panel,2025-11-04,225,mg/dL,Abnormal,2025-11-04T21:00:00
753,447,5,43,Thyroid Panel,2025-05-16,5.4,mIU/L,Abnormal,2025-05-16T22:00:00
754,447,5,46,Basic Metabolic Panel,2025-02-05,140,mg/dL,Normal,2025-02-06T02:00:00
755,448,5,41,Lipid Panel,2025-09-16,253,mg/dL,Normal,2025-09-18T07:00:00
756,449,5,42,Lipid Panel,2025-11-11,241,mg/dL,Normal,2025-11-13T02:00:00
757,450,5,49,Complete Blood Count,2025-12-04,8.8,g/dL,Abnormal,2025-12-04T20:00:00
758,450,5,49,Complete Blood Count,2026-02-01,16.1,g/dL,Normal,2026-02-03T07:00:00
759,451,5,46,Complete Blood Count,2025-08-08,14.3,g/dL,Critical,2025-08-09T02:00:00
760,451,5,48,Basic Metabolic Panel,2025-10-29,109,mg/dL,Abnormal,2025-10-31T15:00:00
761,452,5,50,Complete Blood Count,2025-05-11,11.8,g/dL,Abnormal,2025-05-12T18:00:00
762,452,5,42,HbA1c,2025-10-06,8.4,%,Normal,2025-10-07T14:00:00
763,453,5,41,Thyroid Panel,2025-09-24,4.3,mIU/L,Normal,2025-09-24T12:00:00
764,454,5,46,Basic Metabolic Panel,2025-02-24,111,mg/dL,Normal,2025-02-24T21:00:00
765,455,5,45,Thyroid Panel,2025-07-07,3.6,mIU/L,Normal,2025-07-09T03:00:00
766,455,5,47,Lipid Panel,2025-10-10,225,mg/dL,Normal,2025-10-12T14:00:00
767,456,5,49,Thyroid Panel,2025-06-07,4.0,mIU/L,Normal,2025-06-09T00:00:00
768,457,5,43,Complete Blood Count,2025-08-17,14.7,g/dL,Normal,2025-08-19T14:00:00
769,457,5,43,Complete Blood Count,2025-07-25,9.9,g/dL,Normal,2025-07-27T14:00:00
770,458,5,41,Lipid Panel,2025-11-22,219,mg/dL,Abnormal,2025-11-22T12:00:00
771,458,5,43,Basic Metabolic Panel,2025-02-15,120,mg/dL,Normal,2025-02-15T16:00:00
772,459,5,50,Complete Blood Count,2025-07-25,14.5,g/dL,Normal,2025-07-27T03:00:00
773,460,5,50,Complete Blood Count,2025-03-31,16.5,g/dL,Normal,2025-04-02T04:00:00
774,461,5,49,HbA1c,2025-11-03,5.8,%,Normal,2025-11-04T20:00:00
775,462,5,43,Complete Blood Count,2025-12-02,11.2,g/dL,Critical,2025-12-02T12:00:00
776,463,5,45,Basic Metabolic Panel,2025-12-09,110,mg/dL,Normal,2025-12-10T13:00:00
777,464,5,41,Complete Blood Count,2025-10-09,16.3,g/dL,Abnormal,2025-10-10T06:00:00
778,465,5,50,HbA1c,2025-05-22,6.8,%,Normal,2025-05-23T02:00:00
779,465,5,44,Basic Metabolic Panel,2025-10-22,116,mg/dL,Normal,2025-10-22T12:00:00
780,466,5,42,Thyroid Panel,2025-05-31,0.9,mIU/L,Critical,2025-06-01T09:00:00
781,467,5,45,Thyroid Panel,2025-10-22,6.6,mIU/L,Normal,2025-10-23T04:00:00
782,467,5,47,Thyroid Panel,2025-05-05,4.0,mIU/L,Normal,2025-05-07T12:00:00
783,468,5,48,Thyroid Panel,2025-09-04,6.9,mIU/L,Normal,2025-09-04T19:00:00
784,468,5,47,Lipid Panel,2025-06-11,178,mg/dL,Critical,2025-06-12T14:00:00
785,469,5,41,HbA1c,2025-02-17,6.1,%,Normal,2025-02-18T13:00:00
786,469,5,46,Complete Blood Count,2025-04-02,13.0,g/dL,Normal,2025-04-03T18:00:00
787,470,5,50,HbA1c,2026-01-18,5.7,%,Critical,2026-01-20T07:00:00
788,471,5,44,Lipid Panel,2025-05-16,181,mg/dL,Normal,2025-05-17T01:00:00
789,472,5,50,HbA1c,2025-02-24,5.5,%,Critical,2025-02-24T19:00:00
790,472,5,48,Thyroid Panel,2025-10-05,0.4,mIU/L,Abnormal,2025-10-05T14:00:00
791,473,5,46,Basic Metabolic Panel,2025-05-21,138,mg/dL,Normal,2025-05-22T19:00:00
792,474,5,49,HbA1c,2026-01-20,7.1,%,Normal,2026-01-22T00:00:00
793,474,5,49,Basic Metabolic Panel,2025-10-04,126,mg/dL,Normal,2025-10-04T14:00:00
794,475,5,43,Basic Metabolic Panel,2025-12-24,80,mg/dL,Normal,2025-12-25T21:00:00
795,476,5,41,Lipid Panel,2025-10-25,217,mg/dL,Normal,2025-10-25T18:00:00
796,476,5,50,HbA1c,2025-05-15,5.7,%,Normal,2025-05-16T03:00:00
797,477,5,46,HbA1c,2025-08-06,5.7,%,Normal,2025-08-07T01:00:00
798,477,5,46,HbA1c,2025-05-24,10.1,%,Normal,2025-05-25T16:00:00
799,477,5,43,Thyroid Panel,2025-02-21,5.6,mIU/L,Normal,2025-02-23T10:00:00
800,478,5,47,Basic Metabolic Panel,2025-03-16,90,mg/dL,Critical,2025-03-18T15:00:00
801,479,5,41,Lipid Panel,2025-09-13,227,mg/dL,Critical,2025-09-13T20:00:00
802,480,5,49,Thyroid Panel,2025-09-07,5.8,mIU/L,Normal,2025-09-08T07:00:00
803,480,5,50,Complete Blood Count,2025-12-20,11.6,g/dL,Normal,2025-12-20T22:00:00
804,481,5,48,Complete Blood Count,2025-06-21,12.0,g/dL,Normal,2025-06-22T04:00:00
805,481,5,49,Thyroid Panel,2025-05-12,7.5,mIU/L,Normal,2025-05-13T10:00:00
806,482,5,50,Lipid Panel,2025-10-22,267,mg/dL,Normal,2025-10-24T05:00:00
807,483,5,45,HbA1c,2025-09-19,6.6,%,Abnormal,2025-09-20T19:00:00
808,484,5,42,Basic Metabolic Panel,2025-08-26,101,mg/dL,Critical,2025-08-28T04:00:00
809,485,5,46,Basic Metabolic Panel,2025-07-27,138,mg/dL,Abnormal,2025-07-29T18:00:00
810,485,5,42,Lipid Panel,2025-04-27,207,mg/dL,Normal,2025-04-28T08:00:00
811,485,5,45,HbA1c,2025-07-22,8.4,%,Abnormal,2025-07-23T05:00:00
812,486,5,46,Thyroid Panel,2025-08-19,4.3,mIU/L,Normal,2025-08-20T14:00:00
813,486,5,41,Lipid Panel,2025-12-05,180,mg/dL,Critical,2025-12-06T04:00:00
814,487,5,42,Lipid Panel,2025-07-23,162,mg/dL,Normal,2025-07-23T18:00:00
815,487,5,48,Thyroid Panel,2026-01-30,0.7,mIU/L,Normal,2026-01-31T13:00:00
816,488,5,42,HbA1c,2025-02-13,8.5,%,Critical,2025-02-15T05:00:00
817,488,5,47,HbA1c,2026-01-13,6.0,%,Normal,2026-01-14T06:00:00
818,488,5,43,Lipid Panel,2025-03-29,254,mg/dL,Normal,2025-03-29T13:00:00
819,489,5,46,Basic Metabolic Panel,2025-10-04,124,mg/dL,Normal,2025-10-06T23:00:00
820,490,5,49,Lipid Panel,2025-11-02,271,mg/dL,Normal,2025-11-03T17:00:00
821,491,5,50,Basic Metabolic Panel,2025-11-24,132,mg/dL,Normal,2025-11-26T04:00:00
822,491,5,46,Basic Metabolic Panel,2025-04-27,134,mg/dL,Normal,2025-04-29T15:00:00
823,492,5,47,HbA1c,2025-01-06,5.5,%,Normal,2025-01-06T12:00:00
824,493,5,43,HbA1c,2025-10-01,6.4,%,Normal,2025-10-01T12:00:00
825,493,5,48,Basic Metabolic Panel,2025-01-05,103,mg/dL,Normal,2025-01-07T13:00:00
826,494,5,44,Complete Blood Count,2025-04-07,12.9,g/dL,Abnormal,2025-04-08T14:00:00
827,495,5,44,Lipid Panel,2025-07-13,219,mg/dL,Normal,2025-07-14T02:00:00
828,496,5,44,Thyroid Panel,2025-11-10,6.2,mIU/L,Normal,2025-11-12T15:00:00
829,497,5,49,HbA1c,2025-02-05,7.2,%,Normal,2025-02-05T23:00:00
830,498,5,48,Thyroid Panel,2025-12-25,3.8,mIU/L,Normal,2025-12-27T03:00:00
831,499,5,43,Complete Blood Count,2025-01-12,16.7,g/dL,Critical,2025-01-12T23:00:00
832,500,5,43,Basic Metabolic Panel,2025-04-30,66,mg/dL,Normal,2025-04-30T17:00:00
833,501,6,56,Basic Metabolic Panel,2025-09-13,104,mg/dL,Normal,2025-09-14T11:00:00
834,502,6,56,Complete Blood Count,2025-03-16,15.6,g/dL,Normal,2025-03-16T15:00:00
835,502,6,57,Complete Blood Count,2025-04-03,12.9,g/dL,Abnormal,2025-04-04T00:00:00
836,503,6,57,Complete Blood Count,2026-01-29,9.1,g/dL,Normal,2026-01-31T09:00:00
837,504,6,58,Lipid Panel,2025-04-12,128,mg/dL,Abnormal,2025-04-13T17:00:00
838,504,6,52,Thyroid Panel,2025-04-17,5.4,mIU/L,Normal,2025-04-18T18:00:00
839,505,6,56,Lipid Panel,2026-01-17,130,mg/dL,Normal,2026-01-19T23:00:00
840,505,6,52,HbA1c,2025-06-02,7.6,%,Normal,2025-06-03T00:00:00
841,505,6,51,Lipid Panel,2025-05-01,148,mg/dL,Normal,2025-05-03T04:00:00
842,506,6,55,Thyroid Panel,2025-05-05,1.2,mIU/L,Critical,2025-05-05T12:00:00
843,507,6,58,Thyroid Panel,2026-01-30,1.5,mIU/L,Normal,2026-01-30T17:00:00
844,507,6,58,Complete Blood Count,2025-06-23,14.2,g/dL,Critical,2025-06-25T23:00:00
845,508,6,51,Complete Blood Count,2025-03-20,11.2,g/dL,Normal,2025-03-22T08:00:00
846,508,6,52,Lipid Panel,2025-04-30,244,mg/dL,Critical,2025-05-01T08:00:00
847,509,6,56,Basic Metabolic Panel,2025-01-11,89,mg/dL,Normal,2025-01-13T08:00:00
848,509,6,53,HbA1c,2025-09-06,10.3,%,Normal,2025-09-08T09:00:00
849,510,6,58,Lipid Panel,2025-04-06,265,mg/dL,Normal,2025-04-07T22:00:00
850,511,6,55,Thyroid Panel,2025-10-11,7.3,mIU/L,Normal,2025-10-11T22:00:00
851,511,6,53,Basic Metabolic Panel,2025-05-15,102,mg/dL,Normal,2025-05-16T22:00:00
852,512,6,59,Basic Metabolic Panel,2025-01-10,88,mg/dL,Abnormal,2025-01-12T03:00:00
853,513,6,54,HbA1c,2025-12-04,9.2,%,Abnormal,2025-12-05T22:00:00
854,513,6,54,Thyroid Panel,2026-01-28,5.6,mIU/L,Normal,2026-01-29T23:00:00
855,514,6,57,HbA1c,2025-09-25,5.2,%,Normal,2025-09-27T06:00:00
856,515,6,53,Lipid Panel,2025-04-14,128,mg/dL,Normal,2025-04-14T18:00:00
857,515,6,52,Complete Blood Count,2025-07-18,13.1,g/dL,Normal,2025-07-20T06:00:00
858,516,6,60,HbA1c,2025-04-24,4.8,%,Abnormal,2025-04-26T02:00:00
859,516,6,51,Lipid Panel,2025-02-10,245,mg/dL,Abnormal,2025-02-11T17:00:00
860,517,6,59,Basic Metabolic Panel,2025-12-29,112,mg/dL,Abnormal,2025-12-29T15:00:00
861,518,6,51,Complete Blood Count,2025-02-09,15.5,g/dL,Normal,2025-02-12T00:00:00
862,519,6,52,Lipid Panel,2025-07-17,256,mg/dL,Normal,2025-07-18T00:00:00
863,519,6,54,Thyroid Panel,2025-04-02,5.1,mIU/L,Abnormal,2025-04-03T23:00:00
864,520,6,52,Thyroid Panel,2025-08-23,3.1,mIU/L,Normal,2025-08-25T08:00:00
865,521,6,53,Lipid Panel,2025-07-25,260,mg/dL,Normal,2025-07-26T20:00:00
866,521,6,53,Thyroid Panel,2025-08-15,8.0,mIU/L,Normal,2025-08-17T23:00:00
867,521,6,56,Thyroid Panel,2025-06-16,7.9,mIU/L,Normal,2025-06-18T18:00:00
868,522,6,57,HbA1c,2025-10-16,8.5,%,Normal,2025-10-17T22:00:00
869,522,6,59,HbA1c,2025-08-20,6.8,%,Critical,2025-08-21T16:00:00
870,523,6,51,HbA1c,2025-09-23,8.4,%,Critical,2025-09-23T20:00:00
871,524,6,55,Lipid Panel,2025-06-11,174,mg/dL,Abnormal,2025-06-11T13:00:00
872,525,6,55,Thyroid Panel,2025-10-20,4.2,mIU/L,Normal,2025-10-22T23:00:00
873,525,6,52,Complete Blood Count,2025-03-21,12.1,g/dL,Normal,2025-03-21T20:00:00
874,525,6,60,Lipid Panel,2025-05-12,179,mg/dL,Normal,2025-05-14T15:00:00
875,526,6,60,Lipid Panel,2026-01-06,139,mg/dL,Abnormal,2026-01-07T08:00:00
876,526,6,53,Basic Metabolic Panel,2025-02-18,138,mg/dL,Normal,2025-02-20T02:00:00
877,527,6,60,Basic Metabolic Panel,2025-01-29,75,mg/dL,Abnormal,2025-01-31T22:00:00
878,528,6,57,Basic Metabolic Panel,2026-01-30,80,mg/dL,Abnormal,2026-01-31T02:00:00
879,529,6,51,Basic Metabolic Panel,2025-06-06,71,mg/dL,Normal,2025-06-07T21:00:00
880,529,6,59,Thyroid Panel,2025-09-15,1.5,mIU/L,Normal,2025-09-17T08:00:00
881,530,6,57,Basic Metabolic Panel,2025-09-16,138,mg/dL,Normal,2025-09-16T17:00:00
882,531,6,57,Lipid Panel,2025-06-22,153,mg/dL,Normal,2025-06-22T17:00:00
883,532,6,59,Basic Metabolic Panel,2025-02-13,98,mg/dL,Normal,2025-02-14T13:00:00
884,532,6,53,Lipid Panel,2025-10-14,243,mg/dL,Normal,2025-10-15T00:00:00
885,533,6,54,Thyroid Panel,2026-01-12,5.0,mIU/L,Normal,2026-01-13T21:00:00
886,533,6,52,HbA1c,2025-06-15,9.5,%,Critical,2025-06-17T07:00:00
887,534,6,57,Basic Metabolic Panel,2025-06-28,111,mg/dL,Normal,2025-06-29T00:00:00
888,535,6,51,HbA1c,2025-06-29,5.6,%,Abnormal,2025-07-01T03:00:00
889,535,6,58,Thyroid Panel,2025-01-23,1.4,mIU/L,Abnormal,2025-01-25T23:00:00
890,536,6,56,Lipid Panel,2025-02-27,141,mg/dL,Normal,2025-03-01T11:00:00
891,537,6,53,HbA1c,2025-12-22,4.6,%,Normal,2025-12-24T15:00:00
892,537,6,58,Basic Metabolic Panel,2025-06-19,67,mg/dL,Abnormal,2025-06-20T01:00:00
893,537,6,54,Lipid Panel,2025-09-25,259,mg/dL,Normal,2025-09-27T12:00:00
894,538,6,53,Complete Blood Count,2025-12-06,11.4,g/dL,Normal,2025-12-07T21:00:00
895,539,6,55,Lipid Panel,2025-05-19,278,mg/dL,Normal,2025-05-19T15:00:00
896,540,6,52,Basic Metabolic Panel,2025-12-06,99,mg/dL,Abnormal,2025-12-08T18:00:00
897,540,6,56,Complete Blood Count,2025-11-29,8.2,g/dL,Normal,2025-11-30T12:00:00
898,540,6,57,Thyroid Panel,2025-02-20,7.8,mIU/L,Normal,2025-02-22T21:00:00
899,541,6,59,Complete Blood Count,2025-09-14,9.7,g/dL,Normal,2025-09-15T17:00:00
900,541,6,51,Complete Blood Count,2025-09-29,10.2,g/dL,Normal,2025-09-30T07:00:00
901,541,6,57,Lipid Panel,2025-06-27,124,mg/dL,Normal,2025-06-29T07:00:00
902,542,6,54,Thyroid Panel,2025-02-01,2.4,mIU/L,Normal,2025-02-03T04:00:00
903,542,6,57,Complete Blood Count,2025-05-24,16.5,g/dL,Normal,2025-05-25T02:00:00
904,543,6,53,Complete Blood Count,2025-09-24,14.6,g/dL,Normal,2025-09-26T07:00:00
905,543,6,54,Basic Metabolic Panel,2025-10-21,95,mg/dL,Normal,2025-10-21T21:00:00
906,543,6,55,Thyroid Panel,2025-10-05,2.8,mIU/L,Normal,2025-10-05T20:00:00
907,544,6,59,Lipid Panel,2025-06-08,155,mg/dL,Abnormal,2025-06-10T08:00:00
908,545,6,53,Basic Metabolic Panel,2025-12-02,83,mg/dL,Normal,2025-12-04T23:00:00
909,545,6,53,HbA1c,2025-09-30,4.9,%,Abnormal,2025-10-03T00:00:00
910,546,6,53,Complete Blood Count,2025-07-31,14.9,g/dL,Normal,2025-08-01T14:00:00
911,547,6,55,Lipid Panel,2025-02-24,168,mg/dL,Normal,2025-02-24T20:00:00
912,547,6,60,Thyroid Panel,2025-10-18,2.4,mIU/L,Normal,2025-10-20T03:00:00
913,548,6,51,HbA1c,2025-09-02,5.0,%,Normal,2025-09-02T20:00:00
914,549,6,56,Lipid Panel,2025-09-09,219,mg/dL,Normal,2025-09-10T18:00:00
915,549,6,54,Lipid Panel,2025-07-29,128,mg/dL,Critical,2025-07-31T12:00:00
916,550,6,57,Lipid Panel,2026-01-23,171,mg/dL,Normal,2026-01-24T01:00:00
917,550,6,58,Thyroid Panel,2025-06-16,4.1,mIU/L,Normal,2025-06-18T19:00:00
918,550,6,54,Basic Metabolic Panel,2025-01-22,116,mg/dL,Abnormal,2025-01-24T02:00:00
919,551,6,56,Basic Metabolic Panel,2025-11-01,138,mg/dL,Normal,2025-11-02T22:00:00
920,552,6,51,Thyroid Panel,2025-08-22,1.1,mIU/L,Abnormal,2025-08-24T16:00:00
921,552,6,54,Thyroid Panel,2026-01-12,4.4,mIU/L,Normal,2026-01-12T14:00:00
922,552,6,59,Complete Blood Count,2025-08-14,9.7,g/dL,Abnormal,2025-08-15T13:00:00
923,553,6,55,Basic Metabolic Panel,2025-08-05,86,mg/dL,Normal,2025-08-06T06:00:00
924,553,6,51,Thyroid Panel,2025-08-26,7.3,mIU/L,Normal,2025-08-28T17:00:00
925,554,6,59,Complete Blood Count,2025-10-27,9.6,g/dL,Abnormal,2025-10-30T00:00:00
926,555,6,57,Basic Metabolic Panel,2025-08-19,106,mg/dL,Normal,2025-08-19T13:00:00
927,555,6,60,Lipid Panel,2025-02-16,236,mg/dL,Normal,2025-02-17T04:00:00
928,556,6,53,Complete Blood Count,2025-12-28,8.8,g/dL,Normal,2025-12-29T16:00:00
929,556,6,52,Thyroid Panel,2026-01-08,5.7,mIU/L,Critical,2026-01-10T14:00:00
930,557,6,53,Basic Metabolic Panel,2025-07-14,135,mg/dL,Abnormal,2025-07-14T14:00:00
931,557,6,56,Thyroid Panel,2025-03-18,7.0,mIU/L,Abnormal,2025-03-18T22:00:00
932,558,6,51,Basic Metabolic Panel,2025-06-08,104,mg/dL,Abnormal,2025-06-10T10:00:00
933,559,6,53,Complete Blood Count,2025-04-14,16.1,g/dL,Normal,2025-04-14T12:00:00
934,560,6,58,Basic Metabolic Panel,2025-10-06,128,mg/dL,Normal,2025-10-08T15:00:00
935,561,6,54,Lipid Panel,2025-12-04,270,mg/dL,Normal,2025-12-05T18:00:00
936,561,6,58,Complete Blood Count,2025-01-04,13.4,g/dL,Abnormal,2025-01-05T03:00:00
937,561,6,55,Thyroid Panel,2025-04-17,5.1,mIU/L,Normal,2025-04-17T15:00:00
938,562,6,56,Complete Blood Count,2025-01-17,9.3,g/dL,Normal,2025-01-19T06:00:00
939,563,6,56,Complete Blood Count,2025-08-02,8.4,g/dL,Normal,2025-08-02T23:00:00
940,563,6,55,Thyroid Panel,2025-12-25,5.4,mIU/L,Normal,2025-12-27T02:00:00
941,564,6,58,Thyroid Panel,2025-01-19,3.1,mIU/L,Abnormal,2025-01-19T17:00:00
942,564,6,56,HbA1c,2025-02-04,10.3,%,Normal,2025-02-06T12:00:00
943,565,6,55,Basic Metabolic Panel,2025-03-04,82,mg/dL,Abnormal,2025-03-06T08:00:00
944,565,6,56,Thyroid Panel,2025-04-18,3.5,mIU/L,Normal,2025-04-20T08:00:00
945,566,6,60,Thyroid Panel,2025-09-05,7.9,mIU/L,Normal,2025-09-07T10:00:00
946,567,6,55,Basic Metabolic Panel,2025-05-13,105,mg/dL,Normal,2025-05-14T21:00:00
947,567,6,60,HbA1c,2025-11-11,10.5,%,Normal,2025-11-13T00:00:00
948,567,6,58,Basic Metabolic Panel,2025-11-09,88,mg/dL,Abnormal,2025-11-10T02:00:00
949,568,6,51,Complete Blood Count,2025-11-17,8.2,g/dL,Normal,2025-11-19T14:00:00
950,568,6,54,Thyroid Panel,2025-07-31,8.0,mIU/L,Normal,2025-07-31T14:00:00
951,568,6,59,Lipid Panel,2025-11-24,122,mg/dL,Normal,2025-11-25T00:00:00
952,569,6,52,HbA1c,2025-10-09,6.5,%,Abnormal,2025-10-10T08:00:00
953,570,6,56,HbA1c,2025-10-19,7.1,%,Critical,2025-10-21T03:00:00
954,571,6,54,HbA1c,2025-12-11,9.9,%,Abnormal,2025-12-12T18:00:00
955,571,6,51,Lipid Panel,2025-03-21,243,mg/dL,Normal,2025-03-23T04:00:00
956,572,6,56,Basic Metabolic Panel,2026-01-16,117,mg/dL,Abnormal,2026-01-16T15:00:00
957,572,6,55,Thyroid Panel,2025-06-11,5.9,mIU/L,Normal,2025-06-12T23:00:00
958,572,6,54,Thyroid Panel,2025-07-01,5.6,mIU/L,Critical,2025-07-01T16:00:00
959,573,6,51,HbA1c,2025-11-17,10.9,%,Abnormal,2025-11-18T22:00:00
960,574,6,57,Lipid Panel,2025-03-01,272,mg/dL,Abnormal,2025-03-03T19:00:00
961,574,6,55,HbA1c,2025-05-20,9.1,%,Normal,2025-05-21T14:00:00
962,575,6,56,Basic Metabolic Panel,2025-04-21,103,mg/dL,Normal,2025-04-22T21:00:00
963,575,6,52,HbA1c,2025-04-14,9.6,%,Normal,2025-04-16T22:00:00
964,575,6,59,Complete Blood Count,2025-09-14,15.2,g/dL,Normal,2025-09-14T21:00:00
965,576,6,59,HbA1c,2025-03-15,9.5,%,Abnormal,2025-03-17T13:00:00
966,576,6,59,Lipid Panel,2026-01-06,172,mg/dL,Normal,2026-01-06T14:00:00
967,576,6,59,Complete Blood Count,2025-01-23,8.0,g/dL,Abnormal,2025-01-25T07:00:00
968,577,6,56,Basic Metabolic Panel,2025-02-22,70,mg/dL,Abnormal,2025-02-23T21:00:00
969,577,6,55,Complete Blood Count,2025-06-09,13.2,g/dL,Abnormal,2025-06-11T04:00:00
970,577,6,56,Lipid Panel,2025-05-27,169,mg/dL,Normal,2025-05-28T05:00:00
971,578,6,52,HbA1c,2025-05-21,5.5,%,Normal,2025-05-21T19:00:00
972,578,6,60,Thyroid Panel,2025-04-16,4.3,mIU/L,Normal,2025-04-17T22:00:00
973,579,6,53,HbA1c,2025-03-29,8.2,%,Normal,2025-03-29T16:00:00
974,580,6,59,Basic Metabolic Panel,2025-03-08,71,mg/dL,Normal,2025-03-08T13:00:00
975,580,6,51,Complete Blood Count,2025-02-14,11.5,g/dL,Normal,2025-02-15T15:00:00
976,580,6,60,Thyroid Panel,2025-12-20,5.1,mIU/L,Normal,2025-12-22T08:00:00
977,581,6,56,Lipid Panel,2025-02-10,256,mg/dL,Abnormal,2025-02-12T23:00:00
978,582,6,53,Complete Blood Count,2025-12-24,15.3,g/dL,Normal,2025-12-25T17:00:00
979,583,6,58,Basic Metabolic Panel,2025-04-25,94,mg/dL,Abnormal,2025-04-25T21:00:00
980,584,6,56,Basic Metabolic Panel,2025-12-25,88,mg/dL,Normal,2025-12-27T22:00:00
981,584,6,56,Basic Metabolic Panel,2025-01-16,127,mg/dL,Normal,2025-01-16T16:00:00
982,585,6,58,Lipid Panel,2026-01-29,192,mg/dL,Normal,2026-01-30T10:00:00
983,586,6,52,Basic Metabolic Panel,2025-06-16,78,mg/dL,Normal,2025-06-17T23:00:00
984,587,6,59,Basic Metabolic Panel,2025-10-30,116,mg/dL,Normal,2025-10-31T14:00:00
985,587,6,54,Thyroid Panel,2025-09-04,1.5,mIU/L,Normal,2025-09-05T12:00:00
986,588,6,60,Basic Metabolic Panel,2025-10-18,120,mg/dL,Normal,2025-10-20T14:00:00
987,589,6,53,Complete Blood Count,2025-12-31,14.7,g/dL,Abnormal,2026-01-02T00:00:00
988,589,6,52,Thyroid Panel,2025-06-16,4.9,mIU/L,Normal,2025-06-17T23:00:00
989,590,6,55,Basic Metabolic Panel,2025-11-03,73,mg/dL,Normal,2025-11-03T18:00:00
990,591,6,57,HbA1c,2025-12-05,7.7,%,Normal,2025-12-05T15:00:00
991,591,6,53,Thyroid Panel,2025-11-22,7.3,mIU/L,Normal,2025-11-24T15:00:00
992,592,6,53,Basic Metabolic Panel,2025-05-30,133,mg/dL,Normal,2025-05-31T12:00:00
993,593,6,54,HbA1c,2025-12-14,6.4,%,Abnormal,2025-12-15T07:00:00
994,594,6,56,Complete Blood Count,2025-11-10,13.2,g/dL,Normal,2025-11-11T20:00:00
995,594,6,53,HbA1c,2025-10-09,4.9,%,Normal,2025-10-09T15:00:00
996,594,6,59,HbA1c,2025-05-25,5.2,%,Normal,2025-05-27T19:00:00
997,595,6,60,Basic Metabolic Panel,2025-12-31,105,mg/dL,Normal,2026-01-01T12:00:00
998,596,6,54,Lipid Panel,2025-03-13,241,mg/dL,Normal,2025-03-14T00:00:00
999,597,6,56,Basic Metabolic Panel,2025-05-28,84,mg/dL,Normal,2025-05-30T19:00:00
1000,597,6,53,Complete Blood Count,2025-01-09,8.6,g/dL,Abnormal,2025-01-09T21:00:00
1001,598,6,57,Lipid Panel,2025-03-12,141,mg/dL,Abnormal,2025-03-14T05:00:00
1002,599,6,60,Basic Metabolic Panel,2025-08-21,88,mg/dL,Normal,2025-08-22T20:00:00
1003,599,6,58,Basic Metabolic Panel,2025-04-26,110,mg/dL,Normal,2025-04-26T23:00:00
1004,599,6,51,Thyroid Panel,2026-01-10,4.1,mIU/L,Abnormal,2026-01-11T03:00:00
1005,600,6,59,Thyroid Panel,2025-01-20,3.1,mIU/L,Normal,2025-01-22T00:00:00
1006,601,7,70,Basic Metabolic Panel,2025-03-14,75,mg/dL,Abnormal,2025-03-16T10:00:00
1007,602,7,65,Basic Metabolic Panel,2025-02-10,131,mg/dL,Abnormal,2025-02-11T21:00:00
1008,602,7,62,Lipid Panel,2025-11-19,240,mg/dL,Normal,2025-11-21T11:00:00
1009,602,7,62,Thyroid Panel,2025-06-09,6.4,mIU/L,Normal,2025-06-11T03:00:00
1010,603,7,61,Basic Metabolic Panel,2025-09-20,123,mg/dL,Normal,2025-09-22T21:00:00
1011,604,7,67,HbA1c,2025-05-31,10.7,%,Normal,2025-06-01T06:00:00
1012,604,7,70,HbA1c,2025-10-16,9.2,%,Normal,2025-10-17T04:00:00
1013,605,7,63,Thyroid Panel,2025-05-30,0.7,mIU/L,Abnormal,2025-06-01T15:00:00
1014,606,7,68,Complete Blood Count,2025-02-09,9.1,g/dL,Abnormal,2025-02-11T18:00:00
1015,607,7,70,HbA1c,2025-05-12,6.3,%,Abnormal,2025-05-12T12:00:00
1016,608,7,70,Lipid Panel,2025-07-09,234,mg/dL,Normal,2025-07-11T15:00:00
1017,608,7,64,Basic Metabolic Panel,2025-09-28,88,mg/dL,Normal,2025-09-30T19:00:00
1018,609,7,63,Thyroid Panel,2025-03-20,7.5,mIU/L,Normal,2025-03-22T17:00:00
1019,609,7,67,Basic Metabolic Panel,2025-12-05,95,mg/dL,Abnormal,2025-12-06T16:00:00
1020,609,7,63,Lipid Panel,2026-01-11,267,mg/dL,Normal,2026-01-13T17:00:00
1021,610,7,62,Complete Blood Count,2025-07-24,9.5,g/dL,Normal,2025-07-25T18:00:00
1022,610,7,69,Lipid Panel,2025-12-16,217,mg/dL,Normal,2025-12-18T09:00:00
1023,611,7,69,Basic Metabolic Panel,2025-05-28,66,mg/dL,Abnormal,2025-05-30T23:00:00
1024,612,7,66,Thyroid Panel,2025-01-22,5.6,mIU/L,Abnormal,2025-01-22T18:00:00
1025,613,7,67,Thyroid Panel,2025-05-20,7.4,mIU/L,Normal,2025-05-21T09:00:00
1026,613,7,62,HbA1c,2025-07-20,8.8,%,Abnormal,2025-07-21T17:00:00
1027,614,7,70,Lipid Panel,2025-06-22,253,mg/dL,Normal,2025-06-24T07:00:00
1028,614,7,63,HbA1c,2025-12-11,8.1,%,Abnormal,2025-12-11T12:00:00
1029,615,7,62,Thyroid Panel,2025-08-17,1.1,mIU/L,Normal,2025-08-18T10:00:00
1030,616,7,64,Complete Blood Count,2025-02-17,8.2,g/dL,Critical,2025-02-17T15:00:00
1031,617,7,64,Thyroid Panel,2025-12-29,5.2,mIU/L,Normal,2025-12-29T19:00:00
1032,617,7,70,Lipid Panel,2025-12-03,216,mg/dL,Abnormal,2025-12-05T12:00:00
1033,618,7,63,Complete Blood Count,2025-05-10,14.3,g/dL,Normal,2025-05-11T06:00:00
1034,618,7,62,Basic Metabolic Panel,2026-01-29,100,mg/dL,Normal,2026-01-30T15:00:00
1035,619,7,66,HbA1c,2025-02-07,5.6,%,Abnormal,2025-02-08T05:00:00
1036,619,7,67,Basic Metabolic Panel,2025-01-31,107,mg/dL,Critical,2025-02-01T04:00:00
1037,620,7,68,Complete Blood Count,2025-04-13,12.4,g/dL,Normal,2025-04-15T03:00:00
1038,621,7,62,Lipid Panel,2026-01-29,258,mg/dL,Normal,2026-01-30T15:00:00
1039,621,7,62,Basic Metabolic Panel,2025-02-22,98,mg/dL,Normal,2025-02-22T14:00:00
1040,622,7,65,Basic Metabolic Panel,2025-09-12,67,mg/dL,Normal,2025-09-12T21:00:00
1041,622,7,61,Complete Blood Count,2025-05-17,14.0,g/dL,Abnormal,2025-05-17T21:00:00
1042,623,7,70,Complete Blood Count,2026-01-30,12.6,g/dL,Normal,2026-01-31T19:00:00
1043,623,7,67,Complete Blood Count,2025-01-02,12.9,g/dL,Critical,2025-01-03T12:00:00
1044,623,7,68,Complete Blood Count,2025-07-03,13.1,g/dL,Normal,2025-07-04T09:00:00
1045,624,7,62,HbA1c,2025-06-24,8.0,%,Abnormal,2025-06-24T17:00:00
1046,625,7,65,Lipid Panel,2025-10-11,165,mg/dL,Critical,2025-10-11T14:00:00
1047,625,7,64,HbA1c,2025-02-24,9.0,%,Normal,2025-02-26T04:00:00
1048,626,7,68,Lipid Panel,2025-01-19,155,mg/dL,Normal,2025-01-20T00:00:00
1049,627,7,64,Basic Metabolic Panel,2025-02-02,114,mg/dL,Normal,2025-02-04T14:00:00
1050,627,7,65,Basic Metabolic Panel,2025-08-19,133,mg/dL,Normal,2025-08-19T13:00:00
1051,627,7,61,HbA1c,2025-01-22,9.6,%,Normal,2025-01-23T13:00:00
1052,628,7,69,Basic Metabolic Panel,2025-03-18,133,mg/dL,Normal,2025-03-20T11:00:00
1053,628,7,62,Complete Blood Count,2025-09-08,14.6,g/dL,Normal,2025-09-10T05:00:00
1054,629,7,70,Complete Blood Count,2025-11-29,10.2,g/dL,Normal,2025-11-29T20:00:00
1055,629,7,61,HbA1c,2025-02-19,9.8,%,Normal,2025-02-20T17:00:00
1056,629,7,70,Complete Blood Count,2025-02-24,15.4,g/dL,Normal,2025-02-24T19:00:00
1057,630,7,64,Complete Blood Count,2025-08-07,15.2,g/dL,Abnormal,2025-08-08T09:00:00
1058,630,7,67,HbA1c,2025-12-17,5.3,%,Normal,2025-12-19T00:00:00
1059,631,7,64,Complete Blood Count,2025-06-21,13.3,g/dL,Normal,2025-06-21T16:00:00
1060,632,7,67,Lipid Panel,2025-10-11,214,mg/dL,Normal,2025-10-11T22:00:00
1061,633,7,61,Lipid Panel,2025-11-20,145,mg/dL,Normal,2025-11-22T03:00:00
1062,633,7,63,Complete Blood Count,2025-02-11,15.9,g/dL,Normal,2025-02-11T12:00:00
1063,633,7,62,Thyroid Panel,2025-08-02,7.1,mIU/L,Abnormal,2025-08-04T08:00:00
1064,634,7,63,Lipid Panel,2025-11-24,156,mg/dL,Normal,2025-11-25T05:00:00
1065,634,7,67,Lipid Panel,2025-11-09,164,mg/dL,Normal,2025-11-11T08:00:00
1066,635,7,68,Thyroid Panel,2025-11-18,7.6,mIU/L,Abnormal,2025-11-20T16:00:00
1067,636,7,61,Thyroid Panel,2025-03-02,2.1,mIU/L,Critical,2025-03-03T21:00:00
1068,637,7,69,Thyroid Panel,2026-01-30,2.0,mIU/L,Normal,2026-02-01T04:00:00
1069,637,7,65,Complete Blood Count,2025-03-18,9.7,g/dL,Abnormal,2025-03-20T07:00:00
1070,638,7,68,Lipid Panel,2025-12-10,160,mg/dL,Normal,2025-12-12T23:00:00
1071,638,7,66,HbA1c,2025-05-09,5.9,%,Normal,2025-05-10T09:00:00
1072,638,7,68,Complete Blood Count,2025-01-27,8.9,g/dL,Normal,2025-01-29T23:00:00
1073,639,7,61,Basic Metabolic Panel,2025-03-01,130,mg/dL,Abnormal,2025-03-01T16:00:00
1074,640,7,70,Thyroid Panel,2025-04-12,2.8,mIU/L,Normal,2025-04-14T11:00:00
1075,640,7,66,Lipid Panel,2025-06-16,148,mg/dL,Normal,2025-06-17T02:00:00
1076,641,7,64,Basic Metabolic Panel,2025-02-07,93,mg/dL,Normal,2025-02-08T18:00:00
1077,641,7,61,Basic Metabolic Panel,2025-04-21,83,mg/dL,Normal,2025-04-23T23:00:00
1078,642,7,66,Lipid Panel,2026-01-04,237,mg/dL,Normal,2026-01-05T00:00:00
1079,643,7,64,HbA1c,2025-12-21,5.3,%,Normal,2025-12-23T00:00:00
1080,643,7,63,Complete Blood Count,2025-08-23,15.7,g/dL,Normal,2025-08-24T14:00:00
1081,643,7,66,Lipid Panel,2025-11-06,195,mg/dL,Abnormal,2025-11-06T22:00:00
1082,644,7,70,Lipid Panel,2025-10-11,267,mg/dL,Normal,2025-10-13T18:00:00
1083,644,7,67,Thyroid Panel,2025-04-21,4.1,mIU/L,Normal,2025-04-23T01:00:00
1084,645,7,61,Basic Metabolic Panel,2025-05-07,96,mg/dL,Normal,2025-05-08T08:00:00
1085,646,7,70,Lipid Panel,2025-01-03,266,mg/dL,Critical,2025-01-04T14:00:00
1086,647,7,68,Thyroid Panel,2025-09-29,0.6,mIU/L,Normal,2025-09-30T13:00:00
1087,648,7,62,Basic Metabolic Panel,2025-05-04,128,mg/dL,Normal,2025-05-04T17:00:00
1088,648,7,61,Basic Metabolic Panel,2025-03-09,92,mg/dL,Normal,2025-03-10T10:00:00
1089,649,7,62,Complete Blood Count,2025-06-06,12.3,g/dL,Abnormal,2025-06-06T22:00:00
1090,649,7,70,Thyroid Panel,2025-08-21,0.5,mIU/L,Abnormal,2025-08-22T17:00:00
1091,650,7,67,Lipid Panel,2025-11-17,214,mg/dL,Abnormal,2025-11-18T17:00:00
1092,650,7,61,Complete Blood Count,2025-12-20,11.5,g/dL,Normal,2025-12-21T09:00:00
1093,650,7,65,Basic Metabolic Panel,2025-12-24,99,mg/dL,Normal,2025-12-27T00:00:00
1094,651,7,64,Complete Blood Count,2025-06-21,13.6,g/dL,Critical,2025-06-23T11:00:00
1095,651,7,69,HbA1c,2025-02-26,10.3,%,Normal,2025-02-27T12:00:00
1096,652,7,66,HbA1c,2025-10-14,5.6,%,Normal,2025-10-16T09:00:00
1097,652,7,64,Lipid Panel,2025-05-03,205,mg/dL,Normal,2025-05-04T22:00:00
1098,653,7,70,Lipid Panel,2025-06-14,177,mg/dL,Abnormal,2025-06-15T10:00:00
1099,654,7,67,HbA1c,2025-07-10,4.9,%,Normal,2025-07-11T10:00:00
1100,654,7,69,Thyroid Panel,2025-08-29,6.7,mIU/L,Normal,2025-08-31T09:00:00
1101,655,7,65,Basic Metabolic Panel,2025-12-11,112,mg/dL,Normal,2025-12-14T00:00:00
1102,655,7,62,Lipid Panel,2025-02-14,237,mg/dL,Normal,2025-02-14T17:00:00
1103,656,7,62,Complete Blood Count,2025-02-27,9.5,g/dL,Normal,2025-03-01T08:00:00
1104,657,7,64,Thyroid Panel,2025-01-12,7.6,mIU/L,Normal,2025-01-13T06:00:00
1105,658,7,63,Basic Metabolic Panel,2025-08-04,109,mg/dL,Abnormal,2025-08-05T16:00:00
1106,658,7,61,HbA1c,2025-01-12,5.7,%,Abnormal,2025-01-14T19:00:00
1107,659,7,69,HbA1c,2025-06-25,7.2,%,Normal,2025-06-27T05:00:00
1108,659,7,66,Basic Metabolic Panel,2025-12-07,140,mg/dL,Normal,2025-12-09T08:00:00
1109,660,7,68,HbA1c,2025-06-06,8.2,%,Abnormal,2025-06-06T22:00:00
1110,660,7,64,Basic Metabolic Panel,2025-05-28,112,mg/dL,Abnormal,2025-05-30T13:00:00
1111,661,7,65,Basic Metabolic Panel,2025-11-13,86,mg/dL,Normal,2025-11-15T23:00:00
1112,662,7,63,Lipid Panel,2025-03-24,159,mg/dL,Normal,2025-03-25T03:00:00
1113,662,7,66,Thyroid Panel,2025-05-14,1.3,mIU/L,Normal,2025-05-15T11:00:00
1114,663,7,61,HbA1c,2025-03-17,10.9,%,Normal,2025-03-18T11:00:00
1115,663,7,63,Thyroid Panel,2025-01-13,2.6,mIU/L,Critical,2025-01-14T13:00:00
1116,664,7,68,HbA1c,2026-01-14,5.5,%,Critical,2026-01-15T22:00:00
1117,664,7,66,HbA1c,2025-05-29,7.6,%,Abnormal,2025-06-01T00:00:00
1118,665,7,63,Thyroid Panel,2025-08-15,5.9,mIU/L,Normal,2025-08-16T09:00:00
1119,665,7,68,Complete Blood Count,2025-10-10,9.3,g/dL,Normal,2025-10-10T19:00:00
1120,665,7,67,Thyroid Panel,2025-08-17,6.8,mIU/L,Normal,2025-08-18T10:00:00
1121,666,7,64,Thyroid Panel,2026-01-28,4.4,mIU/L,Normal,2026-01-29T05:00:00
1122,667,7,68,Complete Blood Count,2025-07-21,16.8,g/dL,Normal,2025-07-22T00:00:00
1123,668,7,69,Complete Blood Count,2025-07-04,16.2,g/dL,Normal,2025-07-05T13:00:00
1124,668,7,67,HbA1c,2025-01-07,7.0,%,Normal,2025-01-08T06:00:00
1125,669,7,68,Thyroid Panel,2026-01-08,1.0,mIU/L,Normal,2026-01-10T20:00:00
1126,670,7,68,HbA1c,2026-01-08,5.6,%,Normal,2026-01-10T21:00:00
1127,670,7,67,Lipid Panel,2025-11-03,270,mg/dL,Normal,2025-11-03T17:00:00
1128,670,7,65,Basic Metabolic Panel,2025-06-21,132,mg/dL,Critical,2025-06-21T16:00:00
1129,671,7,67,Complete Blood Count,2025-11-24,8.1,g/dL,Normal,2025-11-26T22:00:00
1130,671,7,63,Thyroid Panel,2025-10-18,3.9,mIU/L,Abnormal,2025-10-20T12:00:00
1131,672,7,67,HbA1c,2025-01-22,8.1,%,Abnormal,2025-01-24T16:00:00
1132,673,7,65,Basic Metabolic Panel,2026-01-14,136,mg/dL,Normal,2026-01-15T17:00:00
1133,673,7,61,Lipid Panel,2025-06-03,187,mg/dL,Abnormal,2025-06-05T04:00:00
1134,674,7,65,Basic Metabolic Panel,2025-09-09,87,mg/dL,Normal,2025-09-11T22:00:00
1135,675,7,62,HbA1c,2025-02-04,7.7,%,Abnormal,2025-02-06T02:00:00
1136,676,7,70,Basic Metabolic Panel,2025-11-18,98,mg/dL,Normal,2025-11-20T07:00:00
1137,676,7,62,HbA1c,2025-10-22,7.8,%,Abnormal,2025-10-22T13:00:00
1138,677,7,61,Lipid Panel,2025-08-25,201,mg/dL,Normal,2025-08-27T20:00:00
1139,678,7,61,HbA1c,2025-11-22,6.8,%,Critical,2025-11-24T22:00:00
1140,679,7,65,Thyroid Panel,2025-02-09,5.2,mIU/L,Normal,2025-02-10T20:00:00
1141,680,7,62,Thyroid Panel,2025-10-06,6.1,mIU/L,Abnormal,2025-10-07T08:00:00
1142,680,7,65,HbA1c,2025-12-19,9.0,%,Normal,2025-12-20T11:00:00
1143,681,7,63,Complete Blood Count,2025-05-25,9.2,g/dL,Abnormal,2025-05-26T11:00:00
1144,681,7,67,HbA1c,2025-03-25,10.5,%,Normal,2025-03-25T18:00:00
1145,682,7,64,Thyroid Panel,2025-09-27,5.0,mIU/L,Normal,2025-09-29T18:00:00
1146,682,7,69,Complete Blood Count,2025-02-09,11.8,g/dL,Abnormal,2025-02-09T19:00:00
1147,683,7,68,HbA1c,2025-07-05,6.5,%,Abnormal,2025-07-05T20:00:00
1148,683,7,70,Thyroid Panel,2025-06-25,6.2,mIU/L,Abnormal,2025-06-25T23:00:00
1149,683,7,61,Complete Blood Count,2025-12-22,10.0,g/dL,Normal,2025-12-22T21:00:00
1150,684,7,64,Lipid Panel,2025-08-06,140,mg/dL,Abnormal,2025-08-08T08:00:00
1151,685,7,61,Basic Metabolic Panel,2025-01-22,120,mg/dL,Normal,2025-01-23T00:00:00
1152,686,7,69,Thyroid Panel,2025-03-02,0.8,mIU/L,Normal,2025-03-04T22:00:00
1153,686,7,62,HbA1c,2026-01-22,8.8,%,Abnormal,2026-01-22T18:00:00
1154,687,7,64,Thyroid Panel,2025-04-05,7.2,mIU/L,Normal,2025-04-07T06:00:00
1155,687,7,62,Lipid Panel,2025-10-24,191,mg/dL,Normal,2025-10-25T10:00:00
1156,687,7,69,Thyroid Panel,2025-10-19,2.2,mIU/L,Normal,2025-10-19T16:00:00
1157,688,7,61,Thyroid Panel,2025-04-09,2.0,mIU/L,Normal,2025-04-10T06:00:00
1158,688,7,69,Complete Blood Count,2025-02-20,16.8,g/dL,Normal,2025-02-22T23:00:00
1159,689,7,68,HbA1c,2025-04-05,9.0,%,Normal,2025-04-06T16:00:00
1160,689,7,62,Lipid Panel,2025-07-14,210,mg/dL,Normal,2025-07-15T15:00:00
1161,690,7,62,HbA1c,2025-02-26,5.3,%,Normal,2025-02-27T21:00:00
1162,691,7,65,Thyroid Panel,2025-02-12,5.9,mIU/L,Normal,2025-02-13T08:00:00
1163,691,7,67,HbA1c,2026-01-12,7.5,%,Normal,2026-01-13T07:00:00
1164,692,7,64,Thyroid Panel,2025-08-08,3.4,mIU/L,Abnormal,2025-08-09T00:00:00
1165,692,7,68,HbA1c,2025-12-12,5.7,%,Normal,2025-12-13T19:00:00
1166,693,7,69,Complete Blood Count,2025-07-22,9.1,g/dL,Normal,2025-07-23T13:00:00
1167,694,7,63,Complete Blood Count,2025-04-12,11.3,g/dL,Normal,2025-04-13T09:00:00
1168,694,7,67,Complete Blood Count,2025-08-06,10.1,g/dL,Normal,2025-08-08T10:00:00
1169,694,7,70,Thyroid Panel,2025-11-26,2.4,mIU/L,Normal,2025-11-29T00:00:00
1170,695,7,70,Basic Metabolic Panel,2025-09-19,127,mg/dL,Normal,2025-09-20T05:00:00
1171,696,7,62,HbA1c,2025-04-29,7.7,%,Critical,2025-05-01T04:00:00
1172,697,7,61,Complete Blood Count,2025-01-14,12.5,g/dL,Normal,2025-01-14T23:00:00
1173,698,7,63,HbA1c,2025-02-19,8.5,%,Normal,2025-02-21T12:00:00
1174,698,7,69,Basic Metabolic Panel,2025-04-14,124,mg/dL,Normal,2025-04-15T06:00:00
1175,699,7,65,Thyroid Panel,2025-10-04,2.9,mIU/L,Normal,2025-10-05T22:00:00
1176,700,7,67,Complete Blood Count,2025-06-11,11.5,g/dL,Normal,2025-06-13T18:00:00
1177,700,7,68,Complete Blood Count,2025-10-13,8.3,g/dL,Abnormal,2025-10-15T06:00:00
1178,701,8,73,Basic Metabolic Panel,2025-03-10,120,mg/dL,Abnormal,2025-03-11T07:00:00
1179,702,8,72,Thyroid Panel,2025-12-04,5.5,mIU/L,Normal,2025-12-05T23:00:00
1180,703,8,78,Thyroid Panel,2025-09-17,6.9,mIU/L,Normal,2025-09-17T15:00:00
1181,703,8,78,Thyroid Panel,2025-11-12,7.8,mIU/L,Normal,2025-11-14T07:00:00
1182,704,8,76,Complete Blood Count,2025-01-24,8.3,g/dL,Abnormal,2025-01-24T20:00:00
1183,704,8,76,Thyroid Panel,2025-11-17,0.5,mIU/L,Normal,2025-11-18T09:00:00
1184,704,8,77,HbA1c,2025-07-30,10.9,%,Normal,2025-07-31T10:00:00
1185,705,8,74,HbA1c,2025-12-19,8.4,%,Abnormal,2025-12-19T16:00:00
1186,706,8,73,Complete Blood Count,2025-01-20,12.8,g/dL,Normal,2025-01-21T17:00:00
1187,707,8,79,Basic Metabolic Panel,2025-01-11,99,mg/dL,Normal,2025-01-13T08:00:00
1188,708,8,76,Basic Metabolic Panel,2025-07-19,138,mg/dL,Normal,2025-07-20T08:00:00
1189,709,8,72,Lipid Panel,2025-09-12,206,mg/dL,Abnormal,2025-09-13T20:00:00
1190,709,8,76,Lipid Panel,2025-06-03,277,mg/dL,Critical,2025-06-04T11:00:00
1191,710,8,72,Thyroid Panel,2025-05-16,1.9,mIU/L,Normal,2025-05-16T15:00:00
1192,711,8,74,Thyroid Panel,2025-02-17,6.0,mIU/L,Abnormal,2025-02-19T09:00:00
1193,711,8,72,Thyroid Panel,2025-02-04,2.9,mIU/L,Abnormal,2025-02-06T00:00:00
1194,712,8,74,HbA1c,2025-11-30,9.7,%,Normal,2025-12-02T16:00:00
1195,713,8,77,Thyroid Panel,2025-08-01,2.7,mIU/L,Normal,2025-08-02T13:00:00
1196,713,8,79,Basic Metabolic Panel,2025-04-03,135,mg/dL,Normal,2025-04-05T20:00:00
1197,714,8,73,Thyroid Panel,2025-12-05,4.1,mIU/L,Abnormal,2025-12-07T16:00:00
1198,714,8,78,HbA1c,2025-09-30,10.6,%,Normal,2025-10-02T15:00:00
1199,715,8,77,Thyroid Panel,2025-01-31,5.9,mIU/L,Normal,2025-02-01T21:00:00
1200,715,8,78,Lipid Panel,2025-03-19,181,mg/dL,Normal,2025-03-21T11:00:00
1201,716,8,77,Basic Metabolic Panel,2025-02-02,105,mg/dL,Normal,2025-02-04T04:00:00
1202,717,8,75,Lipid Panel,2025-12-18,185,mg/dL,Normal,2025-12-20T02:00:00
1203,718,8,73,Lipid Panel,2025-05-06,127,mg/dL,Abnormal,2025-05-08T15:00:00
1204,719,8,79,Basic Metabolic Panel,2025-11-28,119,mg/dL,Normal,2025-11-30T21:00:00
1205,720,8,73,Complete Blood Count,2025-05-23,10.3,g/dL,Normal,2025-05-25T06:00:00
1206,721,8,71,Basic Metabolic Panel,2025-01-29,67,mg/dL,Abnormal,2025-01-31T19:00:00
1207,721,8,76,Thyroid Panel,2025-02-02,2.6,mIU/L,Critical,2025-02-04T21:00:00
1208,722,8,72,Basic Metabolic Panel,2025-05-01,82,mg/dL,Normal,2025-05-01T19:00:00
1209,722,8,79,Complete Blood Count,2025-10-25,12.7,g/dL,Abnormal,2025-10-28T00:00:00
1210,722,8,79,HbA1c,2025-02-16,7.7,%,Normal,2025-02-17T03:00:00
1211,723,8,76,HbA1c,2026-01-13,9.9,%,Abnormal,2026-01-14T12:00:00
1212,723,8,74,Basic Metabolic Panel,2025-03-15,92,mg/dL,Normal,2025-03-15T18:00:00
1213,724,8,78,Basic Metabolic Panel,2025-10-29,97,mg/dL,Normal,2025-10-29T15:00:00
1214,724,8,76,Complete Blood Count,2025-08-05,10.8,g/dL,Normal,2025-08-06T18:00:00
1215,724,8,75,Lipid Panel,2025-09-01,212,mg/dL,Normal,2025-09-03T09:00:00
1216,725,8,80,Complete Blood Count,2025-12-06,15.6,g/dL,Critical,2025-12-08T15:00:00
1217,726,8,74,HbA1c,2025-06-08,8.1,%,Critical,2025-06-10T04:00:00
1218,726,8,76,Complete Blood Count,2025-05-02,12.8,g/dL,Normal,2025-05-04T18:00:00
1219,727,8,77,HbA1c,2026-01-23,6.5,%,Normal,2026-01-24T03:00:00
1220,728,8,73,Basic Metabolic Panel,2026-01-28,105,mg/dL,Normal,2026-01-30T05:00:00
1221,728,8,71,HbA1c,2025-09-09,10.1,%,Abnormal,2025-09-10T18:00:00
1222,728,8,76,Basic Metabolic Panel,2025-03-24,77,mg/dL,Normal,2025-03-26T08:00:00
1223,729,8,77,Thyroid Panel,2025-10-08,5.9,mIU/L,Normal,2025-10-10T11:00:00
1224,730,8,71,Lipid Panel,2025-11-25,233,mg/dL,Normal,2025-11-25T20:00:00
1225,730,8,74,HbA1c,2025-02-12,6.5,%,Normal,2025-02-12T19:00:00
1226,731,8,73,Thyroid Panel,2025-06-13,5.6,mIU/L,Normal,2025-06-14T16:00:00
1227,731,8,73,HbA1c,2025-10-31,5.6,%,Normal,2025-11-02T16:00:00
1228,732,8,72,Basic Metabolic Panel,2025-04-04,112,mg/dL,Abnormal,2025-04-05T13:00:00
1229,733,8,80,Lipid Panel,2025-01-12,125,mg/dL,Normal,2025-01-14T23:00:00
1230,733,8,80,Lipid Panel,2025-08-25,142,mg/dL,Normal,2025-08-26T00:00:00
1231,733,8,73,Complete Blood Count,2025-08-08,11.6,g/dL,Normal,2025-08-10T02:00:00
1232,734,8,76,Lipid Panel,2025-03-02,265,mg/dL,Abnormal,2025-03-02T12:00:00
1233,735,8,78,Basic Metabolic Panel,2025-04-25,80,mg/dL,Normal,2025-04-27T09:00:00
1234,736,8,75,HbA1c,2025-07-15,9.4,%,Normal,2025-07-15T20:00:00
1235,736,8,74,Thyroid Panel,2025-05-25,2.0,mIU/L,Normal,2025-05-27T10:00:00
1236,736,8,77,Lipid Panel,2025-03-16,224,mg/dL,Normal,2025-03-16T13:00:00
1237,737,8,80,Basic Metabolic Panel,2025-07-09,96,mg/dL,Normal,2025-07-11T01:00:00
1238,738,8,71,Basic Metabolic Panel,2025-06-15,82,mg/dL,Normal,2025-06-17T08:00:00
1239,739,8,77,Basic Metabolic Panel,2025-02-07,97,mg/dL,Normal,2025-02-07T18:00:00
1240,740,8,74,Basic Metabolic Panel,2025-11-07,110,mg/dL,Normal,2025-11-10T00:00:00
1241,741,8,71,Complete Blood Count,2025-11-14,10.3,g/dL,Normal,2025-11-15T12:00:00
1242,741,8,77,HbA1c,2025-10-14,5.4,%,Normal,2025-10-14T14:00:00
1243,742,8,79,Basic Metabolic Panel,2025-08-28,108,mg/dL,Normal,2025-08-28T20:00:00
1244,743,8,77,Lipid Panel,2025-03-01,186,mg/dL,Normal,2025-03-02T08:00:00
1245,743,8,73,Basic Metabolic Panel,2026-01-18,100,mg/dL,Critical,2026-01-19T11:00:00
1246,744,8,75,Thyroid Panel,2025-05-16,6.7,mIU/L,Normal,2025-05-17T21:00:00
1247,745,8,76,Basic Metabolic Panel,2025-10-12,84,mg/dL,Critical,2025-10-14T18:00:00
1248,745,8,78,Complete Blood Count,2025-01-28,9.7,g/dL,Normal,2025-01-29T02:00:00
1249,745,8,78,HbA1c,2025-08-28,5.6,%,Normal,2025-08-29T15:00:00
1250,746,8,78,Complete Blood Count,2025-12-30,12.0,g/dL,Normal,2025-12-31T23:00:00
1251,746,8,78,Complete Blood Count,2025-03-17,15.6,g/dL,Normal,2025-03-17T19:00:00
1252,746,8,74,HbA1c,2025-03-28,5.7,%,Normal,2025-03-30T11:00:00
1253,747,8,80,Lipid Panel,2025-01-03,269,mg/dL,Abnormal,2025-01-04T21:00:00
1254,748,8,72,Lipid Panel,2025-12-13,247,mg/dL,Abnormal,2025-12-13T18:00:00
1255,749,8,72,Basic Metabolic Panel,2025-10-30,112,mg/dL,Critical,2025-11-01T23:00:00
1256,750,8,73,Complete Blood Count,2025-12-29,8.7,g/dL,Normal,2025-12-31T06:00:00
1257,750,8,75,Thyroid Panel,2025-06-18,5.4,mIU/L,Normal,2025-06-18T14:00:00
1258,751,8,76,Thyroid Panel,2025-01-25,1.3,mIU/L,Normal,2025-01-27T15:00:00
1259,751,8,76,Complete Blood Count,2025-10-08,14.7,g/dL,Normal,2025-10-11T00:00:00
1260,751,8,72,Basic Metabolic Panel,2025-04-02,97,mg/dL,Critical,2025-04-03T03:00:00
1261,752,8,72,Complete Blood Count,2025-03-25,15.7,g/dL,Abnormal,2025-03-26T12:00:00
1262,752,8,75,Lipid Panel,2025-06-02,150,mg/dL,Abnormal,2025-06-03T19:00:00
1263,752,8,75,Thyroid Panel,2025-12-07,1.3,mIU/L,Abnormal,2025-12-07T18:00:00
1264,753,8,78,Basic Metabolic Panel,2025-09-01,114,mg/dL,Normal,2025-09-02T05:00:00
1265,753,8,77,Complete Blood Count,2025-07-08,14.8,g/dL,Normal,2025-07-10T03:00:00
1266,754,8,72,Complete Blood Count,2025-08-26,12.6,g/dL,Normal,2025-08-28T07:00:00
1267,754,8,73,Basic Metabolic Panel,2025-11-19,132,mg/dL,Normal,2025-11-21T05:00:00
1268,755,8,77,Complete Blood Count,2025-09-02,16.2,g/dL,Normal,2025-09-03T07:00:00
1269,756,8,75,Lipid Panel,2025-08-07,253,mg/dL,Normal,2025-08-08T06:00:00
1270,757,8,71,Thyroid Panel,2025-08-06,1.1,mIU/L,Normal,2025-08-07T14:00:00
1271,757,8,80,HbA1c,2025-10-27,6.8,%,Abnormal,2025-10-27T17:00:00
1272,758,8,78,Lipid Panel,2025-07-21,166,mg/dL,Normal,2025-07-21T14:00:00
1273,759,8,75,HbA1c,2025-08-21,8.3,%,Normal,2025-08-23T12:00:00
1274,759,8,80,HbA1c,2025-04-06,6.7,%,Normal,2025-04-07T01:00:00
1275,759,8,80,HbA1c,2025-02-24,10.2,%,Normal,2025-02-25T15:00:00
1276,760,8,72,Complete Blood Count,2025-09-02,9.5,g/dL,Normal,2025-09-03T17:00:00
1277,761,8,80,Basic Metabolic Panel,2025-11-13,103,mg/dL,Critical,2025-11-15T16:00:00
1278,761,8,76,Basic Metabolic Panel,2025-02-14,103,mg/dL,Normal,2025-02-14T20:00:00
1279,761,8,74,Complete Blood Count,2025-12-23,15.3,g/dL,Abnormal,2025-12-24T00:00:00
1280,762,8,73,Lipid Panel,2025-11-17,231,mg/dL,Abnormal,2025-11-19T18:00:00
1281,763,8,75,Basic Metabolic Panel,2025-08-31,83,mg/dL,Normal,2025-09-01T15:00:00
1282,764,8,73,Basic Metabolic Panel,2025-08-30,127,mg/dL,Abnormal,2025-08-30T13:00:00
1283,765,8,74,HbA1c,2025-07-20,8.2,%,Normal,2025-07-20T15:00:00
1284,765,8,72,Basic Metabolic Panel,2025-09-11,118,mg/dL,Normal,2025-09-13T11:00:00
1285,766,8,75,Complete Blood Count,2025-09-06,12.4,g/dL,Normal,2025-09-07T20:00:00
1286,766,8,80,Basic Metabolic Panel,2026-01-01,94,mg/dL,Normal,2026-01-01T15:00:00
1287,767,8,76,Thyroid Panel,2025-11-28,0.8,mIU/L,Abnormal,2025-11-29T14:00:00
1288,768,8,80,HbA1c,2025-08-12,7.4,%,Normal,2025-08-12T13:00:00
1289,769,8,78,HbA1c,2025-09-17,7.3,%,Normal,2025-09-18T02:00:00
1290,769,8,76,Thyroid Panel,2026-01-02,6.9,mIU/L,Normal,2026-01-04T06:00:00
1291,770,8,77,Basic Metabolic Panel,2025-08-30,111,mg/dL,Critical,2025-09-01T15:00:00
1292,770,8,73,Thyroid Panel,2025-12-20,1.9,mIU/L,Normal,2025-12-22T11:00:00
1293,770,8,78,Lipid Panel,2025-04-13,164,mg/dL,Normal,2025-04-13T22:00:00
1294,771,8,77,Basic Metabolic Panel,2025-05-01,103,mg/dL,Normal,2025-05-02T01:00:00
1295,772,8,76,HbA1c,2025-03-23,6.8,%,Abnormal,2025-03-23T23:00:00
1296,772,8,79,Complete Blood Count,2025-06-22,15.3,g/dL,Normal,2025-06-23T15:00:00
1297,772,8,74,Complete Blood Count,2025-09-07,13.1,g/dL,Critical,2025-09-08T04:00:00
1298,773,8,71,Thyroid Panel,2025-03-19,2.4,mIU/L,Normal,2025-03-21T18:00:00
1299,773,8,79,Thyroid Panel,2025-12-28,5.5,mIU/L,Critical,2025-12-28T15:00:00
1300,774,8,78,Complete Blood Count,2025-11-09,16.8,g/dL,Abnormal,2025-11-11T03:00:00
1301,775,8,79,Complete Blood Count,2025-03-27,12.6,g/dL,Normal,2025-03-29T04:00:00
1302,775,8,74,HbA1c,2025-05-30,5.5,%,Normal,2025-06-01T09:00:00
1303,775,8,79,Basic Metabolic Panel,2025-03-20,77,mg/dL,Normal,2025-03-22T05:00:00
1304,776,8,72,Lipid Panel,2025-08-01,232,mg/dL,Abnormal,2025-08-03T13:00:00
1305,776,8,74,Basic Metabolic Panel,2025-05-27,108,mg/dL,Normal,2025-05-28T20:00:00
1306,777,8,77,HbA1c,2025-05-06,8.6,%,Abnormal,2025-05-06T21:00:00
1307,778,8,74,Lipid Panel,2025-07-31,229,mg/dL,Normal,2025-08-02T22:00:00
1308,778,8,78,Thyroid Panel,2025-07-05,6.4,mIU/L,Normal,2025-07-08T00:00:00
1309,779,8,71,Thyroid Panel,2025-02-13,7.6,mIU/L,Normal,2025-02-14T09:00:00
1310,780,8,73,Basic Metabolic Panel,2025-07-21,72,mg/dL,Normal,2025-07-23T12:00:00
1311,780,8,73,Thyroid Panel,2025-11-20,0.7,mIU/L,Abnormal,2025-11-22T09:00:00
1312,780,8,79,HbA1c,2025-12-15,7.2,%,Normal,2025-12-17T08:00:00
1313,781,8,76,HbA1c,2025-05-24,4.6,%,Normal,2025-05-26T21:00:00
1314,782,8,77,Basic Metabolic Panel,2025-10-06,91,mg/dL,Abnormal,2025-10-08T03:00:00
1315,782,8,78,HbA1c,2025-11-29,10.3,%,Abnormal,2025-11-30T13:00:00
1316,782,8,75,Complete Blood Count,2025-06-21,8.3,g/dL,Abnormal,2025-06-22T12:00:00
1317,783,8,73,Thyroid Panel,2025-05-26,7.9,mIU/L,Normal,2025-05-27T01:00:00
1318,783,8,79,HbA1c,2026-01-23,7.9,%,Normal,2026-01-25T04:00:00
1319,784,8,79,Thyroid Panel,2026-02-01,2.3,mIU/L,Abnormal,2026-02-02T07:00:00
1320,785,8,72,Complete Blood Count,2025-05-13,15.6,g/dL,Normal,2025-05-15T04:00:00
1321,785,8,72,Complete Blood Count,2025-03-05,14.8,g/dL,Normal,2025-03-06T16:00:00
1322,785,8,71,Basic Metabolic Panel,2025-05-01,108,mg/dL,Abnormal,2025-05-03T15:00:00
1323,786,8,79,Thyroid Panel,2025-06-03,2.1,mIU/L,Normal,2025-06-04T06:00:00
1324,786,8,80,Lipid Panel,2025-09-24,216,mg/dL,Normal,2025-09-26T11:00:00
1325,787,8,80,Lipid Panel,2025-08-21,212,mg/dL,Normal,2025-08-21T18:00:00
1326,788,8,77,Complete Blood Count,2025-08-06,8.8,g/dL,Normal,2025-08-08T20:00:00
1327,789,8,72,HbA1c,2025-07-26,8.9,%,Normal,2025-07-28T01:00:00
1328,790,8,75,Thyroid Panel,2025-08-05,4.1,mIU/L,Normal,2025-08-06T16:00:00
1329,790,8,78,Basic Metabolic Panel,2025-03-15,85,mg/dL,Normal,2025-03-16T20:00:00
1330,791,8,73,Thyroid Panel,2025-03-02,6.9,mIU/L,Normal,2025-03-04T08:00:00
1331,791,8,78,Complete Blood Count,2025-10-14,14.7,g/dL,Critical,2025-10-15T11:00:00
1332,792,8,77,Complete Blood Count,2025-10-20,9.1,g/dL,Normal,2025-10-21T06:00:00
1333,793,8,76,HbA1c,2025-06-05,10.9,%,Normal,2025-06-06T06:00:00
1334,794,8,73,Thyroid Panel,2025-06-06,3.5,mIU/L,Normal,2025-06-08T20:00:00
1335,794,8,73,Basic Metabolic Panel,2025-03-04,65,mg/dL,Normal,2025-03-05T23:00:00
1336,795,8,77,Basic Metabolic Panel,2025-06-08,138,mg/dL,Normal,2025-06-10T00:00:00
1337,795,8,76,Basic Metabolic Panel,2026-01-04,125,mg/dL,Normal,2026-01-06T17:00:00
1338,795,8,73,Thyroid Panel,2026-01-25,5.2,mIU/L,Normal,2026-01-26T16:00:00
1339,796,8,76,Complete Blood Count,2025-12-07,15.2,g/dL,Normal,2025-12-09T03:00:00
1340,797,8,77,HbA1c,2025-12-10,8.0,%,Normal,2025-12-12T20:00:00
1341,798,8,72,Lipid Panel,2025-10-20,126,mg/dL,Abnormal,2025-10-22T04:00:00
1342,799,8,79,Complete Blood Count,2025-02-13,13.8,g/dL,Critical,2025-02-14T00:00:00
1343,799,8,79,Thyroid Panel,2025-10-19,6.1,mIU/L,Normal,2025-10-20T21:00:00
1344,800,8,71,Complete Blood Count,2025-09-30,13.9,g/dL,Critical,2025-09-30T23:00:00
1345,801,9,84,Lipid Panel,2025-08-16,268,mg/dL,Abnormal,2025-08-16T17:00:00
1346,802,9,87,Thyroid Panel,2025-01-12,0.6,mIU/L,Normal,2025-01-13T09:00:00
1347,802,9,87,Complete Blood Count,2025-06-12,15.7,g/dL,Normal,2025-06-13T12:00:00
1348,803,9,82,Thyroid Panel,2025-03-15,1.6,mIU/L,Normal,2025-03-15T23:00:00
1349,804,9,85,Basic Metabolic Panel,2025-01-31,86,mg/dL,Critical,2025-02-02T03:00:00
1350,805,9,81,HbA1c,2025-06-13,7.0,%,Normal,2025-06-13T21:00:00
1351,806,9,87,Complete Blood Count,2025-05-03,8.5,g/dL,Normal,2025-05-05T12:00:00
1352,807,9,89,Thyroid Panel,2025-02-28,3.3,mIU/L,Normal,2025-03-01T05:00:00
1353,808,9,87,Complete Blood Count,2025-07-28,12.4,g/dL,Normal,2025-07-30T04:00:00
1354,809,9,85,Thyroid Panel,2025-12-12,7.7,mIU/L,Normal,2025-12-12T18:00:00
1355,809,9,89,Lipid Panel,2025-10-18,197,mg/dL,Normal,2025-10-19T14:00:00
1356,809,9,89,Lipid Panel,2025-07-11,156,mg/dL,Critical,2025-07-12T22:00:00
1357,810,9,89,Basic Metabolic Panel,2025-08-20,136,mg/dL,Normal,2025-08-20T14:00:00
1358,810,9,88,Thyroid Panel,2025-03-27,2.5,mIU/L,Normal,2025-03-27T12:00:00
1359,811,9,85,Thyroid Panel,2025-12-15,2.2,mIU/L,Critical,2025-12-16T12:00:00
1360,811,9,84,Thyroid Panel,2025-05-25,6.8,mIU/L,Normal,2025-05-25T14:00:00
1361,811,9,89,Thyroid Panel,2025-02-15,0.8,mIU/L,Normal,2025-02-16T13:00:00
1362,812,9,89,HbA1c,2025-04-18,10.2,%,Normal,2025-04-20T03:00:00
1363,812,9,86,HbA1c,2026-01-21,8.6,%,Normal,2026-01-23T09:00:00
1364,813,9,86,HbA1c,2025-11-03,5.9,%,Normal,2025-11-04T09:00:00
1365,814,9,81,Thyroid Panel,2025-01-05,4.0,mIU/L,Normal,2025-01-07T07:00:00
1366,814,9,89,Basic Metabolic Panel,2025-10-03,115,mg/dL,Abnormal,2025-10-03T17:00:00
1367,815,9,82,Thyroid Panel,2025-12-10,0.5,mIU/L,Normal,2025-12-11T16:00:00
1368,815,9,86,Basic Metabolic Panel,2025-07-18,110,mg/dL,Abnormal,2025-07-18T23:00:00
1369,816,9,81,Complete Blood Count,2025-04-09,12.2,g/dL,Normal,2025-04-10T16:00:00
1370,816,9,81,HbA1c,2025-12-30,8.9,%,Normal,2025-12-31T10:00:00
1371,817,9,85,Lipid Panel,2025-09-10,179,mg/dL,Normal,2025-09-11T11:00:00
1372,817,9,88,Thyroid Panel,2025-04-11,1.9,mIU/L,Normal,2025-04-13T16:00:00
1373,818,9,85,Thyroid Panel,2025-03-29,4.2,mIU/L,Normal,2025-03-30T23:00:00
1374,819,9,90,Thyroid Panel,2025-10-29,1.7,mIU/L,Abnormal,2025-10-29T20:00:00
1375,819,9,83,HbA1c,2025-04-27,10.6,%,Normal,2025-04-29T20:00:00
1376,820,9,84,Complete Blood Count,2025-12-21,16.9,g/dL,Normal,2025-12-23T07:00:00
1377,820,9,85,Thyroid Panel,2025-01-02,7.1,mIU/L,Normal,2025-01-05T00:00:00
1378,821,9,81,HbA1c,2025-07-28,7.3,%,Normal,2025-07-29T05:00:00
1379,821,9,89,Basic Metabolic Panel,2025-07-05,128,mg/dL,Abnormal,2025-07-06T21:00:00
1380,822,9,84,Complete Blood Count,2025-08-04,10.5,g/dL,Normal,2025-08-05T22:00:00
1381,822,9,81,Basic Metabolic Panel,2025-06-21,89,mg/dL,Abnormal,2025-06-21T17:00:00
1382,822,9,81,Lipid Panel,2025-02-08,228,mg/dL,Normal,2025-02-10T22:00:00
1383,823,9,85,Complete Blood Count,2025-02-19,13.6,g/dL,Normal,2025-02-19T13:00:00
1384,824,9,90,HbA1c,2025-05-07,10.0,%,Normal,2025-05-07T18:00:00
1385,824,9,86,Complete Blood Count,2025-09-24,15.4,g/dL,Normal,2025-09-26T14:00:00
1386,825,9,90,Thyroid Panel,2025-02-18,3.7,mIU/L,Normal,2025-02-20T04:00:00
1387,826,9,81,Complete Blood Count,2025-12-22,11.4,g/dL,Abnormal,2025-12-22T16:00:00
1388,827,9,88,Complete Blood Count,2025-11-17,10.7,g/dL,Normal,2025-11-18T15:00:00
1389,828,9,89,Complete Blood Count,2025-07-15,10.7,g/dL,Normal,2025-07-16T13:00:00
1390,828,9,87,Lipid Panel,2025-12-04,273,mg/dL,Normal,2025-12-06T03:00:00
1391,829,9,87,Thyroid Panel,2025-06-23,5.1,mIU/L,Critical,2025-06-25T05:00:00
1392,830,9,88,Thyroid Panel,2025-04-09,2.8,mIU/L,Normal,2025-04-09T18:00:00
1393,830,9,90,Complete Blood Count,2025-04-10,13.3,g/dL,Normal,2025-04-12T21:00:00
1394,831,9,85,HbA1c,2026-01-07,7.2,%,Normal,2026-01-09T03:00:00
1395,831,9,84,Lipid Panel,2025-01-31,131,mg/dL,Normal,2025-01-31T20:00:00
1396,832,9,86,HbA1c,2025-10-05,8.3,%,Normal,2025-10-07T13:00:00
1397,833,9,90,HbA1c,2025-01-05,6.4,%,Normal,2025-01-06T21:00:00
1398,834,9,81,Lipid Panel,2025-10-14,249,mg/dL,Normal,2025-10-16T18:00:00
1399,834,9,86,Lipid Panel,2025-11-24,171,mg/dL,Normal,2025-11-26T22:00:00
1400,835,9,84,Basic Metabolic Panel,2025-11-04,124,mg/dL,Normal,2025-11-06T08:00:00
1401,836,9,86,Thyroid Panel,2025-06-18,2.6,mIU/L,Normal,2025-06-18T22:00:00
1402,836,9,81,Basic Metabolic Panel,2025-01-02,93,mg/dL,Normal,2025-01-04T04:00:00
1403,837,9,90,Lipid Panel,2025-09-04,181,mg/dL,Abnormal,2025-09-06T11:00:00
1404,838,9,87,Lipid Panel,2025-04-05,222,mg/dL,Critical,2025-04-07T16:00:00
1405,838,9,86,Complete Blood Count,2025-01-16,8.7,g/dL,Normal,2025-01-17T23:00:00
1406,839,9,84,Thyroid Panel,2025-07-04,7.3,mIU/L,Critical,2025-07-04T14:00:00
1407,840,9,85,Lipid Panel,2025-05-15,176,mg/dL,Normal,2025-05-17T10:00:00
1408,841,9,84,Lipid Panel,2025-01-12,170,mg/dL,Abnormal,2025-01-12T23:00:00
1409,841,9,82,Complete Blood Count,2025-03-12,15.5,g/dL,Normal,2025-03-13T12:00:00
1410,842,9,86,Lipid Panel,2025-08-22,198,mg/dL,Normal,2025-08-23T03:00:00
1411,842,9,86,Lipid Panel,2025-11-16,254,mg/dL,Normal,2025-11-18T20:00:00
1412,842,9,82,Complete Blood Count,2025-03-08,9.3,g/dL,Normal,2025-03-10T14:00:00
1413,843,9,86,HbA1c,2025-11-22,8.4,%,Critical,2025-11-23T03:00:00
1414,843,9,90,Thyroid Panel,2025-10-02,1.8,mIU/L,Abnormal,2025-10-03T06:00:00
1415,844,9,81,HbA1c,2025-09-18,10.2,%,Abnormal,2025-09-20T01:00:00
1416,845,9,82,Basic Metabolic Panel,2025-03-27,73,mg/dL,Normal,2025-03-28T20:00:00
1417,846,9,89,HbA1c,2025-08-26,7.7,%,Normal,2025-08-26T23:00:00
1418,846,9,86,Thyroid Panel,2026-01-02,5.6,mIU/L,Normal,2026-01-03T19:00:00
1419,846,9,90,Basic Metabolic Panel,2025-11-29,139,mg/dL,Normal,2025-11-29T14:00:00
1420,847,9,88,Lipid Panel,2025-04-22,221,mg/dL,Normal,2025-04-23T07:00:00
1421,847,9,87,Thyroid Panel,2025-07-11,1.5,mIU/L,Normal,2025-07-12T04:00:00
1422,847,9,83,Complete Blood Count,2025-09-23,10.7,g/dL,Normal,2025-09-24T10:00:00
1423,848,9,89,Thyroid Panel,2025-08-19,2.9,mIU/L,Normal,2025-08-20T17:00:00
1424,849,9,88,HbA1c,2025-01-13,6.3,%,Normal,2025-01-13T23:00:00
1425,850,9,82,HbA1c,2025-05-31,10.4,%,Normal,2025-06-02T17:00:00
1426,851,9,82,HbA1c,2025-02-20,10.5,%,Normal,2025-02-20T19:00:00
1427,851,9,81,Thyroid Panel,2025-04-11,1.8,mIU/L,Normal,2025-04-13T07:00:00
1428,852,9,85,Lipid Panel,2025-03-12,274,mg/dL,Abnormal,2025-03-14T18:00:00
1429,853,9,85,Complete Blood Count,2025-05-25,14.9,g/dL,Normal,2025-05-27T16:00:00
1430,853,9,87,Basic Metabolic Panel,2026-01-23,139,mg/dL,Normal,2026-01-25T05:00:00
1431,854,9,83,Basic Metabolic Panel,2025-04-27,94,mg/dL,Abnormal,2025-04-29T10:00:00
1432,854,9,88,Lipid Panel,2025-10-28,252,mg/dL,Normal,2025-10-30T14:00:00
1433,855,9,88,HbA1c,2025-06-10,9.6,%,Normal,2025-06-12T18:00:00
1434,856,9,87,Lipid Panel,2025-08-19,232,mg/dL,Normal,2025-08-21T18:00:00
1435,856,9,86,Lipid Panel,2025-03-07,267,mg/dL,Critical,2025-03-08T07:00:00
1436,857,9,86,HbA1c,2025-08-06,6.0,%,Abnormal,2025-08-08T07:00:00
1437,858,9,89,HbA1c,2025-01-12,6.6,%,Abnormal,2025-01-14T00:00:00
1438,858,9,83,Lipid Panel,2025-10-18,204,mg/dL,Abnormal,2025-10-20T04:00:00
1439,859,9,90,Basic Metabolic Panel,2025-04-15,113,mg/dL,Normal,2025-04-18T00:00:00
1440,859,9,89,Basic Metabolic Panel,2025-09-01,89,mg/dL,Normal,2025-09-01T18:00:00
1441,859,9,88,HbA1c,2025-02-23,5.1,%,Normal,2025-02-25T07:00:00
1442,860,9,90,Basic Metabolic Panel,2025-04-06,68,mg/dL,Normal,2025-04-07T00:00:00
1443,861,9,85,Lipid Panel,2025-05-30,179,mg/dL,Normal,2025-06-01T06:00:00
1444,861,9,88,Complete Blood Count,2025-01-06,11.3,g/dL,Normal,2025-01-06T22:00:00
1445,861,9,87,Basic Metabolic Panel,2025-02-26,85,mg/dL,Normal,2025-02-26T20:00:00
1446,862,9,82,Basic Metabolic Panel,2025-03-08,91,mg/dL,Normal,2025-03-10T19:00:00
1447,863,9,88,Lipid Panel,2025-10-22,274,mg/dL,Normal,2025-10-25T00:00:00
1448,864,9,88,HbA1c,2025-03-15,5.8,%,Normal,2025-03-16T16:00:00
1449,865,9,84,Thyroid Panel,2025-10-19,2.8,mIU/L,Normal,2025-10-21T20:00:00
1450,866,9,81,Complete Blood Count,2025-08-22,10.6,g/dL,Abnormal,2025-08-23T10:00:00
1451,867,9,85,Basic Metabolic Panel,2025-08-01,87,mg/dL,Normal,2025-08-02T03:00:00
1452,867,9,90,Basic Metabolic Panel,2025-07-16,123,mg/dL,Normal,2025-07-18T22:00:00
1453,868,9,82,Basic Metabolic Panel,2025-05-03,70,mg/dL,Abnormal,2025-05-05T20:00:00
1454,868,9,85,Thyroid Panel,2025-02-04,2.5,mIU/L,Abnormal,2025-02-06T08:00:00
1455,869,9,88,Basic Metabolic Panel,2025-03-04,135,mg/dL,Normal,2025-03-05T11:00:00
1456,869,9,82,Thyroid Panel,2025-06-16,6.2,mIU/L,Normal,2025-06-17T14:00:00
1457,869,9,85,Lipid Panel,2025-01-23,249,mg/dL,Normal,2025-01-24T17:00:00
1458,870,9,88,Basic Metabolic Panel,2026-01-17,108,mg/dL,Abnormal,2026-01-18T13:00:00
1459,870,9,87,Complete Blood Count,2025-02-28,8.1,g/dL,Abnormal,2025-03-02T09:00:00
1460,871,9,88,Basic Metabolic Panel,2025-02-04,124,mg/dL,Normal,2025-02-04T17:00:00
1461,872,9,88,Lipid Panel,2025-05-23,240,mg/dL,Normal,2025-05-25T17:00:00
1462,873,9,90,Complete Blood Count,2025-03-05,9.6,g/dL,Abnormal,2025-03-06T22:00:00
1463,873,9,83,Complete Blood Count,2025-01-06,14.0,g/dL,Normal,2025-01-08T07:00:00
1464,874,9,83,Lipid Panel,2025-12-12,128,mg/dL,Normal,2025-12-13T22:00:00
1465,875,9,89,Complete Blood Count,2025-06-07,11.5,g/dL,Normal,2025-06-08T16:00:00
1466,875,9,81,Complete Blood Count,2026-01-28,15.0,g/dL,Critical,2026-01-29T00:00:00
1467,876,9,84,Lipid Panel,2025-01-09,143,mg/dL,Normal,2025-01-10T14:00:00
1468,877,9,84,Complete Blood Count,2025-02-19,10.0,g/dL,Abnormal,2025-02-21T15:00:00
1469,878,9,83,Complete Blood Count,2025-02-25,11.7,g/dL,Normal,2025-02-27T16:00:00
1470,878,9,89,Lipid Panel,2025-04-17,279,mg/dL,Normal,2025-04-19T23:00:00
1471,879,9,82,Lipid Panel,2025-02-24,174,mg/dL,Normal,2025-02-25T10:00:00
1472,879,9,81,Basic Metabolic Panel,2025-01-07,105,mg/dL,Normal,2025-01-08T12:00:00
1473,879,9,84,Complete Blood Count,2025-05-23,13.9,g/dL,Normal,2025-05-25T05:00:00
1474,880,9,84,Basic Metabolic Panel,2026-01-28,103,mg/dL,Normal,2026-01-30T02:00:00
1475,881,9,89,Thyroid Panel,2025-02-18,1.6,mIU/L,Normal,2025-02-20T02:00:00
1476,881,9,87,Lipid Panel,2025-03-31,205,mg/dL,Abnormal,2025-04-02T04:00:00
1477,881,9,86,Basic Metabolic Panel,2025-06-21,73,mg/dL,Normal,2025-06-21T13:00:00
1478,882,9,87,Thyroid Panel,2025-04-30,5.2,mIU/L,Normal,2025-05-01T20:00:00
1479,882,9,81,Lipid Panel,2025-11-12,125,mg/dL,Abnormal,2025-11-14T12:00:00
1480,883,9,87,Lipid Panel,2025-02-10,278,mg/dL,Normal,2025-02-10T15:00:00
1481,884,9,84,Lipid Panel,2025-04-15,216,mg/dL,Normal,2025-04-17T05:00:00
1482,885,9,90,Basic Metabolic Panel,2025-03-10,107,mg/dL,Normal,2025-03-11T05:00:00
1483,885,9,81,Thyroid Panel,2025-08-01,6.4,mIU/L,Abnormal,2025-08-03T05:00:00
1484,885,9,81,Lipid Panel,2025-06-25,204,mg/dL,Normal,2025-06-26T03:00:00
1485,886,9,84,Lipid Panel,2025-07-15,275,mg/dL,Normal,2025-07-16T21:00:00
1486,887,9,81,Complete Blood Count,2025-02-05,15.8,g/dL,Normal,2025-02-06T00:00:00
1487,888,9,84,Lipid Panel,2025-03-30,143,mg/dL,Normal,2025-04-01T01:00:00
1488,888,9,84,Lipid Panel,2025-02-10,249,mg/dL,Abnormal,2025-02-11T15:00:00
1489,888,9,85,Lipid Panel,2025-05-06,170,mg/dL,Normal,2025-05-07T15:00:00
1490,889,9,85,Thyroid Panel,2025-11-22,3.8,mIU/L,Normal,2025-11-23T00:00:00
1491,890,9,82,HbA1c,2025-03-27,7.1,%,Normal,2025-03-28T18:00:00
1492,890,9,89,Thyroid Panel,2026-01-25,6.0,mIU/L,Abnormal,2026-01-25T21:00:00
1493,891,9,81,Basic Metabolic Panel,2025-02-12,119,mg/dL,Abnormal,2025-02-14T12:00:00
1494,891,9,85,Thyroid Panel,2025-10-11,4.4,mIU/L,Normal,2025-10-13T10:00:00
1495,892,9,85,Basic Metabolic Panel,2025-07-12,101,mg/dL,Normal,2025-07-13T23:00:00
1496,893,9,83,Basic Metabolic Panel,2025-03-21,90,mg/dL,Normal,2025-03-23T22:00:00
1497,894,9,89,HbA1c,2025-08-01,7.7,%,Normal,2025-08-04T00:00:00
1498,895,9,87,Basic Metabolic Panel,2025-11-25,104,mg/dL,Normal,2025-11-27T01:00:00
1499,895,9,81,Complete Blood Count,2025-10-17,11.5,g/dL,Normal,2025-10-17T22:00:00
1500,896,9,85,HbA1c,2025-09-08,7.8,%,Normal,2025-09-10T04:00:00
1501,897,9,87,Basic Metabolic Panel,2025-05-05,96,mg/dL,Normal,2025-05-06T18:00:00
1502,897,9,86,Complete Blood Count,2025-11-27,14.3,g/dL,Normal,2025-11-27T21:00:00
1503,898,9,83,HbA1c,2025-10-24,6.1,%,Normal,2025-10-27T00:00:00
1504,899,9,82,Complete Blood Count,2025-07-16,13.8,g/dL,Abnormal,2025-07-17T13:00:00
1505,900,9,82,Thyroid Panel,2025-08-05,7.3,mIU/L,Abnormal,2025-08-05T22:00:00
1506,900,9,85,HbA1c,2025-09-30,7.8,%,Abnormal,2025-10-02T06:00:00
1507,900,9,90,HbA1c,2026-01-21,9.3,%,Critical,2026-01-23T20:00:00
1508,901,10,92,Thyroid Panel,2025-06-26,6.3,mIU/L,Normal,2025-06-28T16:00:00
1509,901,10,94,Basic Metabolic Panel,2025-01-04,104,mg/dL,Abnormal,2025-01-04T22:00:00
1510,901,10,91,Complete Blood Count,2025-12-23,8.6,g/dL,Normal,2025-12-24T14:00:00
1511,902,10,97,Lipid Panel,2025-07-11,165,mg/dL,Abnormal,2025-07-11T23:00:00
1512,902,10,94,Basic Metabolic Panel,2025-09-15,88,mg/dL,Normal,2025-09-18T00:00:00
1513,903,10,94,Lipid Panel,2025-01-31,171,mg/dL,Normal,2025-02-02T11:00:00
1514,903,10,94,HbA1c,2025-07-29,10.9,%,Normal,2025-07-30T16:00:00
1515,904,10,93,Complete Blood Count,2025-07-13,10.6,g/dL,Normal,2025-07-13T19:00:00
1516,904,10,96,Complete Blood Count,2025-09-02,13.3,g/dL,Normal,2025-09-03T19:00:00
1517,905,10,91,HbA1c,2025-01-04,9.4,%,Normal,2025-01-06T06:00:00
1518,906,10,92,Lipid Panel,2025-01-04,253,mg/dL,Normal,2025-01-05T12:00:00
1519,906,10,95,Basic Metabolic Panel,2026-01-23,125,mg/dL,Normal,2026-01-24T09:00:00
1520,906,10,96,HbA1c,2025-06-25,8.9,%,Abnormal,2025-06-26T08:00:00
1521,907,10,97,Basic Metabolic Panel,2025-07-02,72,mg/dL,Normal,2025-07-04T19:00:00
1522,907,10,92,Complete Blood Count,2025-12-24,12.1,g/dL,Abnormal,2025-12-25T13:00:00
1523,907,10,93,Complete Blood Count,2025-09-29,13.4,g/dL,Critical,2025-09-30T05:00:00
1524,908,10,94,HbA1c,2025-12-18,7.4,%,Abnormal,2025-12-20T06:00:00
1525,908,10,99,Basic Metabolic Panel,2025-01-02,89,mg/dL,Critical,2025-01-04T04:00:00
1526,909,10,91,HbA1c,2026-01-12,10.2,%,Normal,2026-01-13T08:00:00
1527,909,10,94,Thyroid Panel,2026-01-14,4.0,mIU/L,Abnormal,2026-01-16T03:00:00
1528,910,10,98,Complete Blood Count,2025-05-31,14.6,g/dL,Normal,2025-06-02T02:00:00
1529,911,10,99,Thyroid Panel,2026-01-02,6.3,mIU/L,Normal,2026-01-03T20:00:00
1530,912,10,92,HbA1c,2025-10-08,9.9,%,Normal,2025-10-10T19:00:00
1531,913,10,92,Basic Metabolic Panel,2025-05-04,134,mg/dL,Normal,2025-05-05T03:00:00
1532,913,10,92,Complete Blood Count,2026-01-02,11.9,g/dL,Normal,2026-01-02T13:00:00
1533,913,10,96,Basic Metabolic Panel,2025-04-23,100,mg/dL,Normal,2025-04-25T10:00:00
1534,914,10,92,Lipid Panel,2025-11-21,256,mg/dL,Normal,2025-11-23T10:00:00
1535,915,10,96,Lipid Panel,2026-01-28,267,mg/dL,Normal,2026-01-30T23:00:00
1536,915,10,96,Basic Metabolic Panel,2025-12-01,113,mg/dL,Abnormal,2025-12-03T05:00:00
1537,916,10,97,Lipid Panel,2025-05-13,177,mg/dL,Normal,2025-05-13T19:00:00
1538,916,10,92,Complete Blood Count,2025-10-31,11.1,g/dL,Normal,2025-11-02T23:00:00
1539,916,10,92,Thyroid Panel,2025-06-10,3.1,mIU/L,Normal,2025-06-11T12:00:00
1540,917,10,91,Thyroid Panel,2025-07-18,4.4,mIU/L,Normal,2025-07-19T15:00:00
1541,918,10,93,Thyroid Panel,2025-10-30,5.4,mIU/L,Normal,2025-10-31T02:00:00
1542,919,10,98,HbA1c,2025-06-01,5.4,%,Normal,2025-06-03T17:00:00
1543,920,10,93,Thyroid Panel,2026-01-18,2.5,mIU/L,Abnormal,2026-01-20T06:00:00
1544,920,10,91,Thyroid Panel,2025-09-15,2.8,mIU/L,Normal,2025-09-17T08:00:00
1545,921,10,100,Basic Metabolic Panel,2025-09-11,92,mg/dL,Abnormal,2025-09-12T06:00:00
1546,921,10,97,Complete Blood Count,2025-06-20,16.8,g/dL,Abnormal,2025-06-20T21:00:00
1547,921,10,94,Lipid Panel,2025-04-02,133,mg/dL,Normal,2025-04-04T18:00:00
1548,922,10,93,Complete Blood Count,2025-06-22,12.9,g/dL,Normal,2025-06-23T15:00:00
1549,923,10,97,Basic Metabolic Panel,2025-09-28,74,mg/dL,Normal,2025-09-30T10:00:00
1550,923,10,94,Thyroid Panel,2025-03-09,3.3,mIU/L,Abnormal,2025-03-10T08:00:00
1551,923,10,100,Complete Blood Count,2025-12-30,15.6,g/dL,Normal,2025-12-31T07:00:00
1552,924,10,93,Basic Metabolic Panel,2025-05-30,126,mg/dL,Normal,2025-06-01T21:00:00
1553,925,10,94,Complete Blood Count,2025-10-22,11.3,g/dL,Normal,2025-10-22T18:00:00
1554,926,10,93,Basic Metabolic Panel,2025-12-14,119,mg/dL,Normal,2025-12-16T17:00:00
1555,926,10,91,Complete Blood Count,2025-08-31,11.2,g/dL,Critical,2025-08-31T23:00:00
1556,926,10,92,Thyroid Panel,2025-10-31,5.3,mIU/L,Critical,2025-11-01T15:00:00
1557,927,10,97,Lipid Panel,2025-03-02,128,mg/dL,Normal,2025-03-03T03:00:00
1558,927,10,95,Thyroid Panel,2025-12-01,7.7,mIU/L,Normal,2025-12-03T11:00:00
1559,928,10,92,Basic Metabolic Panel,2025-05-21,113,mg/dL,Normal,2025-05-23T04:00:00
1560,928,10,96,Complete Blood Count,2025-02-12,9.1,g/dL,Normal,2025-02-12T19:00:00
1561,929,10,99,Lipid Panel,2025-10-28,125,mg/dL,Critical,2025-10-30T00:00:00
1562,929,10,98,HbA1c,2025-02-18,9.0,%,Normal,2025-02-20T14:00:00
1563,930,10,97,HbA1c,2025-02-20,8.2,%,Normal,2025-02-21T08:00:00
1564,931,10,99,Lipid Panel,2025-12-25,223,mg/dL,Normal,2025-12-25T13:00:00
1565,931,10,99,Thyroid Panel,2025-09-23,4.1,mIU/L,Normal,2025-09-25T17:00:00
1566,931,10,92,Lipid Panel,2025-04-03,150,mg/dL,Normal,2025-04-05T19:00:00
1567,932,10,99,Basic Metabolic Panel,2025-03-04,105,mg/dL,Normal,2025-03-04T14:00:00
1568,933,10,93,Complete Blood Count,2026-01-21,13.1,g/dL,Normal,2026-01-21T14:00:00
1569,934,10,95,HbA1c,2025-03-29,10.8,%,Critical,2025-03-30T15:00:00
1570,935,10,94,HbA1c,2025-09-23,4.8,%,Abnormal,2025-09-25T21:00:00
1571,935,10,99,Basic Metabolic Panel,2025-10-23,82,mg/dL,Normal,2025-10-24T19:00:00
1572,936,10,96,Thyroid Panel,2025-04-18,4.4,mIU/L,Normal,2025-04-20T08:00:00
1573,936,10,91,Lipid Panel,2025-04-07,129,mg/dL,Normal,2025-04-07T21:00:00
1574,937,10,93,Thyroid Panel,2025-10-30,4.6,mIU/L,Normal,2025-10-31T10:00:00
1575,937,10,100,Basic Metabolic Panel,2025-10-09,74,mg/dL,Normal,2025-10-10T04:00:00
1576,938,10,93,Basic Metabolic Panel,2025-02-12,123,mg/dL,Normal,2025-02-15T00:00:00
1577,938,10,97,Lipid Panel,2025-04-15,257,mg/dL,Normal,2025-04-15T16:00:00
1578,939,10,94,HbA1c,2025-11-28,8.2,%,Normal,2025-11-30T16:00:00
1579,940,10,93,HbA1c,2025-08-11,11.0,%,Normal,2025-08-12T12:00:00
1580,941,10,92,HbA1c,2025-02-26,5.3,%,Normal,2025-02-28T07:00:00
1581,941,10,92,HbA1c,2025-07-05,8.7,%,Normal,2025-07-07T22:00:00
1582,942,10,94,HbA1c,2025-07-13,4.6,%,Normal,2025-07-14T02:00:00
1583,943,10,92,Lipid Panel,2026-01-08,254,mg/dL,Normal,2026-01-10T20:00:00
1584,944,10,98,Complete Blood Count,2025-12-25,12.8,g/dL,Abnormal,2025-12-27T00:00:00
1585,944,10,99,HbA1c,2025-01-25,8.4,%,Normal,2025-01-25T22:00:00
1586,945,10,93,HbA1c,2025-12-14,9.7,%,Normal,2025-12-16T14:00:00
1587,945,10,100,Basic Metabolic Panel,2025-10-31,126,mg/dL,Normal,2025-10-31T20:00:00
1588,946,10,93,Lipid Panel,2025-07-13,156,mg/dL,Abnormal,2025-07-15T00:00:00
1589,946,10,91,HbA1c,2025-05-08,9.1,%,Normal,2025-05-10T07:00:00
1590,947,10,93,Basic Metabolic Panel,2025-08-28,110,mg/dL,Normal,2025-08-29T20:00:00
1591,947,10,97,Thyroid Panel,2025-04-28,7.6,mIU/L,Normal,2025-04-29T07:00:00
1592,948,10,95,Basic Metabolic Panel,2025-02-16,105,mg/dL,Normal,2025-02-18T04:00:00
1593,949,10,92,Lipid Panel,2025-01-30,267,mg/dL,Abnormal,2025-01-30T17:00:00
1594,949,10,99,Basic Metabolic Panel,2025-08-06,66,mg/dL,Normal,2025-08-08T07:00:00
1595,950,10,98,Basic Metabolic Panel,2025-12-17,130,mg/dL,Abnormal,2025-12-19T07:00:00
1596,950,10,92,Basic Metabolic Panel,2025-11-12,66,mg/dL,Abnormal,2025-11-13T00:00:00
1597,951,10,97,Thyroid Panel,2025-05-06,6.1,mIU/L,Normal,2025-05-08T11:00:00
1598,951,10,99,Thyroid Panel,2025-08-18,0.6,mIU/L,Normal,2025-08-18T22:00:00
1599,952,10,99,Lipid Panel,2025-02-08,164,mg/dL,Abnormal,2025-02-09T11:00:00
1600,952,10,99,HbA1c,2025-08-05,10.7,%,Normal,2025-08-06T19:00:00
1601,952,10,96,Complete Blood Count,2025-12-14,11.0,g/dL,Abnormal,2025-12-15T03:00:00
1602,953,10,92,HbA1c,2025-05-31,6.4,%,Normal,2025-06-01T04:00:00
1603,953,10,100,Basic Metabolic Panel,2025-06-06,92,mg/dL,Critical,2025-06-08T23:00:00
1604,953,10,99,Complete Blood Count,2025-11-13,16.4,g/dL,Normal,2025-11-15T18:00:00
1605,954,10,100,Basic Metabolic Panel,2025-06-02,107,mg/dL,Normal,2025-06-03T10:00:00
1606,955,10,93,Basic Metabolic Panel,2025-01-05,110,mg/dL,Normal,2025-01-05T18:00:00
1607,956,10,99,Thyroid Panel,2025-07-30,7.2,mIU/L,Abnormal,2025-07-30T19:00:00
1608,957,10,95,Lipid Panel,2025-07-22,240,mg/dL,Normal,2025-07-23T11:00:00
1609,958,10,93,Thyroid Panel,2025-02-25,6.5,mIU/L,Normal,2025-02-26T16:00:00
1610,959,10,93,HbA1c,2025-01-03,9.4,%,Abnormal,2025-01-04T10:00:00
1611,960,10,92,Lipid Panel,2025-01-21,192,mg/dL,Normal,2025-01-21T20:00:00
1612,960,10,96,Complete Blood Count,2025-04-12,9.4,g/dL,Normal,2025-04-15T00:00:00
1613,961,10,95,Complete Blood Count,2025-10-09,11.8,g/dL,Abnormal,2025-10-10T19:00:00
1614,961,10,93,HbA1c,2025-07-24,9.4,%,Abnormal,2025-07-25T20:00:00
1615,962,10,97,Lipid Panel,2025-02-25,148,mg/dL,Normal,2025-02-27T14:00:00
1616,962,10,93,HbA1c,2026-01-28,7.8,%,Normal,2026-01-30T07:00:00
1617,963,10,96,Basic Metabolic Panel,2025-08-11,66,mg/dL,Normal,2025-08-12T18:00:00
1618,963,10,98,Complete Blood Count,2025-05-07,14.8,g/dL,Normal,2025-05-09T03:00:00
1619,964,10,94,HbA1c,2025-05-15,9.5,%,Normal,2025-05-17T08:00:00
1620,964,10,97,Lipid Panel,2025-12-28,241,mg/dL,Abnormal,2025-12-30T14:00:00
1621,965,10,99,Thyroid Panel,2025-10-30,1.7,mIU/L,Normal,2025-11-01T04:00:00
1622,965,10,94,Complete Blood Count,2025-01-20,9.2,g/dL,Critical,2025-01-21T05:00:00
1623,966,10,97,Complete Blood Count,2025-02-16,13.5,g/dL,Normal,2025-02-18T19:00:00
1624,966,10,97,Thyroid Panel,2025-11-21,2.7,mIU/L,Normal,2025-11-22T02:00:00
1625,966,10,97,Basic Metabolic Panel,2025-09-19,72,mg/dL,Normal,2025-09-20T15:00:00
1626,967,10,95,HbA1c,2025-06-29,6.3,%,Normal,2025-07-01T09:00:00
1627,968,10,91,Lipid Panel,2025-01-01,130,mg/dL,Normal,2025-01-01T15:00:00
1628,969,10,95,Basic Metabolic Panel,2025-11-07,100,mg/dL,Normal,2025-11-07T18:00:00
1629,970,10,98,HbA1c,2025-02-27,6.7,%,Normal,2025-02-27T18:00:00
1630,971,10,93,HbA1c,2025-07-05,6.8,%,Abnormal,2025-07-07T11:00:00
1631,971,10,99,Thyroid Panel,2025-11-29,3.2,mIU/L,Normal,2025-11-30T05:00:00
1632,972,10,92,Lipid Panel,2025-03-03,274,mg/dL,Normal,2025-03-03T14:00:00
1633,973,10,94,Lipid Panel,2025-02-20,234,mg/dL,Critical,2025-02-20T16:00:00
1634,973,10,100,HbA1c,2025-08-31,6.5,%,Normal,2025-09-02T12:00:00
1635,973,10,93,Complete Blood Count,2025-08-03,9.2,g/dL,Abnormal,2025-08-04T23:00:00
1636,974,10,99,HbA1c,2025-08-18,10.3,%,Abnormal,2025-08-20T04:00:00
1637,974,10,97,Complete Blood Count,2025-09-26,12.3,g/dL,Critical,2025-09-28T23:00:00
1638,974,10,91,Lipid Panel,2025-05-21,273,mg/dL,Critical,2025-05-23T08:00:00
1639,975,10,100,Complete Blood Count,2025-12-22,15.1,g/dL,Abnormal,2025-12-23T00:00:00
1640,976,10,99,Thyroid Panel,2025-03-26,7.8,mIU/L,Abnormal,2025-03-27T16:00:00
1641,977,10,97,Basic Metabolic Panel,2025-04-16,99,mg/dL,Normal,2025-04-16T23:00:00
1642,978,10,100,Complete Blood Count,2025-09-20,15.9,g/dL,Normal,2025-09-21T17:00:00
1643,978,10,99,HbA1c,2025-04-23,6.5,%,Abnormal,2025-04-24T06:00:00
1644,979,10,93,Lipid Panel,2025-10-01,131,mg/dL,Normal,2025-10-02T03:00:00
1645,979,10,93,HbA1c,2025-05-19,10.5,%,Abnormal,2025-05-21T19:00:00
1646,980,10,94,Lipid Panel,2025-03-01,256,mg/dL,Normal,2025-03-01T12:00:00
1647,980,10,100,HbA1c,2025-12-28,6.6,%,Normal,2025-12-30T20:00:00
1648,981,10,97,Thyroid Panel,2025-01-30,2.6,mIU/L,Abnormal,2025-02-01T04:00:00
1649,981,10,96,Lipid Panel,2025-04-01,191,mg/dL,Critical,2025-04-02T04:00:00
1650,982,10,100,Complete Blood Count,2025-12-19,14.5,g/dL,Critical,2025-12-20T12:00:00
1651,982,10,95,Thyroid Panel,2025-08-15,4.5,mIU/L,Normal,2025-08-16T02:00:00
1652,983,10,97,Lipid Panel,2025-04-29,234,mg/dL,Abnormal,2025-05-01T10:00:00
1653,984,10,98,Complete Blood Count,2025-08-24,12.5,g/dL,Abnormal,2025-08-24T23:00:00
1654,985,10,100,Basic Metabolic Panel,2025-11-28,88,mg/dL,Normal,2025-11-29T06:00:00
1655,986,10,93,Basic Metabolic Panel,2025-02-05,89,mg/dL,Normal,2025-02-05T21:00:00
1656,987,10,97,Complete Blood Count,2025-03-12,14.5,g/dL,Abnormal,2025-03-14T10:00:00
1657,988,10,92,Basic Metabolic Panel,2025-01-11,114,mg/dL,Abnormal,2025-01-11T19:00:00
1658,989,10,91,Lipid Panel,2026-01-30,183,mg/dL,Normal,2026-01-30T17:00:00
1659,989,10,100,Complete Blood Count,2025-01-05,15.1,g/dL,Normal,2025-01-07T14:00:00
1660,990,10,96,Complete Blood Count,2025-09-03,9.8,g/dL,Normal,2025-09-05T12:00:00
1661,990,10,98,Lipid Panel,2025-06-19,198,mg/dL,Normal,2025-06-20T18:00:00
1662,991,10,95,Thyroid Panel,2025-01-23,1.2,mIU/L,Normal,2025-01-23T18:00:00
1663,992,10,97,Lipid Panel,2025-04-25,120,mg/dL,Normal,2025-04-25T13:00:00
1664,993,10,96,HbA1c,2025-12-17,6.0,%,Normal,2025-12-18T12:00:00
1665,994,10,92,Basic Metabolic Panel,2025-02-26,86,mg/dL,Normal,2025-02-27T02:00:00
1666,994,10,95,HbA1c,2025-06-20,5.0,%,Normal,2025-06-20T19:00:00
1667,995,10,92,Complete Blood Count,2025-04-02,13.4,g/dL,Normal,2025-04-03T15:00:00
1668,995,10,100,Lipid Panel,2025-03-18,228,mg/dL,Normal,2025-03-20T21:00:00
1669,995,10,95,Thyroid Panel,2025-06-28,6.6,mIU/L,Normal,2025-06-30T20:00:00
1670,996,10,96,HbA1c,2025-12-31,9.8,%,Normal,2026-01-02T15:00:00
1671,996,10,91,Lipid Panel,2025-06-13,157,mg/dL,Normal,2025-06-13T21:00:00
1672,996,10,98,Complete Blood Count,2025-08-07,9.0,g/dL,Normal,2025-08-09T10:00:00
1673,997,10,93,Lipid Panel,2025-06-30,218,mg/dL,Normal,2025-07-01T08:00:00
1674,998,10,97,Thyroid Panel,2025-06-20,6.4,mIU/L,Abnormal,2025-06-20T20:00:00
1675,999,10,94,Basic Metabolic Panel,2025-10-09,118,mg/dL,Normal,2025-10-10T19:00:00
1676,999,10,98,Thyroid Panel,2025-04-28,4.4,mIU/L,Normal,2025-04-29T12:00:00
1677,1000,10,99,Thyroid Panel,2026-01-19,6.3,mIU/L,Abnormal,2026-01-20T02:00:00
1678,1000,10,94,HbA1c,2025-01-09,4.5,%,Normal,2025-01-10T11:00:00
1679,1001,11,102,Complete Blood Count,2025-07-04,16.2,g/dL,Abnormal,2025-07-06T18:00:00
1680,1001,11,103,HbA1c,2025-10-10,7.5,%,Abnormal,2025-10-12T23:00:00
1681,1001,11,104,Lipid Panel,2025-01-29,177,mg/dL,Normal,2025-01-31T11:00:00
1682,1002,11,103,Basic Metabolic Panel,2025-12-23,68,mg/dL,Normal,2025-12-24T15:00:00
1683,1002,11,102,Thyroid Panel,2025-11-01,0.9,mIU/L,Normal,2025-11-03T19:00:00
1684,1002,11,103,HbA1c,2025-05-06,5.4,%,Normal,2025-05-06T16:00:00
1685,1003,11,107,Lipid Panel,2025-08-29,166,mg/dL,Normal,2025-08-31T11:00:00
1686,1003,11,109,HbA1c,2026-01-05,7.6,%,Normal,2026-01-06T09:00:00
1687,1004,11,101,HbA1c,2025-01-31,5.2,%,Normal,2025-02-02T20:00:00
1688,1004,11,110,Lipid Panel,2025-03-24,248,mg/dL,Normal,2025-03-24T12:00:00
1689,1005,11,108,Thyroid Panel,2025-05-13,5.8,mIU/L,Normal,2025-05-15T22:00:00
1690,1006,11,104,Basic Metabolic Panel,2025-05-20,85,mg/dL,Normal,2025-05-20T17:00:00
1691,1007,11,103,Lipid Panel,2025-11-13,222,mg/dL,Normal,2025-11-13T15:00:00
1692,1007,11,103,Thyroid Panel,2025-02-09,5.0,mIU/L,Normal,2025-02-11T16:00:00
1693,1007,11,108,HbA1c,2025-07-27,8.7,%,Normal,2025-07-29T16:00:00
1694,1008,11,106,Basic Metabolic Panel,2025-05-19,89,mg/dL,Normal,2025-05-19T18:00:00
1695,1009,11,106,Complete Blood Count,2025-03-25,10.2,g/dL,Normal,2025-03-26T22:00:00
1696,1010,11,101,HbA1c,2025-04-14,5.7,%,Critical,2025-04-16T04:00:00
1697,1011,11,102,Thyroid Panel,2025-10-16,4.6,mIU/L,Normal,2025-10-18T14:00:00
1698,1012,11,102,HbA1c,2025-07-02,4.6,%,Normal,2025-07-04T12:00:00
1699,1013,11,104,HbA1c,2026-01-07,9.4,%,Critical,2026-01-08T10:00:00
1700,1014,11,102,HbA1c,2026-01-15,7.1,%,Normal,2026-01-16T20:00:00
1701,1014,11,103,Complete Blood Count,2025-07-15,13.3,g/dL,Normal,2025-07-16T18:00:00
1702,1015,11,105,Lipid Panel,2025-12-16,158,mg/dL,Normal,2025-12-17T17:00:00
1703,1015,11,102,Lipid Panel,2025-12-15,175,mg/dL,Normal,2025-12-17T05:00:00
1704,1015,11,103,Thyroid Panel,2026-01-09,4.3,mIU/L,Normal,2026-01-11T02:00:00
1705,1016,11,106,Basic Metabolic Panel,2025-06-23,81,mg/dL,Normal,2025-06-24T06:00:00
1706,1016,11,107,Complete Blood Count,2026-02-01,16.0,g/dL,Normal,2026-02-03T07:00:00
1707,1016,11,104,Thyroid Panel,2025-03-20,5.0,mIU/L,Normal,2025-03-22T00:00:00
1708,1017,11,101,Lipid Panel,2025-10-08,199,mg/dL,Critical,2025-10-10T19:00:00
1709,1018,11,102,Basic Metabolic Panel,2025-08-21,77,mg/dL,Normal,2025-08-22T08:00:00
1710,1018,11,105,Lipid Panel,2025-05-24,137,mg/dL,Normal,2025-05-26T00:00:00
1711,1019,11,103,Basic Metabolic Panel,2025-08-31,98,mg/dL,Abnormal,2025-09-01T04:00:00
1712,1020,11,103,Complete Blood Count,2025-09-07,16.7,g/dL,Normal,2025-09-07T14:00:00
1713,1021,11,107,Thyroid Panel,2025-03-08,7.4,mIU/L,Normal,2025-03-09T16:00:00
1714,1022,11,106,HbA1c,2025-07-31,5.0,%,Normal,2025-08-01T20:00:00
1715,1022,11,101,Thyroid Panel,2025-01-30,7.8,mIU/L,Abnormal,2025-02-01T11:00:00
1716,1023,11,109,Complete Blood Count,2025-02-23,9.4,g/dL,Normal,2025-02-24T06:00:00
1717,1023,11,110,Basic Metabolic Panel,2025-04-25,74,mg/dL,Abnormal,2025-04-26T12:00:00
1718,1024,11,106,Basic Metabolic Panel,2025-11-25,124,mg/dL,Abnormal,2025-11-26T22:00:00
1719,1024,11,108,Complete Blood Count,2026-01-10,8.8,g/dL,Abnormal,2026-01-10T18:00:00
1720,1025,11,107,Lipid Panel,2025-06-18,222,mg/dL,Normal,2025-06-18T16:00:00
1721,1025,11,110,Basic Metabolic Panel,2025-12-26,92,mg/dL,Normal,2025-12-28T11:00:00
1722,1025,11,105,Basic Metabolic Panel,2025-10-07,69,mg/dL,Critical,2025-10-07T21:00:00
1723,1026,11,104,HbA1c,2025-11-04,8.2,%,Normal,2025-11-06T13:00:00
1724,1027,11,106,Basic Metabolic Panel,2025-04-20,125,mg/dL,Normal,2025-04-20T15:00:00
1725,1027,11,101,Basic Metabolic Panel,2025-05-10,99,mg/dL,Normal,2025-05-12T04:00:00
1726,1027,11,103,Complete Blood Count,2025-02-11,10.5,g/dL,Abnormal,2025-02-12T07:00:00
1727,1028,11,107,Thyroid Panel,2025-05-13,1.9,mIU/L,Abnormal,2025-05-13T23:00:00
1728,1029,11,107,HbA1c,2025-06-02,10.8,%,Normal,2025-06-02T22:00:00
1729,1030,11,108,Basic Metabolic Panel,2025-12-19,133,mg/dL,Normal,2025-12-21T14:00:00
1730,1030,11,107,HbA1c,2025-10-20,10.4,%,Abnormal,2025-10-21T12:00:00
1731,1030,11,109,Thyroid Panel,2026-01-06,1.8,mIU/L,Normal,2026-01-08T06:00:00
1732,1031,11,106,Complete Blood Count,2025-08-23,9.4,g/dL,Normal,2025-08-25T23:00:00
1733,1032,11,102,Basic Metabolic Panel,2025-09-24,98,mg/dL,Normal,2025-09-26T10:00:00
1734,1032,11,108,Lipid Panel,2025-11-24,235,mg/dL,Normal,2025-11-26T01:00:00
1735,1032,11,104,Lipid Panel,2025-12-23,227,mg/dL,Abnormal,2025-12-24T22:00:00
1736,1033,11,104,HbA1c,2025-04-08,5.9,%,Normal,2025-04-10T07:00:00
1737,1033,11,101,HbA1c,2025-01-09,9.8,%,Abnormal,2025-01-10T07:00:00
1738,1034,11,102,Basic Metabolic Panel,2025-07-31,123,mg/dL,Normal,2025-08-01T14:00:00
1739,1034,11,109,Basic Metabolic Panel,2026-01-27,131,mg/dL,Normal,2026-01-28T09:00:00
1740,1035,11,107,HbA1c,2025-11-01,5.6,%,Normal,2025-11-01T22:00:00
1741,1036,11,107,HbA1c,2025-02-20,9.1,%,Abnormal,2025-02-20T17:00:00
1742,1037,11,101,Thyroid Panel,2025-02-23,7.5,mIU/L,Abnormal,2025-02-24T19:00:00
1743,1038,11,109,Complete Blood Count,2025-09-15,13.7,g/dL,Abnormal,2025-09-17T01:00:00
1744,1038,11,105,Basic Metabolic Panel,2025-04-25,92,mg/dL,Normal,2025-04-27T13:00:00
1745,1039,11,104,Basic Metabolic Panel,2025-06-29,80,mg/dL,Abnormal,2025-07-01T14:00:00
1746,1040,11,107,Complete Blood Count,2025-04-25,16.5,g/dL,Normal,2025-04-26T20:00:00
1747,1041,11,105,HbA1c,2025-08-01,10.0,%,Normal,2025-08-03T07:00:00
1748,1041,11,107,Complete Blood Count,2025-03-20,8.1,g/dL,Normal,2025-03-22T14:00:00
1749,1041,11,109,Thyroid Panel,2025-03-29,2.7,mIU/L,Critical,2025-03-31T00:00:00
1750,1042,11,107,Lipid Panel,2025-11-26,277,mg/dL,Abnormal,2025-11-27T13:00:00
1751,1043,11,110,Basic Metabolic Panel,2025-11-22,81,mg/dL,Critical,2025-11-23T12:00:00
1752,1043,11,103,Basic Metabolic Panel,2025-09-22,105,mg/dL,Normal,2025-09-22T22:00:00
1753,1044,11,103,Thyroid Panel,2025-10-23,1.2,mIU/L,Normal,2025-10-25T14:00:00
1754,1045,11,105,Thyroid Panel,2025-06-15,1.5,mIU/L,Normal,2025-06-16T01:00:00
1755,1045,11,101,Basic Metabolic Panel,2025-11-18,66,mg/dL,Normal,2025-11-20T13:00:00
1756,1046,11,109,Complete Blood Count,2025-01-13,13.1,g/dL,Abnormal,2025-01-15T11:00:00
1757,1047,11,106,Lipid Panel,2025-12-01,181,mg/dL,Normal,2025-12-03T21:00:00
1758,1047,11,104,Thyroid Panel,2026-01-07,6.8,mIU/L,Abnormal,2026-01-09T13:00:00
1759,1047,11,107,HbA1c,2025-05-21,8.8,%,Critical,2025-05-21T17:00:00
1760,1048,11,110,Complete Blood Count,2025-11-02,9.0,g/dL,Normal,2025-11-02T19:00:00
1761,1048,11,105,HbA1c,2025-02-17,10.3,%,Normal,2025-02-17T16:00:00
1762,1049,11,104,Basic Metabolic Panel,2025-09-09,77,mg/dL,Normal,2025-09-11T14:00:00
1763,1050,11,102,Lipid Panel,2025-07-12,227,mg/dL,Normal,2025-07-14T20:00:00
1764,1051,11,103,Lipid Panel,2025-01-06,196,mg/dL,Normal,2025-01-08T21:00:00
1765,1051,11,110,Thyroid Panel,2025-03-02,6.9,mIU/L,Critical,2025-03-03T09:00:00
1766,1051,11,108,Thyroid Panel,2025-01-03,4.9,mIU/L,Normal,2025-01-03T22:00:00
1767,1052,11,102,Lipid Panel,2025-01-16,275,mg/dL,Normal,2025-01-17T22:00:00
1768,1053,11,103,Lipid Panel,2025-02-28,213,mg/dL,Normal,2025-03-02T21:00:00
1769,1053,11,106,Lipid Panel,2025-02-12,176,mg/dL,Normal,2025-02-14T10:00:00
1770,1054,11,105,Basic Metabolic Panel,2025-02-17,90,mg/dL,Abnormal,2025-02-18T10:00:00
1771,1055,11,108,Basic Metabolic Panel,2025-09-20,120,mg/dL,Normal,2025-09-23T00:00:00
1772,1055,11,104,HbA1c,2025-12-18,5.6,%,Abnormal,2025-12-20T18:00:00
1773,1056,11,107,Complete Blood Count,2026-01-28,13.3,g/dL,Normal,2026-01-30T01:00:00
1774,1057,11,108,Basic Metabolic Panel,2025-08-05,122,mg/dL,Abnormal,2025-08-07T02:00:00
1775,1057,11,106,Thyroid Panel,2025-07-16,1.1,mIU/L,Normal,2025-07-17T15:00:00
1776,1058,11,102,Basic Metabolic Panel,2025-01-18,86,mg/dL,Normal,2025-01-19T20:00:00
1777,1059,11,110,Thyroid Panel,2025-01-16,3.0,mIU/L,Normal,2025-01-16T19:00:00
1778,1060,11,103,HbA1c,2025-04-21,6.1,%,Normal,2025-04-23T06:00:00
1779,1061,11,106,Complete Blood Count,2025-12-19,8.1,g/dL,Abnormal,2025-12-19T12:00:00
1780,1062,11,110,HbA1c,2025-10-15,10.3,%,Normal,2025-10-15T16:00:00
1781,1063,11,109,Lipid Panel,2025-10-15,146,mg/dL,Abnormal,2025-10-16T05:00:00
1782,1063,11,102,Thyroid Panel,2025-08-04,7.2,mIU/L,Abnormal,2025-08-06T07:00:00
1783,1064,11,106,Lipid Panel,2025-01-26,170,mg/dL,Normal,2025-01-28T15:00:00
1784,1065,11,105,Basic Metabolic Panel,2025-03-05,80,mg/dL,Normal,2025-03-06T16:00:00
1785,1066,11,107,Lipid Panel,2025-01-11,267,mg/dL,Normal,2025-01-12T06:00:00
1786,1067,11,110,Complete Blood Count,2025-05-26,16.2,g/dL,Abnormal,2025-05-26T20:00:00
1787,1067,11,107,Complete Blood Count,2025-09-28,16.1,g/dL,Normal,2025-09-28T14:00:00
1788,1068,11,108,Complete Blood Count,2025-08-01,15.5,g/dL,Normal,2025-08-03T10:00:00
1789,1069,11,106,Basic Metabolic Panel,2025-10-12,75,mg/dL,Normal,2025-10-14T13:00:00
1790,1070,11,107,HbA1c,2025-08-21,9.0,%,Abnormal,2025-08-22T19:00:00
1791,1070,11,102,HbA1c,2025-02-22,10.6,%,Normal,2025-02-22T13:00:00
1792,1071,11,103,Complete Blood Count,2025-12-19,16.9,g/dL,Normal,2025-12-21T10:00:00
1793,1071,11,103,Complete Blood Count,2025-07-08,9.7,g/dL,Abnormal,2025-07-10T16:00:00
1794,1072,11,101,HbA1c,2025-01-23,10.2,%,Normal,2025-01-23T19:00:00
1795,1072,11,105,Complete Blood Count,2025-12-19,10.4,g/dL,Abnormal,2025-12-21T03:00:00
1796,1072,11,107,HbA1c,2025-03-12,9.0,%,Normal,2025-03-14T01:00:00
1797,1073,11,103,Thyroid Panel,2025-07-31,7.1,mIU/L,Normal,2025-08-02T04:00:00
1798,1074,11,109,Lipid Panel,2025-09-02,267,mg/dL,Normal,2025-09-04T06:00:00
1799,1075,11,108,Lipid Panel,2025-05-16,143,mg/dL,Normal,2025-05-18T13:00:00
1800,1076,11,109,Lipid Panel,2025-12-22,172,mg/dL,Normal,2025-12-22T16:00:00
1801,1077,11,104,Complete Blood Count,2025-08-28,14.0,g/dL,Normal,2025-08-30T16:00:00
1802,1078,11,106,Lipid Panel,2026-01-25,271,mg/dL,Normal,2026-01-26T21:00:00
1803,1079,11,105,Basic Metabolic Panel,2025-09-16,84,mg/dL,Abnormal,2025-09-16T18:00:00
1804,1080,11,106,Basic Metabolic Panel,2025-11-14,122,mg/dL,Normal,2025-11-15T20:00:00
1805,1081,11,102,HbA1c,2025-12-18,7.3,%,Critical,2025-12-19T07:00:00
1806,1082,11,102,Lipid Panel,2025-02-24,238,mg/dL,Normal,2025-02-26T11:00:00
1807,1082,11,101,Basic Metabolic Panel,2025-05-17,88,mg/dL,Normal,2025-05-17T13:00:00
1808,1083,11,106,HbA1c,2025-10-09,5.3,%,Normal,2025-10-09T17:00:00
1809,1083,11,104,Lipid Panel,2025-09-15,221,mg/dL,Normal,2025-09-16T15:00:00
1810,1084,11,105,HbA1c,2025-11-29,5.1,%,Abnormal,2025-11-30T12:00:00
1811,1085,11,105,Lipid Panel,2025-04-01,223,mg/dL,Normal,2025-04-03T02:00:00
1812,1086,11,109,Basic Metabolic Panel,2025-12-15,78,mg/dL,Normal,2025-12-15T15:00:00
1813,1086,11,102,Lipid Panel,2025-01-28,149,mg/dL,Normal,2025-01-30T21:00:00
1814,1087,11,102,Thyroid Panel,2025-04-26,1.1,mIU/L,Normal,2025-04-28T20:00:00
1815,1088,11,107,Basic Metabolic Panel,2025-04-23,77,mg/dL,Abnormal,2025-04-25T10:00:00
1816,1088,11,105,Basic Metabolic Panel,2025-03-29,91,mg/dL,Normal,2025-03-31T14:00:00
1817,1089,11,110,HbA1c,2025-02-18,9.3,%,Normal,2025-02-18T23:00:00
1818,1089,11,110,Basic Metabolic Panel,2025-12-19,104,mg/dL,Normal,2025-12-20T03:00:00
1819,1090,11,103,Lipid Panel,2025-08-22,205,mg/dL,Critical,2025-08-22T21:00:00
1820,1090,11,108,Basic Metabolic Panel,2025-01-11,107,mg/dL,Critical,2025-01-11T23:00:00
1821,1091,11,103,Complete Blood Count,2025-08-31,13.3,g/dL,Normal,2025-09-02T01:00:00
1822,1091,11,104,Basic Metabolic Panel,2025-01-24,79,mg/dL,Normal,2025-01-26T16:00:00
1823,1091,11,105,Lipid Panel,2025-09-15,254,mg/dL,Abnormal,2025-09-15T22:00:00
1824,1092,11,102,HbA1c,2025-06-21,9.7,%,Normal,2025-06-22T16:00:00
1825,1092,11,106,Thyroid Panel,2025-09-07,2.3,mIU/L,Normal,2025-09-08T04:00:00
1826,1093,11,106,HbA1c,2025-09-23,9.1,%,Normal,2025-09-25T13:00:00
1827,1094,11,110,Basic Metabolic Panel,2025-05-19,79,mg/dL,Normal,2025-05-21T07:00:00
1828,1094,11,101,Lipid Panel,2025-04-23,225,mg/dL,Critical,2025-04-25T06:00:00
1829,1094,11,106,Basic Metabolic Panel,2025-05-06,68,mg/dL,Abnormal,2025-05-08T00:00:00
1830,1095,11,106,Lipid Panel,2025-04-10,142,mg/dL,Critical,2025-04-12T22:00:00
1831,1095,11,102,HbA1c,2025-12-14,10.2,%,Abnormal,2025-12-15T22:00:00
1832,1095,11,108,Thyroid Panel,2025-12-14,1.6,mIU/L,Abnormal,2025-12-15T10:00:00
1833,1096,11,107,HbA1c,2025-01-22,6.5,%,Normal,2025-01-24T01:00:00
1834,1097,11,110,Complete Blood Count,2025-08-21,11.9,g/dL,Critical,2025-08-23T00:00:00
1835,1098,11,105,Complete Blood Count,2025-09-13,16.7,g/dL,Normal,2025-09-15T23:00:00
1836,1098,11,108,Lipid Panel,2025-05-29,253,mg/dL,Normal,2025-05-31T03:00:00
1837,1099,11,108,HbA1c,2025-05-31,4.9,%,Normal,2025-05-31T12:00:00
1838,1100,11,110,Complete Blood Count,2025-06-06,8.5,g/dL,Normal,2025-06-06T12:00:00
1839,1101,12,111,Complete Blood Count,2025-06-29,10.3,g/dL,Normal,2025-07-01T20:00:00
1840,1101,12,119,Thyroid Panel,2025-02-14,1.5,mIU/L,Normal,2025-02-16T09:00:00
1841,1102,12,114,Basic Metabolic Panel,2025-02-11,139,mg/dL,Normal,2025-02-12T06:00:00
1842,1102,12,118,HbA1c,2025-12-14,6.1,%,Normal,2025-12-16T04:00:00
1843,1102,12,117,Complete Blood Count,2025-06-04,16.0,g/dL,Normal,2025-06-06T02:00:00
1844,1103,12,116,Thyroid Panel,2026-01-29,1.4,mIU/L,Normal,2026-01-30T00:00:00
1845,1103,12,117,Thyroid Panel,2025-06-06,1.8,mIU/L,Normal,2025-06-06T17:00:00
1846,1104,12,118,Thyroid Panel,2025-08-12,1.7,mIU/L,Normal,2025-08-12T18:00:00
1847,1104,12,118,HbA1c,2025-12-17,7.8,%,Normal,2025-12-19T09:00:00
1848,1104,12,116,Basic Metabolic Panel,2025-08-04,124,mg/dL,Normal,2025-08-05T14:00:00
1849,1105,12,111,Basic Metabolic Panel,2026-01-22,76,mg/dL,Normal,2026-01-22T20:00:00
1850,1105,12,115,Lipid Panel,2025-09-20,268,mg/dL,Normal,2025-09-21T11:00:00
1851,1105,12,119,Thyroid Panel,2025-01-28,7.1,mIU/L,Abnormal,2025-01-30T12:00:00
1852,1106,12,111,Basic Metabolic Panel,2025-08-24,131,mg/dL,Normal,2025-08-26T17:00:00
1853,1107,12,112,HbA1c,2025-05-29,8.4,%,Normal,2025-05-31T00:00:00
1854,1108,12,111,Complete Blood Count,2025-12-12,14.7,g/dL,Abnormal,2025-12-13T20:00:00
1855,1109,12,114,Thyroid Panel,2026-01-15,1.4,mIU/L,Normal,2026-01-16T19:00:00
1856,1110,12,113,HbA1c,2026-01-04,8.6,%,Normal,2026-01-06T23:00:00
1857,1110,12,118,Thyroid Panel,2025-02-28,5.6,mIU/L,Normal,2025-02-28T16:00:00
1858,1110,12,120,Complete Blood Count,2025-05-07,12.7,g/dL,Normal,2025-05-08T01:00:00
1859,1111,12,119,Basic Metabolic Panel,2025-01-29,115,mg/dL,Normal,2025-01-31T23:00:00
1860,1112,12,113,Lipid Panel,2025-05-14,259,mg/dL,Normal,2025-05-16T16:00:00
1861,1113,12,120,Complete Blood Count,2025-11-22,11.9,g/dL,Normal,2025-11-22T13:00:00
1862,1114,12,114,Lipid Panel,2026-01-15,250,mg/dL,Normal,2026-01-17T08:00:00
1863,1114,12,118,Basic Metabolic Panel,2025-05-29,102,mg/dL,Normal,2025-05-31T06:00:00
1864,1115,12,116,HbA1c,2025-12-24,7.0,%,Normal,2025-12-26T15:00:00
1865,1115,12,117,Basic Metabolic Panel,2025-01-15,83,mg/dL,Normal,2025-01-16T06:00:00
1866,1116,12,111,Thyroid Panel,2025-11-27,2.6,mIU/L,Abnormal,2025-11-29T05:00:00
1867,1116,12,120,Basic Metabolic Panel,2025-07-01,70,mg/dL,Normal,2025-07-01T20:00:00
1868,1117,12,115,Complete Blood Count,2025-07-03,16.8,g/dL,Abnormal,2025-07-04T20:00:00
1869,1117,12,119,Lipid Panel,2025-12-28,209,mg/dL,Normal,2025-12-29T21:00:00
1870,1118,12,113,HbA1c,2025-10-16,8.8,%,Normal,2025-10-17T09:00:00
1871,1119,12,113,HbA1c,2025-12-04,9.6,%,Critical,2025-12-05T07:00:00
1872,1119,12,112,Basic Metabolic Panel,2025-08-30,113,mg/dL,Normal,2025-09-01T02:00:00
1873,1119,12,120,Thyroid Panel,2025-09-27,6.3,mIU/L,Normal,2025-09-28T04:00:00
1874,1120,12,120,HbA1c,2025-07-26,8.3,%,Normal,2025-07-26T16:00:00
1875,1121,12,113,Lipid Panel,2025-12-07,144,mg/dL,Normal,2025-12-07T18:00:00
1876,1121,12,118,HbA1c,2026-01-31,9.4,%,Abnormal,2026-02-02T15:00:00
1877,1121,12,114,Complete Blood Count,2025-03-31,16.1,g/dL,Abnormal,2025-04-02T10:00:00
1878,1122,12,117,Complete Blood Count,2025-05-09,8.6,g/dL,Normal,2025-05-09T19:00:00
1879,1122,12,112,Basic Metabolic Panel,2025-11-07,112,mg/dL,Abnormal,2025-11-09T04:00:00
1880,1123,12,116,Complete Blood Count,2025-07-13,14.3,g/dL,Critical,2025-07-13T20:00:00
1881,1123,12,120,Thyroid Panel,2025-05-10,1.8,mIU/L,Normal,2025-05-11T19:00:00
1882,1123,12,115,Lipid Panel,2026-01-15,171,mg/dL,Normal,2026-01-15T22:00:00
1883,1124,12,114,Complete Blood Count,2025-11-19,13.2,g/dL,Normal,2025-11-21T06:00:00
1884,1124,12,111,Lipid Panel,2025-07-04,121,mg/dL,Normal,2025-07-06T13:00:00
1885,1125,12,112,HbA1c,2026-01-09,5.7,%,Abnormal,2026-01-11T22:00:00
1886,1125,12,119,Basic Metabolic Panel,2025-04-17,89,mg/dL,Abnormal,2025-04-19T00:00:00
1887,1126,12,116,Thyroid Panel,2025-03-12,7.2,mIU/L,Normal,2025-03-14T15:00:00
1888,1126,12,117,Basic Metabolic Panel,2025-10-19,74,mg/dL,Normal,2025-10-19T17:00:00
1889,1127,12,112,Complete Blood Count,2025-01-27,12.5,g/dL,Normal,2025-01-29T02:00:00
1890,1127,12,111,Lipid Panel,2025-05-09,194,mg/dL,Abnormal,2025-05-10T12:00:00
1891,1128,12,113,HbA1c,2025-10-22,5.0,%,Abnormal,2025-10-23T03:00:00
1892,1129,12,119,HbA1c,2025-01-30,7.1,%,Normal,2025-01-31T22:00:00
1893,1129,12,112,Thyroid Panel,2025-05-15,3.9,mIU/L,Normal,2025-05-17T05:00:00
1894,1129,12,116,Basic Metabolic Panel,2025-04-13,98,mg/dL,Abnormal,2025-04-14T09:00:00
1895,1130,12,114,Thyroid Panel,2025-06-18,6.6,mIU/L,Abnormal,2025-06-20T23:00:00
1896,1131,12,111,Lipid Panel,2025-02-07,246,mg/dL,Critical,2025-02-09T15:00:00
1897,1131,12,120,Complete Blood Count,2025-02-06,11.1,g/dL,Normal,2025-02-09T00:00:00
1898,1131,12,120,Complete Blood Count,2025-09-03,16.0,g/dL,Normal,2025-09-06T00:00:00
1899,1132,12,112,Complete Blood Count,2025-04-26,12.5,g/dL,Normal,2025-04-28T05:00:00
1900,1132,12,118,HbA1c,2025-04-27,9.6,%,Critical,2025-04-27T13:00:00
1901,1133,12,114,Thyroid Panel,2025-07-14,5.0,mIU/L,Normal,2025-07-16T07:00:00
1902,1134,12,118,Complete Blood Count,2025-07-13,11.5,g/dL,Normal,2025-07-15T08:00:00
1903,1135,12,119,Lipid Panel,2025-08-13,149,mg/dL,Abnormal,2025-08-13T19:00:00
1904,1135,12,116,HbA1c,2025-08-12,5.8,%,Normal,2025-08-14T22:00:00
1905,1136,12,120,Complete Blood Count,2026-01-18,10.0,g/dL,Abnormal,2026-01-20T12:00:00
1906,1137,12,120,Complete Blood Count,2025-01-08,16.9,g/dL,Abnormal,2025-01-10T19:00:00
1907,1137,12,111,Complete Blood Count,2025-08-13,8.5,g/dL,Normal,2025-08-13T23:00:00
1908,1138,12,120,Lipid Panel,2025-03-08,194,mg/dL,Normal,2025-03-10T02:00:00
1909,1139,12,112,Complete Blood Count,2025-10-06,10.3,g/dL,Normal,2025-10-07T01:00:00
1910,1139,12,116,Lipid Panel,2026-01-01,233,mg/dL,Critical,2026-01-02T07:00:00
1911,1140,12,115,Lipid Panel,2025-05-17,254,mg/dL,Normal,2025-05-18T08:00:00
1912,1140,12,119,Complete Blood Count,2025-07-30,8.5,g/dL,Critical,2025-08-01T09:00:00
1913,1141,12,112,Lipid Panel,2025-09-24,155,mg/dL,Normal,2025-09-25T02:00:00
1914,1142,12,112,HbA1c,2025-03-14,9.2,%,Critical,2025-03-14T14:00:00
1915,1142,12,118,Basic Metabolic Panel,2025-01-11,79,mg/dL,Abnormal,2025-01-12T19:00:00
1916,1143,12,120,Basic Metabolic Panel,2025-02-13,103,mg/dL,Normal,2025-02-13T15:00:00
1917,1144,12,118,Complete Blood Count,2025-07-16,15.8,g/dL,Normal,2025-07-17T16:00:00
1918,1144,12,114,Basic Metabolic Panel,2025-12-04,88,mg/dL,Normal,2025-12-05T15:00:00
1919,1145,12,111,Thyroid Panel,2025-01-14,6.2,mIU/L,Normal,2025-01-16T22:00:00
1920,1145,12,116,HbA1c,2025-10-30,9.8,%,Abnormal,2025-10-31T01:00:00
1921,1146,12,120,Basic Metabolic Panel,2026-01-09,119,mg/dL,Abnormal,2026-01-11T23:00:00
1922,1147,12,112,Thyroid Panel,2026-01-05,3.3,mIU/L,Normal,2026-01-07T23:00:00
1923,1148,12,119,Basic Metabolic Panel,2025-10-21,119,mg/dL,Normal,2025-10-23T10:00:00
1924,1148,12,119,HbA1c,2025-07-15,5.6,%,Abnormal,2025-07-16T17:00:00
1925,1148,12,114,Lipid Panel,2025-05-24,123,mg/dL,Normal,2025-05-26T15:00:00
1926,1149,12,114,Thyroid Panel,2025-10-20,2.6,mIU/L,Normal,2025-10-21T13:00:00
1927,1150,12,115,HbA1c,2026-01-31,9.6,%,Normal,2026-02-02T02:00:00
1928,1151,12,116,HbA1c,2025-08-16,10.0,%,Normal,2025-08-17T17:00:00
1929,1152,12,111,HbA1c,2025-10-12,7.6,%,Normal,2025-10-13T01:00:00
1930,1153,12,112,HbA1c,2025-10-10,10.3,%,Critical,2025-10-11T08:00:00
1931,1153,12,118,Lipid Panel,2026-01-28,186,mg/dL,Normal,2026-01-30T14:00:00
1932,1154,12,113,Lipid Panel,2025-03-17,164,mg/dL,Normal,2025-03-19T19:00:00
1933,1154,12,111,Lipid Panel,2025-12-02,149,mg/dL,Normal,2025-12-02T14:00:00
1934,1154,12,119,Basic Metabolic Panel,2025-06-12,139,mg/dL,Normal,2025-06-12T14:00:00
1935,1155,12,115,HbA1c,2025-06-30,4.6,%,Abnormal,2025-07-01T22:00:00
1936,1156,12,116,Complete Blood Count,2025-08-16,8.7,g/dL,Normal,2025-08-16T19:00:00
1937,1156,12,114,Lipid Panel,2025-10-20,203,mg/dL,Abnormal,2025-10-21T11:00:00
1938,1157,12,112,Basic Metabolic Panel,2025-03-15,101,mg/dL,Normal,2025-03-15T13:00:00
1939,1157,12,116,HbA1c,2025-11-30,10.8,%,Normal,2025-12-01T11:00:00
1940,1158,12,120,Complete Blood Count,2025-01-23,9.4,g/dL,Critical,2025-01-24T06:00:00
1941,1158,12,120,Complete Blood Count,2025-04-19,9.0,g/dL,Normal,2025-04-21T15:00:00
1942,1158,12,119,Thyroid Panel,2025-04-21,5.8,mIU/L,Abnormal,2025-04-22T12:00:00
1943,1159,12,113,Basic Metabolic Panel,2025-02-09,75,mg/dL,Critical,2025-02-11T23:00:00
1944,1160,12,120,Thyroid Panel,2025-10-03,6.0,mIU/L,Normal,2025-10-05T10:00:00
1945,1160,12,119,Complete Blood Count,2025-12-04,13.5,g/dL,Normal,2025-12-05T21:00:00
1946,1161,12,114,Thyroid Panel,2025-05-05,2.6,mIU/L,Normal,2025-05-06T09:00:00
1947,1162,12,116,Lipid Panel,2025-06-11,236,mg/dL,Critical,2025-06-13T11:00:00
1948,1162,12,114,Basic Metabolic Panel,2025-07-05,117,mg/dL,Normal,2025-07-05T17:00:00
1949,1163,12,116,Basic Metabolic Panel,2025-08-18,94,mg/dL,Normal,2025-08-20T14:00:00
1950,1163,12,120,Lipid Panel,2025-05-06,257,mg/dL,Abnormal,2025-05-08T13:00:00
1951,1164,12,113,Thyroid Panel,2025-05-27,2.3,mIU/L,Normal,2025-05-28T09:00:00
1952,1164,12,112,Basic Metabolic Panel,2025-09-16,118,mg/dL,Normal,2025-09-16T21:00:00
1953,1165,12,114,Lipid Panel,2025-01-08,236,mg/dL,Normal,2025-01-08T22:00:00
1954,1165,12,115,Thyroid Panel,2025-08-29,5.8,mIU/L,Normal,2025-08-31T11:00:00
1955,1166,12,117,Complete Blood Count,2025-02-07,14.2,g/dL,Normal,2025-02-07T20:00:00
1956,1166,12,119,Basic Metabolic Panel,2025-07-01,119,mg/dL,Normal,2025-07-01T20:00:00
1957,1166,12,119,Lipid Panel,2025-03-02,195,mg/dL,Abnormal,2025-03-03T09:00:00
1958,1167,12,120,Thyroid Panel,2026-01-05,5.0,mIU/L,Normal,2026-01-05T14:00:00
1959,1167,12,116,Basic Metabolic Panel,2025-11-19,117,mg/dL,Abnormal,2025-11-20T16:00:00
1960,1167,12,117,HbA1c,2025-12-25,9.4,%,Abnormal,2025-12-25T20:00:00
1961,1168,12,120,Thyroid Panel,2025-01-04,0.9,mIU/L,Normal,2025-01-06T01:00:00
1962,1168,12,118,Basic Metabolic Panel,2025-08-13,106,mg/dL,Normal,2025-08-13T23:00:00
1963,1169,12,112,Lipid Panel,2025-09-10,196,mg/dL,Normal,2025-09-11T09:00:00
1964,1169,12,119,Thyroid Panel,2025-08-07,4.8,mIU/L,Normal,2025-08-08T06:00:00
1965,1170,12,113,Lipid Panel,2026-01-12,130,mg/dL,Critical,2026-01-14T20:00:00
1966,1171,12,119,HbA1c,2025-11-12,8.2,%,Normal,2025-11-13T08:00:00
1967,1172,12,112,HbA1c,2025-08-13,6.3,%,Abnormal,2025-08-14T02:00:00
1968,1173,12,115,Thyroid Panel,2025-04-29,6.1,mIU/L,Normal,2025-05-01T06:00:00
1969,1174,12,119,Thyroid Panel,2025-01-15,6.1,mIU/L,Abnormal,2025-01-17T02:00:00
1970,1175,12,119,Thyroid Panel,2025-01-04,6.5,mIU/L,Abnormal,2025-01-05T19:00:00
1971,1175,12,111,HbA1c,2025-10-20,5.8,%,Abnormal,2025-10-21T15:00:00
1972,1175,12,119,Lipid Panel,2025-06-01,236,mg/dL,Normal,2025-06-03T22:00:00
1973,1176,12,112,Basic Metabolic Panel,2025-09-10,120,mg/dL,Normal,2025-09-11T04:00:00
1974,1176,12,113,HbA1c,2025-03-01,9.3,%,Abnormal,2025-03-02T10:00:00
1975,1177,12,114,Complete Blood Count,2025-09-17,10.9,g/dL,Normal,2025-09-18T09:00:00
1976,1177,12,119,Complete Blood Count,2025-06-11,14.4,g/dL,Critical,2025-06-13T21:00:00
1977,1178,12,119,HbA1c,2025-10-13,5.7,%,Abnormal,2025-10-15T06:00:00
1978,1179,12,111,Lipid Panel,2025-10-28,155,mg/dL,Abnormal,2025-10-29T12:00:00
1979,1179,12,114,Lipid Panel,2025-08-29,187,mg/dL,Normal,2025-08-29T21:00:00
1980,1180,12,118,HbA1c,2025-11-22,5.4,%,Normal,2025-11-24T20:00:00
1981,1181,12,114,Complete Blood Count,2025-09-09,11.9,g/dL,Normal,2025-09-10T23:00:00
1982,1181,12,113,Complete Blood Count,2025-05-15,11.8,g/dL,Normal,2025-05-17T03:00:00
1983,1182,12,116,Basic Metabolic Panel,2025-12-03,132,mg/dL,Abnormal,2025-12-03T23:00:00
1984,1182,12,114,HbA1c,2025-09-08,8.8,%,Normal,2025-09-10T14:00:00
1985,1183,12,119,Basic Metabolic Panel,2025-02-19,102,mg/dL,Normal,2025-02-20T02:00:00
1986,1183,12,115,Basic Metabolic Panel,2025-06-16,122,mg/dL,Normal,2025-06-17T03:00:00
1987,1184,12,118,HbA1c,2025-06-27,8.8,%,Normal,2025-06-29T08:00:00
1988,1185,12,118,Basic Metabolic Panel,2025-12-18,117,mg/dL,Normal,2025-12-19T03:00:00
1989,1186,12,114,Basic Metabolic Panel,2025-10-15,72,mg/dL,Normal,2025-10-17T13:00:00
1990,1187,12,117,Basic Metabolic Panel,2025-08-06,121,mg/dL,Normal,2025-08-07T13:00:00
1991,1187,12,111,HbA1c,2025-04-23,7.7,%,Normal,2025-04-24T09:00:00
1992,1188,12,118,Basic Metabolic Panel,2025-10-21,93,mg/dL,Normal,2025-10-23T20:00:00
1993,1189,12,112,Thyroid Panel,2025-03-08,5.0,mIU/L,Normal,2025-03-10T02:00:00
1994,1190,12,111,Basic Metabolic Panel,2025-12-27,76,mg/dL,Abnormal,2025-12-28T09:00:00
1995,1190,12,119,Complete Blood Count,2025-09-23,13.9,g/dL,Normal,2025-09-24T01:00:00
1996,1190,12,114,Lipid Panel,2025-07-22,257,mg/dL,Abnormal,2025-07-24T19:00:00
1997,1191,12,113,HbA1c,2025-04-21,6.7,%,Abnormal,2025-04-22T23:00:00
1998,1192,12,111,Complete Blood Count,2025-09-27,14.8,g/dL,Normal,2025-09-27T18:00:00
1999,1192,12,118,Complete Blood Count,2025-06-04,9.4,g/dL,Normal,2025-06-04T13:00:00
2000,1192,12,114,Complete Blood Count,2025-03-05,10.5,g/dL,Abnormal,2025-03-07T16:00:00
2001,1193,12,113,HbA1c,2025-02-09,10.1,%,Normal,2025-02-09T16:00:00
2002,1193,12,117,Complete Blood Count,2025-10-05,8.1,g/dL,Abnormal,2025-10-07T02:00:00
2003,1194,12,120,Basic Metabolic Panel,2025-11-07,89,mg/dL,Normal,2025-11-09T18:00:00
2004,1195,12,119,Complete Blood Count,2025-08-23,10.7,g/dL,Normal,2025-08-24T00:00:00
2005,1196,12,120,Basic Metabolic Panel,2025-05-30,113,mg/dL,Normal,2025-05-31T15:00:00
2006,1196,12,117,Thyroid Panel,2025-05-26,2.4,mIU/L,Abnormal,2025-05-28T22:00:00
2007,1196,12,119,Lipid Panel,2025-01-09,217,mg/dL,Abnormal,2025-01-10T19:00:00
2008,1197,12,119,Complete Blood Count,2025-10-23,12.1,g/dL,Normal,2025-10-23T13:00:00
2009,1197,12,114,Basic Metabolic Panel,2025-09-02,112,mg/dL,Normal,2025-09-04T00:00:00
2010,1197,12,115,HbA1c,2025-11-19,5.4,%,Normal,2025-11-19T17:00:00
2011,1198,12,118,Thyroid Panel,2025-03-14,2.2,mIU/L,Normal,2025-03-15T13:00:00
2012,1199,12,120,Lipid Panel,2026-01-28,135,mg/dL,Normal,2026-01-29T19:00:00
2013,1200,12,116,Lipid Panel,2025-06-14,129,mg/dL,Normal,2025-06-16T08:00:00
2014,1201,13,121,HbA1c,2026-01-22,9.0,%,Abnormal,2026-01-23T23:00:00
2015,1202,13,126,Lipid Panel,2025-08-25,202,mg/dL,Normal,2025-08-27T09:00:00
2016,1202,13,129,Complete Blood Count,2025-08-06,16.3,g/dL,Normal,2025-08-08T08:00:00
2017,1203,13,121,Lipid Panel,2026-01-19,253,mg/dL,Normal,2026-01-19T19:00:00
2018,1204,13,122,Complete Blood Count,2025-09-11,16.0,g/dL,Normal,2025-09-11T22:00:00
2019,1205,13,123,Thyroid Panel,2025-01-05,3.5,mIU/L,Normal,2025-01-06T06:00:00
2020,1205,13,125,HbA1c,2025-11-11,7.9,%,Normal,2025-11-13T20:00:00
2021,1206,13,123,HbA1c,2025-04-15,7.9,%,Normal,2025-04-17T15:00:00
2022,1206,13,126,Thyroid Panel,2025-08-30,5.0,mIU/L,Normal,2025-08-31T17:00:00
2023,1207,13,123,Lipid Panel,2026-01-02,254,mg/dL,Normal,2026-01-04T17:00:00
2024,1208,13,123,Lipid Panel,2025-02-04,240,mg/dL,Normal,2025-02-04T12:00:00
2025,1209,13,122,Thyroid Panel,2025-02-18,3.8,mIU/L,Normal,2025-02-18T15:00:00
2026,1210,13,122,HbA1c,2025-04-26,8.6,%,Normal,2025-04-27T10:00:00
2027,1210,13,124,HbA1c,2025-08-07,6.3,%,Abnormal,2025-08-09T01:00:00
2028,1211,13,127,HbA1c,2025-11-25,8.1,%,Normal,2025-11-27T06:00:00
2029,1212,13,122,Lipid Panel,2025-04-02,191,mg/dL,Normal,2025-04-03T04:00:00
2030,1212,13,123,Thyroid Panel,2026-01-28,4.8,mIU/L,Normal,2026-01-29T12:00:00
2031,1213,13,130,Thyroid Panel,2026-01-13,2.4,mIU/L,Normal,2026-01-15T19:00:00
2032,1213,13,128,Lipid Panel,2025-01-02,163,mg/dL,Normal,2025-01-04T14:00:00
2033,1214,13,130,Lipid Panel,2025-03-26,156,mg/dL,Abnormal,2025-03-27T18:00:00
2034,1215,13,121,Lipid Panel,2025-08-14,250,mg/dL,Normal,2025-08-15T15:00:00
2035,1216,13,129,Complete Blood Count,2025-07-21,10.2,g/dL,Abnormal,2025-07-22T12:00:00
2036,1217,13,126,HbA1c,2025-06-12,10.0,%,Normal,2025-06-13T21:00:00
2037,1217,13,130,Lipid Panel,2025-11-21,162,mg/dL,Normal,2025-11-23T17:00:00
2038,1218,13,127,Thyroid Panel,2025-12-22,3.7,mIU/L,Normal,2025-12-24T14:00:00
2039,1219,13,127,HbA1c,2025-07-07,5.7,%,Normal,2025-07-09T18:00:00
2040,1220,13,127,Lipid Panel,2025-10-14,277,mg/dL,Critical,2025-10-16T20:00:00
2041,1220,13,124,Basic Metabolic Panel,2025-04-02,112,mg/dL,Abnormal,2025-04-04T23:00:00
2042,1221,13,128,HbA1c,2025-01-03,7.9,%,Normal,2025-01-05T01:00:00
2043,1222,13,126,HbA1c,2025-01-07,7.8,%,Normal,2025-01-09T02:00:00
2044,1223,13,128,Basic Metabolic Panel,2025-12-23,70,mg/dL,Normal,2025-12-25T09:00:00
2045,1223,13,121,Thyroid Panel,2026-01-03,6.6,mIU/L,Normal,2026-01-05T23:00:00
2046,1224,13,128,Basic Metabolic Panel,2025-08-31,87,mg/dL,Abnormal,2025-09-02T11:00:00
2047,1224,13,129,Complete Blood Count,2025-01-15,8.3,g/dL,Abnormal,2025-01-17T03:00:00
2048,1225,13,123,Lipid Panel,2025-08-03,141,mg/dL,Abnormal,2025-08-05T17:00:00
2049,1226,13,121,HbA1c,2025-10-06,5.1,%,Critical,2025-10-07T05:00:00
2050,1227,13,130,Complete Blood Count,2025-12-11,11.0,g/dL,Abnormal,2025-12-13T18:00:00
2051,1228,13,123,Thyroid Panel,2025-07-07,5.9,mIU/L,Normal,2025-07-08T21:00:00
2052,1228,13,127,Basic Metabolic Panel,2025-02-03,72,mg/dL,Abnormal,2025-02-04T00:00:00
2053,1228,13,129,Lipid Panel,2025-02-12,188,mg/dL,Normal,2025-02-12T23:00:00
2054,1229,13,124,Thyroid Panel,2025-11-22,3.5,mIU/L,Abnormal,2025-11-24T11:00:00
2055,1230,13,125,HbA1c,2025-03-02,8.1,%,Normal,2025-03-03T09:00:00
2056,1230,13,122,Thyroid Panel,2025-02-15,7.5,mIU/L,Abnormal,2025-02-15T19:00:00
2057,1230,13,123,Complete Blood Count,2025-10-30,9.7,g/dL,Critical,2025-11-01T04:00:00
2058,1231,13,121,Lipid Panel,2025-08-24,215,mg/dL,Abnormal,2025-08-24T17:00:00
2059,1231,13,124,HbA1c,2025-11-25,9.9,%,Abnormal,2025-11-28T00:00:00
2060,1232,13,123,HbA1c,2025-12-28,4.8,%,Normal,2025-12-29T06:00:00
2061,1233,13,126,Basic Metabolic Panel,2025-04-07,93,mg/dL,Abnormal,2025-04-08T05:00:00
2062,1234,13,125,HbA1c,2025-05-16,9.0,%,Normal,2025-05-16T17:00:00
2063,1235,13,126,Thyroid Panel,2025-11-20,3.8,mIU/L,Abnormal,2025-11-22T07:00:00
2064,1235,13,121,Thyroid Panel,2025-10-03,3.3,mIU/L,Normal,2025-10-05T00:00:00
2065,1236,13,126,HbA1c,2025-12-25,5.8,%,Normal,2025-12-26T20:00:00
2066,1236,13,125,Complete Blood Count,2025-04-18,12.6,g/dL,Normal,2025-04-19T04:00:00
2067,1237,13,122,Thyroid Panel,2025-04-06,5.4,mIU/L,Normal,2025-04-07T18:00:00
2068,1238,13,126,Thyroid Panel,2025-10-29,3.2,mIU/L,Normal,2025-10-31T21:00:00
2069,1238,13,122,HbA1c,2025-01-05,10.2,%,Normal,2025-01-05T22:00:00
2070,1239,13,122,Lipid Panel,2025-06-06,211,mg/dL,Normal,2025-06-06T22:00:00
2071,1240,13,121,Basic Metabolic Panel,2025-10-31,123,mg/dL,Normal,2025-11-02T00:00:00
2072,1241,13,128,Lipid Panel,2026-01-06,184,mg/dL,Normal,2026-01-07T11:00:00
2073,1241,13,128,Basic Metabolic Panel,2025-01-21,103,mg/dL,Abnormal,2025-01-23T23:00:00
2074,1242,13,129,Complete Blood Count,2026-02-01,11.8,g/dL,Critical,2026-02-02T05:00:00
2075,1242,13,127,Thyroid Panel,2025-09-20,0.5,mIU/L,Critical,2025-09-20T22:00:00
2076,1243,13,129,Lipid Panel,2026-01-20,265,mg/dL,Normal,2026-01-20T20:00:00
2077,1243,13,126,Complete Blood Count,2025-06-08,16.7,g/dL,Abnormal,2025-06-10T14:00:00
2078,1243,13,126,Basic Metabolic Panel,2025-03-26,115,mg/dL,Normal,2025-03-27T17:00:00
2079,1244,13,123,HbA1c,2025-04-05,6.5,%,Abnormal,2025-04-06T03:00:00
2080,1245,13,124,Lipid Panel,2025-07-11,262,mg/dL,Normal,2025-07-11T12:00:00
2081,1246,13,128,Thyroid Panel,2025-12-24,5.6,mIU/L,Abnormal,2025-12-25T01:00:00
2082,1247,13,128,Lipid Panel,2025-07-18,144,mg/dL,Normal,2025-07-18T20:00:00
2083,1247,13,123,Basic Metabolic Panel,2025-05-25,106,mg/dL,Normal,2025-05-27T16:00:00
2084,1248,13,130,Basic Metabolic Panel,2025-02-06,133,mg/dL,Normal,2025-02-07T10:00:00
2085,1248,13,130,Complete Blood Count,2025-11-08,10.0,g/dL,Abnormal,2025-11-08T23:00:00
2086,1248,13,126,HbA1c,2025-01-01,6.7,%,Normal,2025-01-03T03:00:00
2087,1249,13,122,Lipid Panel,2025-09-13,155,mg/dL,Normal,2025-09-14T00:00:00
2088,1250,13,122,HbA1c,2025-04-03,7.0,%,Normal,2025-04-04T15:00:00
2089,1251,13,128,Complete Blood Count,2025-08-04,10.3,g/dL,Normal,2025-08-04T23:00:00
2090,1252,13,122,Basic Metabolic Panel,2025-06-27,75,mg/dL,Abnormal,2025-06-29T07:00:00
2091,1252,13,127,Complete Blood Count,2025-03-07,9.4,g/dL,Normal,2025-03-09T00:00:00
2092,1253,13,121,Basic Metabolic Panel,2025-08-05,116,mg/dL,Normal,2025-08-07T13:00:00
2093,1253,13,127,HbA1c,2025-03-01,9.3,%,Abnormal,2025-03-03T02:00:00
2094,1254,13,129,HbA1c,2025-12-31,9.6,%,Abnormal,2026-01-01T09:00:00
2095,1254,13,126,Complete Blood Count,2025-08-06,15.1,g/dL,Abnormal,2025-08-07T22:00:00
2096,1254,13,122,Lipid Panel,2025-06-22,121,mg/dL,Critical,2025-06-25T00:00:00
2097,1255,13,124,Thyroid Panel,2026-01-08,6.6,mIU/L,Normal,2026-01-10T19:00:00
2098,1255,13,121,Basic Metabolic Panel,2025-01-21,101,mg/dL,Abnormal,2025-01-21T19:00:00
2099,1256,13,121,Thyroid Panel,2025-05-10,5.6,mIU/L,Normal,2025-05-11T15:00:00
2100,1257,13,121,Thyroid Panel,2025-05-31,2.4,mIU/L,Normal,2025-06-01T10:00:00
2101,1258,13,125,Complete Blood Count,2025-07-02,13.4,g/dL,Normal,2025-07-04T10:00:00
2102,1259,13,124,Lipid Panel,2025-10-01,141,mg/dL,Normal,2025-10-01T18:00:00
2103,1259,13,123,Basic Metabolic Panel,2025-05-21,120,mg/dL,Critical,2025-05-22T10:00:00
2104,1260,13,124,Thyroid Panel,2025-01-21,4.7,mIU/L,Normal,2025-01-21T16:00:00
2105,1260,13,121,Lipid Panel,2026-01-06,275,mg/dL,Abnormal,2026-01-08T04:00:00
2106,1261,13,129,Complete Blood Count,2025-11-23,11.0,g/dL,Normal,2025-11-25T11:00:00
2107,1262,13,123,HbA1c,2026-01-16,9.2,%,Normal,2026-01-18T20:00:00
2108,1263,13,122,Lipid Panel,2025-05-14,266,mg/dL,Normal,2025-05-15T07:00:00
2109,1263,13,129,Lipid Panel,2025-07-11,132,mg/dL,Normal,2025-07-13T00:00:00
2110,1263,13,127,HbA1c,2025-04-06,9.4,%,Normal,2025-04-07T05:00:00
2111,1264,13,127,Lipid Panel,2025-05-20,192,mg/dL,Normal,2025-05-20T12:00:00
2112,1265,13,127,Lipid Panel,2025-05-17,190,mg/dL,Normal,2025-05-18T17:00:00
2113,1266,13,126,Complete Blood Count,2025-01-10,10.0,g/dL,Normal,2025-01-12T09:00:00
2114,1266,13,122,Thyroid Panel,2025-12-31,2.5,mIU/L,Abnormal,2026-01-02T02:00:00
2115,1266,13,130,Basic Metabolic Panel,2025-10-05,107,mg/dL,Normal,2025-10-06T12:00:00
2116,1267,13,126,HbA1c,2025-08-16,6.6,%,Normal,2025-08-16T21:00:00
2117,1267,13,128,Lipid Panel,2025-12-24,256,mg/dL,Normal,2025-12-24T22:00:00
2118,1268,13,121,Thyroid Panel,2025-11-20,7.8,mIU/L,Normal,2025-11-21T19:00:00
2119,1269,13,124,Thyroid Panel,2025-05-30,3.1,mIU/L,Normal,2025-06-01T12:00:00
2120,1270,13,121,Lipid Panel,2025-10-27,279,mg/dL,Normal,2025-10-27T22:00:00
2121,1270,13,130,Basic Metabolic Panel,2026-01-27,118,mg/dL,Abnormal,2026-01-27T13:00:00
2122,1271,13,128,Lipid Panel,2025-10-03,216,mg/dL,Normal,2025-10-03T20:00:00
2123,1272,13,122,Complete Blood Count,2025-04-19,11.6,g/dL,Normal,2025-04-19T19:00:00
2124,1272,13,123,Lipid Panel,2025-10-09,222,mg/dL,Normal,2025-10-10T14:00:00
2125,1272,13,124,Basic Metabolic Panel,2025-06-13,100,mg/dL,Normal,2025-06-15T13:00:00
2126,1273,13,126,Thyroid Panel,2025-07-20,4.4,mIU/L,Abnormal,2025-07-21T02:00:00
2127,1274,13,128,HbA1c,2025-08-19,9.9,%,Critical,2025-08-19T22:00:00
2128,1275,13,125,Complete Blood Count,2025-06-21,12.8,g/dL,Normal,2025-06-23T12:00:00
2129,1276,13,122,Basic Metabolic Panel,2025-12-01,139,mg/dL,Critical,2025-12-02T14:00:00
2130,1277,13,121,Thyroid Panel,2025-11-09,2.0,mIU/L,Normal,2025-11-11T03:00:00
2131,1278,13,130,Basic Metabolic Panel,2025-06-16,67,mg/dL,Normal,2025-06-18T03:00:00
2132,1279,13,128,Complete Blood Count,2025-01-12,16.6,g/dL,Normal,2025-01-14T11:00:00
2133,1279,13,127,Thyroid Panel,2025-04-09,4.2,mIU/L,Abnormal,2025-04-11T18:00:00
2134,1280,13,124,Lipid Panel,2025-12-31,240,mg/dL,Normal,2026-01-02T22:00:00
2135,1281,13,122,Complete Blood Count,2025-08-25,9.9,g/dL,Normal,2025-08-26T17:00:00
2136,1282,13,124,Lipid Panel,2025-09-14,238,mg/dL,Normal,2025-09-16T05:00:00
2137,1282,13,130,HbA1c,2025-03-23,10.2,%,Normal,2025-03-24T03:00:00
2138,1283,13,121,Complete Blood Count,2025-07-28,14.1,g/dL,Normal,2025-07-30T19:00:00
2139,1283,13,128,Basic Metabolic Panel,2025-08-02,74,mg/dL,Abnormal,2025-08-03T04:00:00
2140,1283,13,129,Complete Blood Count,2025-11-07,14.4,g/dL,Critical,2025-11-09T05:00:00
2141,1284,13,128,Basic Metabolic Panel,2025-05-30,72,mg/dL,Normal,2025-06-01T15:00:00
2142,1284,13,121,HbA1c,2025-09-19,7.1,%,Normal,2025-09-21T04:00:00
2143,1285,13,122,Complete Blood Count,2025-05-15,9.3,g/dL,Abnormal,2025-05-17T12:00:00
2144,1286,13,122,Lipid Panel,2025-07-31,213,mg/dL,Normal,2025-08-02T06:00:00
2145,1286,13,124,Basic Metabolic Panel,2025-05-16,91,mg/dL,Normal,2025-05-16T18:00:00
2146,1287,13,128,Basic Metabolic Panel,2026-01-23,96,mg/dL,Normal,2026-01-24T04:00:00
2147,1287,13,128,HbA1c,2025-12-25,9.6,%,Normal,2025-12-26T04:00:00
2148,1288,13,123,Lipid Panel,2025-05-28,253,mg/dL,Normal,2025-05-28T13:00:00
2149,1288,13,126,Thyroid Panel,2025-05-30,3.1,mIU/L,Critical,2025-05-31T07:00:00
2150,1289,13,125,Basic Metabolic Panel,2025-12-11,121,mg/dL,Normal,2025-12-12T06:00:00
2151,1290,13,123,Lipid Panel,2025-05-30,275,mg/dL,Normal,2025-06-01T18:00:00
2152,1290,13,124,Complete Blood Count,2025-10-26,15.7,g/dL,Normal,2025-10-27T07:00:00
2153,1291,13,126,Thyroid Panel,2025-09-22,6.0,mIU/L,Normal,2025-09-23T13:00:00
2154,1292,13,126,Lipid Panel,2025-09-14,270,mg/dL,Normal,2025-09-15T08:00:00
2155,1292,13,127,Basic Metabolic Panel,2025-09-26,86,mg/dL,Normal,2025-09-27T18:00:00
2156,1292,13,127,Complete Blood Count,2025-02-03,14.0,g/dL,Normal,2025-02-04T09:00:00
2157,1293,13,123,HbA1c,2026-01-09,8.5,%,Normal,2026-01-11T14:00:00
2158,1294,13,128,Basic Metabolic Panel,2025-11-23,137,mg/dL,Normal,2025-11-25T22:00:00
2159,1295,13,129,Lipid Panel,2025-07-06,171,mg/dL,Normal,2025-07-08T06:00:00
2160,1295,13,122,HbA1c,2025-05-19,7.8,%,Critical,2025-05-20T23:00:00
2161,1296,13,129,Complete Blood Count,2025-01-29,16.7,g/dL,Normal,2025-01-30T16:00:00
2162,1296,13,124,Lipid Panel,2026-01-14,185,mg/dL,Normal,2026-01-14T23:00:00
2163,1297,13,124,Lipid Panel,2025-04-01,236,mg/dL,Critical,2025-04-01T14:00:00
2164,1297,13,125,Thyroid Panel,2026-01-16,2.4,mIU/L,Abnormal,2026-01-17T00:00:00
2165,1298,13,123,Thyroid Panel,2025-04-17,2.6,mIU/L,Normal,2025-04-18T02:00:00
2166,1298,13,130,Basic Metabolic Panel,2025-02-20,124,mg/dL,Abnormal,2025-02-21T22:00:00
2167,1298,13,121,HbA1c,2025-02-07,9.6,%,Normal,2025-02-08T00:00:00
2168,1299,13,128,Lipid Panel,2025-10-05,145,mg/dL,Normal,2025-10-07T01:00:00
2169,1300,13,130,Complete Blood Count,2025-02-27,13.2,g/dL,Abnormal,2025-03-01T10:00:00
2170,1301,14,134,Thyroid Panel,2025-11-11,6.5,mIU/L,Normal,2025-11-13T12:00:00
2171,1301,14,131,HbA1c,2025-11-04,9.4,%,Normal,2025-11-05T05:00:00
2172,1302,14,139,Basic Metabolic Panel,2025-05-26,130,mg/dL,Normal,2025-05-29T00:00:00
2173,1303,14,139,Lipid Panel,2025-05-21,207,mg/dL,Normal,2025-05-23T07:00:00
2174,1304,14,138,Complete Blood Count,2025-04-04,16.8,g/dL,Normal,2025-04-05T19:00:00
2175,1305,14,139,Basic Metabolic Panel,2025-03-25,128,mg/dL,Normal,2025-03-25T23:00:00
2176,1305,14,137,HbA1c,2025-08-15,5.1,%,Normal,2025-08-16T09:00:00
2177,1305,14,139,Lipid Panel,2025-02-25,169,mg/dL,Normal,2025-02-27T12:00:00
2178,1306,14,135,HbA1c,2025-08-30,9.5,%,Normal,2025-08-30T18:00:00
2179,1307,14,134,Thyroid Panel,2025-06-15,5.5,mIU/L,Normal,2025-06-15T22:00:00
2180,1307,14,137,Lipid Panel,2025-11-09,160,mg/dL,Normal,2025-11-11T06:00:00
2181,1307,14,139,Basic Metabolic Panel,2026-01-07,118,mg/dL,Normal,2026-01-08T05:00:00
2182,1308,14,135,HbA1c,2025-06-20,5.4,%,Normal,2025-06-22T10:00:00
2183,1309,14,138,HbA1c,2025-07-21,7.3,%,Normal,2025-07-23T12:00:00
2184,1309,14,137,Complete Blood Count,2025-07-01,16.7,g/dL,Abnormal,2025-07-03T05:00:00
2185,1310,14,135,Complete Blood Count,2025-04-14,15.4,g/dL,Normal,2025-04-15T01:00:00
2186,1310,14,135,HbA1c,2025-01-13,9.9,%,Normal,2025-01-14T08:00:00
2187,1310,14,137,HbA1c,2026-01-14,8.1,%,Abnormal,2026-01-15T00:00:00
2188,1311,14,138,HbA1c,2025-05-05,5.2,%,Normal,2025-05-05T22:00:00
2189,1311,14,138,Thyroid Panel,2025-01-24,3.9,mIU/L,Normal,2025-01-26T13:00:00
2190,1312,14,138,Lipid Panel,2025-11-07,191,mg/dL,Normal,2025-11-09T01:00:00
2191,1312,14,132,Complete Blood Count,2025-05-22,13.8,g/dL,Normal,2025-05-23T22:00:00
2192,1313,14,132,Basic Metabolic Panel,2026-01-19,82,mg/dL,Normal,2026-01-19T16:00:00
2193,1313,14,137,Lipid Panel,2025-10-29,158,mg/dL,Normal,2025-10-30T07:00:00
2194,1313,14,139,Complete Blood Count,2025-06-17,11.9,g/dL,Normal,2025-06-19T00:00:00
2195,1314,14,139,Thyroid Panel,2025-12-20,6.6,mIU/L,Normal,2025-12-20T13:00:00
2196,1314,14,132,HbA1c,2025-07-04,10.7,%,Abnormal,2025-07-06T21:00:00
2197,1315,14,134,Lipid Panel,2025-08-28,202,mg/dL,Normal,2025-08-29T02:00:00
2198,1315,14,136,Lipid Panel,2025-05-11,186,mg/dL,Abnormal,2025-05-13T02:00:00
2199,1316,14,132,Basic Metabolic Panel,2025-07-22,119,mg/dL,Normal,2025-07-24T15:00:00
2200,1317,14,139,Complete Blood Count,2025-09-20,16.2,g/dL,Normal,2025-09-21T11:00:00
2201,1318,14,131,Thyroid Panel,2025-06-17,7.0,mIU/L,Normal,2025-06-19T14:00:00
2202,1319,14,136,Complete Blood Count,2025-10-17,14.6,g/dL,Critical,2025-10-17T17:00:00
2203,1320,14,139,Lipid Panel,2025-02-14,251,mg/dL,Critical,2025-02-16T00:00:00
2204,1320,14,140,Lipid Panel,2026-01-28,138,mg/dL,Normal,2026-01-30T07:00:00
2205,1321,14,138,Lipid Panel,2025-02-07,204,mg/dL,Normal,2025-02-07T23:00:00
2206,1322,14,139,Basic Metabolic Panel,2025-07-25,67,mg/dL,Normal,2025-07-27T00:00:00
2207,1323,14,137,Complete Blood Count,2025-06-15,8.1,g/dL,Normal,2025-06-16T15:00:00
2208,1323,14,134,Thyroid Panel,2025-06-17,5.5,mIU/L,Normal,2025-06-18T22:00:00
2209,1324,14,140,HbA1c,2026-01-02,10.3,%,Normal,2026-01-04T19:00:00
2210,1324,14,134,Lipid Panel,2025-06-07,172,mg/dL,Normal,2025-06-07T23:00:00
2211,1325,14,131,Lipid Panel,2025-06-28,258,mg/dL,Normal,2025-06-28T16:00:00
2212,1325,14,136,Lipid Panel,2025-04-14,173,mg/dL,Normal,2025-04-15T07:00:00
2213,1326,14,134,Lipid Panel,2025-01-14,210,mg/dL,Abnormal,2025-01-14T20:00:00
2214,1326,14,138,Complete Blood Count,2025-07-12,15.5,g/dL,Normal,2025-07-12T13:00:00
2215,1326,14,134,Basic Metabolic Panel,2025-08-17,71,mg/dL,Normal,2025-08-18T16:00:00
2216,1327,14,137,Thyroid Panel,2025-02-17,6.6,mIU/L,Normal,2025-02-17T23:00:00
2217,1328,14,139,Complete Blood Count,2025-04-18,9.5,g/dL,Critical,2025-04-18T19:00:00
2218,1328,14,140,HbA1c,2025-06-12,9.4,%,Normal,2025-06-13T14:00:00
2219,1329,14,139,HbA1c,2025-09-18,7.6,%,Critical,2025-09-18T19:00:00
2220,1329,14,131,Complete Blood Count,2025-08-04,11.4,g/dL,Critical,2025-08-05T13:00:00
2221,1329,14,132,HbA1c,2025-06-08,6.8,%,Normal,2025-06-10T17:00:00
2222,1330,14,135,Lipid Panel,2025-11-30,141,mg/dL,Abnormal,2025-12-02T05:00:00
2223,1330,14,138,Complete Blood Count,2025-05-21,16.6,g/dL,Normal,2025-05-23T10:00:00
2224,1330,14,136,Complete Blood Count,2025-05-08,9.3,g/dL,Normal,2025-05-08T23:00:00
2225,1331,14,133,Lipid Panel,2026-01-26,240,mg/dL,Normal,2026-01-26T14:00:00
2226,1332,14,135,HbA1c,2025-03-22,8.5,%,Normal,2025-03-23T14:00:00
2227,1332,14,139,Lipid Panel,2025-07-06,166,mg/dL,Critical,2025-07-08T20:00:00
2228,1333,14,131,Basic Metabolic Panel,2025-06-06,91,mg/dL,Normal,2025-06-07T13:00:00
2229,1333,14,135,Thyroid Panel,2025-01-14,2.8,mIU/L,Normal,2025-01-15T09:00:00
2230,1334,14,133,Basic Metabolic Panel,2025-10-04,70,mg/dL,Abnormal,2025-10-05T12:00:00
2231,1335,14,133,Lipid Panel,2025-01-08,145,mg/dL,Abnormal,2025-01-09T10:00:00
2232,1335,14,132,Basic Metabolic Panel,2025-02-27,73,mg/dL,Normal,2025-02-28T18:00:00
2233,1336,14,139,Basic Metabolic Panel,2025-11-05,82,mg/dL,Normal,2025-11-07T15:00:00
2234,1337,14,138,HbA1c,2025-12-03,5.3,%,Normal,2025-12-04T22:00:00
2235,1338,14,132,Basic Metabolic Panel,2026-01-19,128,mg/dL,Abnormal,2026-01-21T17:00:00
2236,1338,14,134,Lipid Panel,2025-09-21,176,mg/dL,Abnormal,2025-09-21T20:00:00
2237,1339,14,132,Complete Blood Count,2025-05-25,14.5,g/dL,Normal,2025-05-27T20:00:00
2238,1340,14,135,Lipid Panel,2025-06-18,197,mg/dL,Critical,2025-06-20T09:00:00
2239,1341,14,139,Thyroid Panel,2025-05-17,4.7,mIU/L,Abnormal,2025-05-19T12:00:00
2240,1341,14,136,Basic Metabolic Panel,2025-12-05,112,mg/dL,Normal,2025-12-05T21:00:00
2241,1342,14,131,Basic Metabolic Panel,2025-04-12,71,mg/dL,Normal,2025-04-12T23:00:00
2242,1342,14,131,Lipid Panel,2025-07-23,161,mg/dL,Normal,2025-07-24T08:00:00
2243,1342,14,138,Basic Metabolic Panel,2025-04-07,109,mg/dL,Abnormal,2025-04-09T04:00:00
2244,1343,14,137,Basic Metabolic Panel,2025-08-21,92,mg/dL,Normal,2025-08-23T03:00:00
2245,1343,14,138,Complete Blood Count,2025-12-02,14.7,g/dL,Normal,2025-12-04T13:00:00
2246,1343,14,136,HbA1c,2025-04-06,11.0,%,Normal,2025-04-07T04:00:00
2247,1344,14,139,Basic Metabolic Panel,2025-12-09,77,mg/dL,Normal,2025-12-11T18:00:00
2248,1344,14,139,HbA1c,2025-07-07,4.9,%,Normal,2025-07-08T15:00:00
2249,1344,14,139,Lipid Panel,2025-04-27,144,mg/dL,Abnormal,2025-04-28T17:00:00
2250,1345,14,135,Lipid Panel,2025-06-07,208,mg/dL,Normal,2025-06-08T16:00:00
2251,1346,14,132,Thyroid Panel,2025-09-19,1.7,mIU/L,Normal,2025-09-20T00:00:00
2252,1346,14,134,Complete Blood Count,2026-01-17,9.8,g/dL,Normal,2026-01-18T10:00:00
2253,1346,14,133,Thyroid Panel,2025-09-26,6.9,mIU/L,Abnormal,2025-09-26T15:00:00
2254,1347,14,134,Thyroid Panel,2025-03-23,1.6,mIU/L,Normal,2025-03-23T18:00:00
2255,1348,14,140,Lipid Panel,2025-10-04,158,mg/dL,Critical,2025-10-07T00:00:00
2256,1348,14,137,Lipid Panel,2025-01-26,191,mg/dL,Normal,2025-01-29T00:00:00
2257,1349,14,139,Basic Metabolic Panel,2025-08-28,125,mg/dL,Normal,2025-08-29T08:00:00
2258,1350,14,131,Complete Blood Count,2025-10-12,10.3,g/dL,Normal,2025-10-14T06:00:00
2259,1350,14,140,Thyroid Panel,2025-01-31,7.7,mIU/L,Normal,2025-02-02T12:00:00
2260,1350,14,133,Basic Metabolic Panel,2026-01-27,85,mg/dL,Critical,2026-01-29T15:00:00
2261,1351,14,137,Lipid Panel,2025-07-20,227,mg/dL,Normal,2025-07-22T01:00:00
2262,1351,14,136,Complete Blood Count,2025-05-22,10.0,g/dL,Abnormal,2025-05-22T20:00:00
2263,1351,14,132,Thyroid Panel,2025-03-19,7.6,mIU/L,Normal,2025-03-20T01:00:00
2264,1352,14,136,Complete Blood Count,2025-09-24,13.7,g/dL,Normal,2025-09-25T07:00:00
2265,1352,14,140,Basic Metabolic Panel,2025-12-05,94,mg/dL,Normal,2025-12-06T16:00:00
2266,1353,14,140,Basic Metabolic Panel,2025-02-06,84,mg/dL,Critical,2025-02-08T20:00:00
2267,1354,14,136,HbA1c,2025-01-21,10.7,%,Abnormal,2025-01-22T12:00:00
2268,1354,14,135,Complete Blood Count,2025-08-07,13.6,g/dL,Normal,2025-08-09T01:00:00
2269,1354,14,138,HbA1c,2025-02-22,6.0,%,Critical,2025-02-22T17:00:00
2270,1355,14,140,HbA1c,2025-12-07,6.1,%,Abnormal,2025-12-08T19:00:00
2271,1355,14,137,Basic Metabolic Panel,2025-11-23,72,mg/dL,Abnormal,2025-11-23T18:00:00
2272,1356,14,135,HbA1c,2025-06-18,8.7,%,Normal,2025-06-19T14:00:00
2273,1357,14,136,Complete Blood Count,2026-01-01,8.1,g/dL,Normal,2026-01-03T15:00:00
2274,1358,14,134,Thyroid Panel,2025-05-17,3.6,mIU/L,Critical,2025-05-17T18:00:00
2275,1358,14,138,Thyroid Panel,2025-10-17,5.0,mIU/L,Normal,2025-10-18T12:00:00
2276,1359,14,137,Complete Blood Count,2025-10-30,13.4,g/dL,Abnormal,2025-11-01T17:00:00
2277,1359,14,132,Thyroid Panel,2026-01-27,1.0,mIU/L,Normal,2026-01-28T03:00:00
2278,1359,14,140,Basic Metabolic Panel,2026-01-03,115,mg/dL,Normal,2026-01-05T11:00:00
2279,1360,14,138,Basic Metabolic Panel,2025-09-25,138,mg/dL,Critical,2025-09-25T14:00:00
2280,1360,14,137,Complete Blood Count,2025-04-03,9.9,g/dL,Normal,2025-04-03T13:00:00
2281,1361,14,135,Basic Metabolic Panel,2026-01-09,68,mg/dL,Abnormal,2026-01-10T17:00:00
2282,1362,14,136,HbA1c,2025-05-08,10.8,%,Normal,2025-05-09T05:00:00
2283,1363,14,138,HbA1c,2025-03-24,9.5,%,Normal,2025-03-25T01:00:00
2284,1364,14,136,Basic Metabolic Panel,2025-03-30,109,mg/dL,Normal,2025-04-01T18:00:00
2285,1364,14,132,HbA1c,2025-10-03,6.8,%,Abnormal,2025-10-05T11:00:00
2286,1364,14,134,HbA1c,2025-02-21,9.9,%,Abnormal,2025-02-23T22:00:00
2287,1365,14,136,Thyroid Panel,2025-04-06,4.1,mIU/L,Normal,2025-04-08T12:00:00
2288,1365,14,135,Basic Metabolic Panel,2025-06-22,109,mg/dL,Normal,2025-06-24T15:00:00
2289,1366,14,133,Lipid Panel,2025-01-09,202,mg/dL,Normal,2025-01-09T19:00:00
2290,1367,14,139,Thyroid Panel,2025-10-14,2.6,mIU/L,Normal,2025-10-15T22:00:00
2291,1368,14,132,Lipid Panel,2025-02-16,143,mg/dL,Normal,2025-02-18T09:00:00
2292,1368,14,137,HbA1c,2025-06-24,5.4,%,Normal,2025-06-25T22:00:00
2293,1369,14,137,Complete Blood Count,2026-01-12,15.6,g/dL,Abnormal,2026-01-14T16:00:00
2294,1370,14,140,Thyroid Panel,2025-06-15,7.8,mIU/L,Normal,2025-06-16T02:00:00
2295,1370,14,131,Lipid Panel,2025-03-21,260,mg/dL,Critical,2025-03-23T06:00:00
2296,1371,14,134,Lipid Panel,2025-04-26,182,mg/dL,Normal,2025-04-27T16:00:00
2297,1372,14,131,HbA1c,2025-01-11,6.1,%,Normal,2025-01-13T18:00:00
2298,1373,14,137,Thyroid Panel,2025-10-18,4.5,mIU/L,Normal,2025-10-19T00:00:00
2299,1373,14,139,Thyroid Panel,2025-10-22,3.4,mIU/L,Abnormal,2025-10-24T20:00:00
2300,1374,14,135,HbA1c,2025-05-15,9.7,%,Normal,2025-05-16T15:00:00
2301,1375,14,134,HbA1c,2025-02-09,8.0,%,Normal,2025-02-11T08:00:00
2302,1375,14,134,Thyroid Panel,2025-02-19,4.8,mIU/L,Abnormal,2025-02-21T22:00:00
2303,1375,14,139,Basic Metabolic Panel,2025-06-10,133,mg/dL,Abnormal,2025-06-10T18:00:00
2304,1376,14,136,Thyroid Panel,2025-04-25,6.6,mIU/L,Normal,2025-04-26T17:00:00
2305,1376,14,131,Basic Metabolic Panel,2025-09-12,121,mg/dL,Normal,2025-09-14T01:00:00
2306,1377,14,133,Complete Blood Count,2025-10-14,13.0,g/dL,Normal,2025-10-16T05:00:00
2307,1377,14,136,Basic Metabolic Panel,2025-02-02,83,mg/dL,Normal,2025-02-04T07:00:00
2308,1377,14,135,Thyroid Panel,2026-01-08,2.2,mIU/L,Abnormal,2026-01-08T13:00:00
2309,1378,14,133,Basic Metabolic Panel,2025-12-05,92,mg/dL,Normal,2025-12-06T16:00:00
2310,1379,14,135,HbA1c,2025-09-18,6.0,%,Normal,2025-09-21T00:00:00
2311,1379,14,139,Thyroid Panel,2025-01-04,2.7,mIU/L,Normal,2025-01-06T03:00:00
2312,1380,14,140,Complete Blood Count,2025-02-06,15.0,g/dL,Normal,2025-02-08T03:00:00
2313,1380,14,137,Lipid Panel,2025-05-08,169,mg/dL,Abnormal,2025-05-10T02:00:00
2314,1381,14,133,Complete Blood Count,2025-09-11,13.8,g/dL,Normal,2025-09-13T10:00:00
2315,1381,14,132,Complete Blood Count,2025-10-21,16.5,g/dL,Critical,2025-10-23T08:00:00
2316,1381,14,137,Basic Metabolic Panel,2025-12-23,113,mg/dL,Normal,2025-12-24T18:00:00
2317,1382,14,132,HbA1c,2025-12-29,6.8,%,Abnormal,2025-12-30T15:00:00
2318,1383,14,133,HbA1c,2025-04-27,7.1,%,Critical,2025-04-28T10:00:00
2319,1384,14,136,Basic Metabolic Panel,2025-09-26,77,mg/dL,Normal,2025-09-27T04:00:00
2320,1384,14,140,Complete Blood Count,2025-01-31,16.8,g/dL,Normal,2025-02-02T07:00:00
2321,1385,14,139,Complete Blood Count,2025-07-16,8.0,g/dL,Normal,2025-07-17T07:00:00
2322,1386,14,140,HbA1c,2025-03-30,10.1,%,Normal,2025-03-31T00:00:00
2323,1386,14,138,Lipid Panel,2025-04-22,257,mg/dL,Normal,2025-04-23T10:00:00
2324,1386,14,133,Thyroid Panel,2025-04-01,3.2,mIU/L,Normal,2025-04-03T21:00:00
2325,1387,14,133,Thyroid Panel,2025-08-16,1.4,mIU/L,Normal,2025-08-16T13:00:00
2326,1387,14,139,Complete Blood Count,2025-06-09,15.3,g/dL,Normal,2025-06-11T23:00:00
2327,1388,14,133,Thyroid Panel,2025-02-21,4.3,mIU/L,Normal,2025-02-22T19:00:00
2328,1389,14,140,HbA1c,2025-12-04,10.6,%,Abnormal,2025-12-05T23:00:00
2329,1390,14,132,Thyroid Panel,2025-05-07,0.8,mIU/L,Normal,2025-05-08T11:00:00
2330,1390,14,138,Lipid Panel,2025-01-22,223,mg/dL,Normal,2025-01-23T10:00:00
2331,1391,14,138,Thyroid Panel,2025-09-24,1.1,mIU/L,Normal,2025-09-24T17:00:00
2332,1391,14,136,Thyroid Panel,2025-12-26,4.6,mIU/L,Normal,2025-12-27T22:00:00
2333,1391,14,139,Lipid Panel,2025-06-14,192,mg/dL,Normal,2025-06-14T20:00:00
2334,1392,14,137,Basic Metabolic Panel,2025-07-13,120,mg/dL,Normal,2025-07-13T17:00:00
2335,1393,14,136,Thyroid Panel,2025-07-19,4.0,mIU/L,Normal,2025-07-20T07:00:00
2336,1394,14,135,Complete Blood Count,2025-01-22,12.7,g/dL,Critical,2025-01-23T00:00:00
2337,1394,14,135,Thyroid Panel,2025-10-20,6.1,mIU/L,Normal,2025-10-21T22:00:00
2338,1395,14,131,Thyroid Panel,2025-06-05,0.5,mIU/L,Normal,2025-06-06T12:00:00
2339,1396,14,131,Basic Metabolic Panel,2025-09-26,130,mg/dL,Normal,2025-09-28T18:00:00
2340,1396,14,136,Complete Blood Count,2025-02-20,16.2,g/dL,Critical,2025-02-21T17:00:00
2341,1396,14,134,HbA1c,2025-04-15,5.0,%,Normal,2025-04-16T19:00:00
2342,1397,14,131,Complete Blood Count,2025-04-16,16.3,g/dL,Normal,2025-04-18T21:00:00
2343,1397,14,135,Complete Blood Count,2025-12-04,16.1,g/dL,Abnormal,2025-12-06T16:00:00
2344,1398,14,133,Basic Metabolic Panel,2025-07-10,94,mg/dL,Abnormal,2025-07-12T22:00:00
2345,1399,14,133,Thyroid Panel,2025-12-09,2.2,mIU/L,Abnormal,2025-12-10T04:00:00
2346,1400,14,140,HbA1c,2025-12-01,5.8,%,Abnormal,2025-12-03T11:00:00
2347,1401,15,141,Basic Metabolic Panel,2025-07-13,117,mg/dL,Abnormal,2025-07-14T05:00:00
2348,1402,15,148,HbA1c,2025-11-17,8.4,%,Normal,2025-11-19T08:00:00
2349,1403,15,148,Lipid Panel,2025-02-06,177,mg/dL,Normal,2025-02-08T04:00:00
2350,1403,15,143,Basic Metabolic Panel,2025-04-04,73,mg/dL,Normal,2025-04-05T22:00:00
2351,1404,15,145,Basic Metabolic Panel,2025-10-02,101,mg/dL,Normal,2025-10-03T06:00:00
2352,1404,15,150,HbA1c,2025-03-03,5.2,%,Abnormal,2025-03-04T13:00:00
2353,1404,15,144,Complete Blood Count,2025-09-12,13.0,g/dL,Normal,2025-09-13T00:00:00
2354,1405,15,148,Basic Metabolic Panel,2025-02-27,78,mg/dL,Normal,2025-02-28T02:00:00
2355,1405,15,147,Lipid Panel,2026-01-26,141,mg/dL,Abnormal,2026-01-28T08:00:00
2356,1405,15,144,Basic Metabolic Panel,2025-08-13,112,mg/dL,Normal,2025-08-15T11:00:00
2357,1406,15,141,Thyroid Panel,2025-04-07,6.2,mIU/L,Normal,2025-04-09T13:00:00
2358,1406,15,146,Complete Blood Count,2025-03-20,13.1,g/dL,Abnormal,2025-03-21T09:00:00
2359,1407,15,143,HbA1c,2025-11-26,7.5,%,Normal,2025-11-26T15:00:00
2360,1408,15,145,Thyroid Panel,2025-04-05,0.8,mIU/L,Normal,2025-04-07T04:00:00
2361,1409,15,148,Complete Blood Count,2025-02-05,15.8,g/dL,Normal,2025-02-07T17:00:00
2362,1409,15,149,HbA1c,2025-03-15,8.1,%,Critical,2025-03-16T23:00:00
2363,1410,15,142,Basic Metabolic Panel,2025-10-01,131,mg/dL,Normal,2025-10-01T13:00:00
2364,1411,15,146,HbA1c,2025-02-23,4.7,%,Normal,2025-02-25T07:00:00
2365,1412,15,150,Complete Blood Count,2026-01-29,15.3,g/dL,Normal,2026-01-31T00:00:00
2366,1413,15,141,Thyroid Panel,2025-01-11,4.5,mIU/L,Abnormal,2025-01-13T05:00:00
2367,1414,15,150,Basic Metabolic Panel,2025-12-18,101,mg/dL,Normal,2025-12-20T03:00:00
2368,1415,15,144,Basic Metabolic Panel,2025-06-26,97,mg/dL,Normal,2025-06-28T04:00:00
2369,1415,15,143,Basic Metabolic Panel,2025-07-04,133,mg/dL,Normal,2025-07-05T02:00:00
2370,1415,15,143,Basic Metabolic Panel,2025-03-24,97,mg/dL,Abnormal,2025-03-25T11:00:00
2371,1416,15,145,Lipid Panel,2025-08-24,130,mg/dL,Abnormal,2025-08-25T14:00:00
2372,1417,15,144,Basic Metabolic Panel,2025-11-17,81,mg/dL,Normal,2025-11-18T10:00:00
2373,1417,15,147,Basic Metabolic Panel,2025-08-24,118,mg/dL,Normal,2025-08-26T10:00:00
2374,1418,15,148,HbA1c,2025-12-07,6.7,%,Normal,2025-12-08T13:00:00
2375,1418,15,149,Lipid Panel,2025-04-22,182,mg/dL,Normal,2025-04-24T09:00:00
2376,1418,15,144,Thyroid Panel,2025-08-26,3.1,mIU/L,Abnormal,2025-08-27T23:00:00
2377,1419,15,146,HbA1c,2025-03-14,5.9,%,Normal,2025-03-15T18:00:00
2378,1419,15,148,HbA1c,2026-02-01,10.4,%,Normal,2026-02-03T19:00:00
2379,1420,15,144,HbA1c,2025-03-22,8.1,%,Normal,2025-03-24T06:00:00
2380,1421,15,143,Basic Metabolic Panel,2025-12-22,68,mg/dL,Normal,2025-12-23T01:00:00
2381,1421,15,143,HbA1c,2025-12-15,10.9,%,Abnormal,2025-12-17T00:00:00
2382,1422,15,150,Lipid Panel,2025-07-30,158,mg/dL,Normal,2025-07-31T08:00:00
2383,1422,15,143,Basic Metabolic Panel,2025-11-09,105,mg/dL,Abnormal,2025-11-11T23:00:00
2384,1423,15,141,Complete Blood Count,2025-02-13,15.1,g/dL,Normal,2025-02-13T13:00:00
2385,1423,15,141,HbA1c,2025-06-10,10.0,%,Abnormal,2025-06-12T23:00:00
2386,1424,15,143,Lipid Panel,2025-02-03,198,mg/dL,Normal,2025-02-04T11:00:00
2387,1425,15,148,Basic Metabolic Panel,2025-12-27,108,mg/dL,Normal,2025-12-27T23:00:00
2388,1426,15,149,Lipid Panel,2025-03-25,158,mg/dL,Normal,2025-03-26T14:00:00
2389,1427,15,147,Lipid Panel,2025-10-10,263,mg/dL,Normal,2025-10-12T04:00:00
2390,1427,15,145,Lipid Panel,2025-12-06,149,mg/dL,Normal,2025-12-09T00:00:00
2391,1427,15,148,Complete Blood Count,2025-03-11,14.8,g/dL,Normal,2025-03-13T20:00:00
2392,1428,15,143,Complete Blood Count,2025-07-05,13.3,g/dL,Normal,2025-07-07T23:00:00
2393,1429,15,148,Complete Blood Count,2025-12-10,16.7,g/dL,Normal,2025-12-12T00:00:00
2394,1429,15,146,Complete Blood Count,2025-02-05,16.0,g/dL,Normal,2025-02-05T23:00:00
2395,1430,15,147,Lipid Panel,2025-12-09,148,mg/dL,Critical,2025-12-10T00:00:00
2396,1431,15,142,HbA1c,2025-09-11,8.4,%,Normal,2025-09-11T13:00:00
2397,1432,15,143,HbA1c,2025-04-09,10.0,%,Normal,2025-04-10T20:00:00
2398,1432,15,149,Complete Blood Count,2025-03-27,12.4,g/dL,Normal,2025-03-27T15:00:00
2399,1433,15,145,Basic Metabolic Panel,2025-06-22,120,mg/dL,Normal,2025-06-22T14:00:00
2400,1433,15,148,Complete Blood Count,2025-01-17,11.0,g/dL,Abnormal,2025-01-17T20:00:00
2401,1434,15,141,Thyroid Panel,2025-07-14,0.4,mIU/L,Abnormal,2025-07-15T00:00:00
2402,1434,15,147,Basic Metabolic Panel,2025-12-22,69,mg/dL,Normal,2025-12-24T07:00:00
2403,1434,15,147,HbA1c,2025-09-20,6.9,%,Critical,2025-09-22T18:00:00
2404,1435,15,146,Lipid Panel,2026-01-04,208,mg/dL,Normal,2026-01-05T04:00:00
2405,1436,15,145,Complete Blood Count,2025-12-10,16.2,g/dL,Abnormal,2025-12-10T17:00:00
2406,1437,15,149,Complete Blood Count,2025-03-07,8.2,g/dL,Abnormal,2025-03-09T15:00:00
2407,1437,15,144,Complete Blood Count,2025-02-03,9.6,g/dL,Normal,2025-02-03T21:00:00
2408,1437,15,144,Complete Blood Count,2025-01-05,15.8,g/dL,Normal,2025-01-07T10:00:00
2409,1438,15,150,Complete Blood Count,2025-11-17,9.4,g/dL,Critical,2025-11-19T19:00:00
2410,1438,15,146,Complete Blood Count,2025-01-29,13.5,g/dL,Normal,2025-01-31T09:00:00
2411,1439,15,142,Lipid Panel,2026-01-03,143,mg/dL,Normal,2026-01-06T00:00:00
2412,1439,15,147,Lipid Panel,2025-01-26,173,mg/dL,Normal,2025-01-28T09:00:00
2413,1439,15,146,Thyroid Panel,2025-04-12,1.8,mIU/L,Critical,2025-04-14T09:00:00
2414,1440,15,143,Basic Metabolic Panel,2026-01-10,101,mg/dL,Normal,2026-01-12T07:00:00
2415,1440,15,141,Basic Metabolic Panel,2025-09-17,88,mg/dL,Normal,2025-09-17T12:00:00
2416,1441,15,145,Lipid Panel,2025-10-22,258,mg/dL,Normal,2025-10-23T00:00:00
2417,1441,15,142,Lipid Panel,2025-06-14,167,mg/dL,Critical,2025-06-16T12:00:00
2418,1441,15,143,Basic Metabolic Panel,2025-06-01,140,mg/dL,Normal,2025-06-03T02:00:00
2419,1442,15,144,Basic Metabolic Panel,2025-06-26,97,mg/dL,Normal,2025-06-28T11:00:00
2420,1442,15,141,HbA1c,2025-03-24,6.3,%,Normal,2025-03-24T16:00:00
2421,1443,15,141,Thyroid Panel,2025-08-09,6.1,mIU/L,Normal,2025-08-09T17:00:00
2422,1444,15,148,Complete Blood Count,2025-12-12,16.8,g/dL,Normal,2025-12-12T17:00:00
2423,1444,15,146,Thyroid Panel,2025-02-03,5.5,mIU/L,Normal,2025-02-05T00:00:00
2424,1444,15,146,Basic Metabolic Panel,2026-01-16,110,mg/dL,Normal,2026-01-18T15:00:00
2425,1445,15,148,HbA1c,2026-01-17,8.0,%,Normal,2026-01-18T00:00:00
2426,1446,15,146,Basic Metabolic Panel,2025-08-25,124,mg/dL,Critical,2025-08-26T08:00:00
2427,1447,15,147,Basic Metabolic Panel,2025-08-20,124,mg/dL,Normal,2025-08-20T21:00:00
2428,1447,15,147,Basic Metabolic Panel,2025-03-13,68,mg/dL,Normal,2025-03-15T14:00:00
2429,1448,15,143,Basic Metabolic Panel,2025-01-08,111,mg/dL,Abnormal,2025-01-09T15:00:00
2430,1448,15,143,Lipid Panel,2025-04-05,271,mg/dL,Normal,2025-04-06T01:00:00
2431,1448,15,147,Basic Metabolic Panel,2025-05-19,84,mg/dL,Normal,2025-05-20T09:00:00
2432,1449,15,143,HbA1c,2025-10-09,9.9,%,Normal,2025-10-10T05:00:00
2433,1450,15,148,Basic Metabolic Panel,2025-03-23,120,mg/dL,Critical,2025-03-24T19:00:00
2434,1451,15,142,Complete Blood Count,2025-12-28,16.6,g/dL,Normal,2025-12-29T18:00:00
2435,1452,15,149,Basic Metabolic Panel,2025-08-02,92,mg/dL,Normal,2025-08-03T19:00:00
2436,1453,15,143,HbA1c,2025-12-17,8.6,%,Normal,2025-12-19T03:00:00
2437,1454,15,143,Thyroid Panel,2026-01-07,2.5,mIU/L,Abnormal,2026-01-08T11:00:00
2438,1455,15,146,Thyroid Panel,2025-02-02,7.8,mIU/L,Normal,2025-02-02T13:00:00
2439,1455,15,147,Lipid Panel,2025-06-17,173,mg/dL,Normal,2025-06-19T08:00:00
2440,1455,15,146,Basic Metabolic Panel,2025-10-12,100,mg/dL,Normal,2025-10-13T09:00:00
2441,1456,15,144,Lipid Panel,2025-11-20,202,mg/dL,Critical,2025-11-22T00:00:00
2442,1457,15,150,Thyroid Panel,2025-05-08,2.1,mIU/L,Normal,2025-05-09T19:00:00
2443,1458,15,146,Thyroid Panel,2025-07-16,7.1,mIU/L,Normal,2025-07-18T12:00:00
2444,1458,15,146,Complete Blood Count,2025-08-25,12.8,g/dL,Abnormal,2025-08-27T02:00:00
2445,1458,15,145,Complete Blood Count,2025-04-09,12.0,g/dL,Abnormal,2025-04-11T14:00:00
2446,1459,15,146,Complete Blood Count,2025-04-25,12.3,g/dL,Normal,2025-04-27T04:00:00
2447,1459,15,146,Thyroid Panel,2025-03-16,4.0,mIU/L,Normal,2025-03-18T14:00:00
2448,1460,15,146,Thyroid Panel,2025-04-13,7.1,mIU/L,Abnormal,2025-04-15T16:00:00
2449,1461,15,150,Thyroid Panel,2026-01-11,1.2,mIU/L,Abnormal,2026-01-11T15:00:00
2450,1462,15,149,HbA1c,2025-07-12,6.1,%,Abnormal,2025-07-13T15:00:00
2451,1463,15,145,HbA1c,2025-06-01,5.8,%,Normal,2025-06-01T13:00:00
2452,1463,15,147,Complete Blood Count,2025-03-17,11.3,g/dL,Normal,2025-03-18T16:00:00
2453,1463,15,149,Lipid Panel,2025-08-16,272,mg/dL,Normal,2025-08-18T12:00:00
2454,1464,15,148,HbA1c,2025-11-07,5.8,%,Normal,2025-11-08T17:00:00
2455,1464,15,150,Lipid Panel,2025-01-09,202,mg/dL,Normal,2025-01-09T19:00:00
2456,1464,15,146,Thyroid Panel,2025-03-14,4.0,mIU/L,Abnormal,2025-03-15T08:00:00
2457,1465,15,141,Basic Metabolic Panel,2025-07-22,106,mg/dL,Normal,2025-07-22T23:00:00
2458,1466,15,141,HbA1c,2026-01-23,6.6,%,Normal,2026-01-25T00:00:00
2459,1466,15,149,Complete Blood Count,2026-01-01,14.5,g/dL,Normal,2026-01-01T20:00:00
2460,1467,15,143,Lipid Panel,2025-09-25,146,mg/dL,Critical,2025-09-25T22:00:00
2461,1467,15,144,Complete Blood Count,2025-07-02,14.8,g/dL,Normal,2025-07-03T09:00:00
2462,1467,15,146,Complete Blood Count,2025-10-07,12.4,g/dL,Normal,2025-10-07T15:00:00
2463,1468,15,147,Lipid Panel,2025-02-15,260,mg/dL,Normal,2025-02-17T16:00:00
2464,1468,15,143,Complete Blood Count,2025-05-14,14.9,g/dL,Normal,2025-05-15T02:00:00
2465,1469,15,149,Complete Blood Count,2025-12-24,8.5,g/dL,Normal,2025-12-25T02:00:00
2466,1469,15,141,Lipid Panel,2025-03-20,179,mg/dL,Normal,2025-03-22T19:00:00
2467,1470,15,147,Basic Metabolic Panel,2025-09-19,67,mg/dL,Normal,2025-09-21T12:00:00
2468,1471,15,147,Thyroid Panel,2025-04-13,0.8,mIU/L,Normal,2025-04-15T01:00:00
2469,1472,15,148,Complete Blood Count,2025-02-11,11.1,g/dL,Abnormal,2025-02-13T01:00:00
2470,1473,15,143,Basic Metabolic Panel,2025-03-19,92,mg/dL,Normal,2025-03-20T22:00:00
2471,1473,15,150,HbA1c,2025-07-11,6.2,%,Normal,2025-07-12T20:00:00
2472,1474,15,150,HbA1c,2025-06-17,6.7,%,Normal,2025-06-19T21:00:00
2473,1474,15,142,HbA1c,2025-08-17,7.4,%,Critical,2025-08-19T02:00:00
2474,1475,15,147,Lipid Panel,2025-02-27,167,mg/dL,Normal,2025-02-27T14:00:00
2475,1475,15,142,Lipid Panel,2026-01-24,171,mg/dL,Abnormal,2026-01-26T00:00:00
2476,1476,15,144,Thyroid Panel,2025-07-04,6.6,mIU/L,Normal,2025-07-05T17:00:00
2477,1477,15,150,HbA1c,2025-01-13,5.9,%,Normal,2025-01-14T07:00:00
2478,1477,15,143,HbA1c,2026-01-04,5.8,%,Abnormal,2026-01-05T12:00:00
2479,1478,15,147,Thyroid Panel,2025-09-09,6.1,mIU/L,Normal,2025-09-10T18:00:00
2480,1479,15,144,Complete Blood Count,2025-01-01,13.5,g/dL,Normal,2025-01-03T18:00:00
2481,1480,15,141,HbA1c,2025-06-05,10.5,%,Normal,2025-06-06T16:00:00
2482,1481,15,143,Complete Blood Count,2025-04-21,8.5,g/dL,Normal,2025-04-23T05:00:00
2483,1481,15,147,HbA1c,2025-08-02,5.0,%,Normal,2025-08-04T05:00:00
2484,1482,15,142,HbA1c,2025-08-22,5.4,%,Critical,2025-08-24T23:00:00
2485,1482,15,144,Complete Blood Count,2026-01-17,16.3,g/dL,Normal,2026-01-20T00:00:00
2486,1483,15,148,Lipid Panel,2025-02-27,123,mg/dL,Abnormal,2025-02-27T17:00:00
2487,1484,15,150,Thyroid Panel,2025-01-12,2.4,mIU/L,Normal,2025-01-14T08:00:00
2488,1485,15,143,Lipid Panel,2025-07-23,136,mg/dL,Normal,2025-07-25T07:00:00
2489,1486,15,147,Basic Metabolic Panel,2025-03-31,117,mg/dL,Normal,2025-03-31T12:00:00
2490,1487,15,142,HbA1c,2026-01-04,9.1,%,Normal,2026-01-05T18:00:00
2491,1488,15,145,Lipid Panel,2025-12-20,180,mg/dL,Abnormal,2025-12-21T16:00:00
2492,1489,15,141,Thyroid Panel,2025-08-11,6.7,mIU/L,Critical,2025-08-12T23:00:00
2493,1489,15,148,Lipid Panel,2025-05-27,132,mg/dL,Normal,2025-05-28T11:00:00
2494,1489,15,146,Basic Metabolic Panel,2025-10-06,125,mg/dL,Normal,2025-10-06T22:00:00
2495,1490,15,149,Thyroid Panel,2026-01-12,1.4,mIU/L,Normal,2026-01-14T04:00:00
2496,1490,15,143,Thyroid Panel,2025-08-28,3.4,mIU/L,Abnormal,2025-08-29T10:00:00
2497,1490,15,143,Basic Metabolic Panel,2025-07-28,134,mg/dL,Critical,2025-07-29T11:00:00
2498,1491,15,145,Lipid Panel,2025-07-03,205,mg/dL,Normal,2025-07-05T05:00:00
2499,1492,15,143,Complete Blood Count,2025-11-17,11.1,g/dL,Normal,2025-11-17T21:00:00
2500,1492,15,149,Lipid Panel,2025-03-13,266,mg/dL,Abnormal,2025-03-15T16:00:00
2501,1493,15,147,Complete Blood Count,2025-02-27,15.4,g/dL,Normal,2025-02-28T20:00:00
2502,1493,15,149,Complete Blood Count,2025-05-11,13.2,g/dL,Normal,2025-05-13T23:00:00
2503,1494,15,144,HbA1c,2025-06-16,7.7,%,Abnormal,2025-06-18T10:00:00
2504,1494,15,146,Thyroid Panel,2025-09-25,7.5,mIU/L,Abnormal,2025-09-27T06:00:00
2505,1494,15,144,Thyroid Panel,2025-07-28,3.0,mIU/L,Abnormal,2025-07-30T08:00:00
2506,1495,15,148,Lipid Panel,2026-01-02,168,mg/dL,Abnormal,2026-01-02T12:00:00
2507,1496,15,142,Basic Metabolic Panel,2025-02-06,83,mg/dL,Critical,2025-02-08T08:00:00
2508,1496,15,144,Basic Metabolic Panel,2025-04-18,103,mg/dL,Normal,2025-04-19T22:00:00
2509,1496,15,144,Complete Blood Count,2025-06-01,8.1,g/dL,Normal,2025-06-01T19:00:00
2510,1497,15,142,Complete Blood Count,2025-03-02,10.3,g/dL,Critical,2025-03-03T15:00:00
2511,1497,15,147,Complete Blood Count,2025-06-03,14.3,g/dL,Normal,2025-06-04T09:00:00
2512,1498,15,147,Thyroid Panel,2025-09-02,4.8,mIU/L,Normal,2025-09-04T04:00:00
2513,1499,15,148,Complete Blood Count,2025-06-29,12.5,g/dL,Normal,2025-06-29T13:00:00
2514,1500,15,147,Thyroid Panel,2025-08-05,6.2,mIU/L,Normal,2025-08-07T08:00:00
2515,1501,16,158,Complete Blood Count,2025-09-07,11.4,g/dL,Abnormal,2025-09-09T12:00:00
2516,1501,16,158,HbA1c,2025-02-12,8.0,%,Abnormal,2025-02-13T03:00:00
2517,1501,16,152,Basic Metabolic Panel,2026-01-19,113,mg/dL,Normal,2026-01-20T09:00:00
2518,1502,16,151,HbA1c,2025-12-27,6.5,%,Normal,2025-12-29T18:00:00
2519,1502,16,160,Basic Metabolic Panel,2025-01-06,77,mg/dL,Normal,2025-01-08T07:00:00
2520,1502,16,151,Thyroid Panel,2025-09-15,3.7,mIU/L,Normal,2025-09-15T23:00:00
2521,1503,16,157,Thyroid Panel,2025-01-25,5.3,mIU/L,Normal,2025-01-26T04:00:00
2522,1503,16,159,Basic Metabolic Panel,2025-08-20,87,mg/dL,Abnormal,2025-08-21T06:00:00
2523,1504,16,160,HbA1c,2025-12-18,7.3,%,Critical,2025-12-18T21:00:00
2524,1505,16,158,Basic Metabolic Panel,2025-01-03,96,mg/dL,Abnormal,2025-01-04T12:00:00
2525,1506,16,153,Basic Metabolic Panel,2025-06-04,70,mg/dL,Normal,2025-06-04T23:00:00
2526,1506,16,160,Basic Metabolic Panel,2026-01-01,94,mg/dL,Abnormal,2026-01-02T16:00:00
2527,1507,16,152,Complete Blood Count,2025-03-09,9.5,g/dL,Critical,2025-03-11T11:00:00
2528,1507,16,160,Thyroid Panel,2025-09-12,0.5,mIU/L,Abnormal,2025-09-13T11:00:00
2529,1507,16,157,Complete Blood Count,2025-12-22,14.4,g/dL,Normal,2025-12-23T11:00:00
2530,1508,16,158,Complete Blood Count,2025-10-13,10.5,g/dL,Normal,2025-10-15T08:00:00
2531,1509,16,155,HbA1c,2025-09-17,7.6,%,Normal,2025-09-19T22:00:00
2532,1510,16,153,Complete Blood Count,2025-02-14,8.2,g/dL,Normal,2025-02-16T00:00:00
2533,1510,16,154,Basic Metabolic Panel,2025-07-11,134,mg/dL,Normal,2025-07-12T23:00:00
2534,1510,16,152,Lipid Panel,2025-07-31,269,mg/dL,Normal,2025-07-31T19:00:00
2535,1511,16,153,HbA1c,2025-12-26,5.4,%,Normal,2025-12-27T13:00:00
2536,1512,16,151,Complete Blood Count,2025-05-17,12.7,g/dL,Normal,2025-05-19T01:00:00
2537,1513,16,153,HbA1c,2025-09-03,10.5,%,Normal,2025-09-05T15:00:00
2538,1514,16,158,Basic Metabolic Panel,2025-02-20,92,mg/dL,Normal,2025-02-20T23:00:00
2539,1514,16,159,Complete Blood Count,2025-03-07,9.3,g/dL,Normal,2025-03-09T18:00:00
2540,1515,16,152,Basic Metabolic Panel,2025-02-07,130,mg/dL,Normal,2025-02-09T00:00:00
2541,1515,16,157,HbA1c,2025-05-15,10.6,%,Normal,2025-05-16T14:00:00
2542,1515,16,157,Complete Blood Count,2025-07-22,15.8,g/dL,Normal,2025-07-22T13:00:00
2543,1516,16,156,Basic Metabolic Panel,2025-11-07,122,mg/dL,Abnormal,2025-11-09T17:00:00
2544,1516,16,153,Basic Metabolic Panel,2025-07-28,130,mg/dL,Abnormal,2025-07-30T05:00:00
2545,1517,16,154,Thyroid Panel,2025-09-12,4.3,mIU/L,Normal,2025-09-14T13:00:00
2546,1517,16,160,Complete Blood Count,2025-10-15,11.8,g/dL,Abnormal,2025-10-15T17:00:00
2547,1518,16,151,HbA1c,2025-05-24,6.3,%,Normal,2025-05-25T17:00:00
2548,1518,16,156,HbA1c,2025-11-06,9.9,%,Abnormal,2025-11-07T08:00:00
2549,1519,16,158,Thyroid Panel,2026-01-23,4.1,mIU/L,Abnormal,2026-01-25T19:00:00
2550,1519,16,160,Thyroid Panel,2025-11-06,7.4,mIU/L,Normal,2025-11-08T02:00:00
2551,1519,16,160,Lipid Panel,2025-06-22,240,mg/dL,Normal,2025-06-22T17:00:00
2552,1520,16,159,Thyroid Panel,2025-02-02,5.0,mIU/L,Normal,2025-02-03T04:00:00
2553,1520,16,155,HbA1c,2025-04-27,8.4,%,Critical,2025-04-28T08:00:00
2554,1520,16,156,Lipid Panel,2025-04-08,264,mg/dL,Critical,2025-04-09T10:00:00
2555,1521,16,156,Thyroid Panel,2025-05-23,5.5,mIU/L,Normal,2025-05-24T04:00:00
2556,1522,16,154,Thyroid Panel,2025-03-13,7.2,mIU/L,Abnormal,2025-03-15T15:00:00
2557,1522,16,155,Lipid Panel,2025-12-31,212,mg/dL,Normal,2026-01-01T22:00:00
2558,1523,16,158,Thyroid Panel,2025-03-02,4.3,mIU/L,Abnormal,2025-03-04T10:00:00
2559,1524,16,154,Lipid Panel,2025-11-21,273,mg/dL,Normal,2025-11-23T17:00:00
2560,1525,16,158,HbA1c,2025-09-05,6.1,%,Normal,2025-09-07T09:00:00
2561,1525,16,160,Basic Metabolic Panel,2025-06-24,133,mg/dL,Normal,2025-06-24T21:00:00
2562,1525,16,152,HbA1c,2025-07-12,5.3,%,Normal,2025-07-14T16:00:00
2563,1526,16,152,Lipid Panel,2025-09-11,185,mg/dL,Critical,2025-09-12T17:00:00
2564,1527,16,155,Thyroid Panel,2025-04-12,4.7,mIU/L,Normal,2025-04-13T05:00:00
2565,1527,16,157,Basic Metabolic Panel,2025-09-01,78,mg/dL,Normal,2025-09-02T15:00:00
2566,1528,16,153,Complete Blood Count,2025-01-28,11.3,g/dL,Abnormal,2025-01-28T14:00:00
2567,1529,16,159,Thyroid Panel,2025-02-19,2.4,mIU/L,Abnormal,2025-02-21T23:00:00
2568,1530,16,151,Thyroid Panel,2025-02-27,0.8,mIU/L,Critical,2025-02-28T09:00:00
2569,1531,16,155,Basic Metabolic Panel,2025-04-29,95,mg/dL,Normal,2025-04-30T02:00:00
2570,1531,16,160,HbA1c,2025-07-01,10.5,%,Normal,2025-07-03T17:00:00
2571,1532,16,160,HbA1c,2025-03-29,9.5,%,Critical,2025-03-31T15:00:00
2572,1533,16,159,Thyroid Panel,2025-03-24,0.4,mIU/L,Normal,2025-03-24T17:00:00
2573,1534,16,155,Basic Metabolic Panel,2025-02-18,80,mg/dL,Abnormal,2025-02-19T03:00:00
2574,1534,16,154,Lipid Panel,2025-11-09,237,mg/dL,Abnormal,2025-11-09T22:00:00
2575,1535,16,155,Complete Blood Count,2025-12-10,8.0,g/dL,Normal,2025-12-11T07:00:00
2576,1535,16,160,Basic Metabolic Panel,2025-04-20,122,mg/dL,Normal,2025-04-21T02:00:00
2577,1535,16,152,Basic Metabolic Panel,2025-08-15,121,mg/dL,Abnormal,2025-08-15T21:00:00
2578,1536,16,160,Basic Metabolic Panel,2025-10-05,67,mg/dL,Normal,2025-10-07T12:00:00
2579,1537,16,158,Basic Metabolic Panel,2025-06-25,132,mg/dL,Normal,2025-06-26T08:00:00
2580,1537,16,159,Thyroid Panel,2025-08-15,3.3,mIU/L,Normal,2025-08-17T02:00:00
2581,1537,16,153,Complete Blood Count,2025-12-24,13.4,g/dL,Normal,2025-12-26T07:00:00
2582,1538,16,154,Lipid Panel,2025-06-30,200,mg/dL,Normal,2025-07-01T13:00:00
2583,1538,16,155,Lipid Panel,2025-11-04,217,mg/dL,Normal,2025-11-06T20:00:00
2584,1539,16,160,Lipid Panel,2025-08-20,136,mg/dL,Abnormal,2025-08-22T09:00:00
2585,1540,16,156,HbA1c,2025-09-09,7.0,%,Abnormal,2025-09-10T15:00:00
2586,1541,16,152,Basic Metabolic Panel,2025-06-28,97,mg/dL,Normal,2025-06-29T02:00:00
2587,1541,16,155,Basic Metabolic Panel,2025-03-28,85,mg/dL,Abnormal,2025-03-29T02:00:00
2588,1541,16,159,Thyroid Panel,2025-04-11,4.4,mIU/L,Normal,2025-04-13T18:00:00
2589,1542,16,151,Lipid Panel,2025-12-29,143,mg/dL,Normal,2025-12-31T22:00:00
2590,1543,16,159,Complete Blood Count,2025-09-26,10.3,g/dL,Normal,2025-09-28T23:00:00
2591,1543,16,153,HbA1c,2025-08-12,5.4,%,Abnormal,2025-08-13T05:00:00
2592,1544,16,157,HbA1c,2025-02-04,5.6,%,Abnormal,2025-02-05T02:00:00
2593,1545,16,160,Lipid Panel,2025-10-08,193,mg/dL,Critical,2025-10-09T18:00:00
2594,1545,16,153,Lipid Panel,2025-04-11,124,mg/dL,Abnormal,2025-04-13T02:00:00
2595,1546,16,152,HbA1c,2025-04-02,9.8,%,Normal,2025-04-03T22:00:00
2596,1547,16,156,Lipid Panel,2025-10-01,159,mg/dL,Normal,2025-10-03T23:00:00
2597,1548,16,156,Lipid Panel,2025-09-20,189,mg/dL,Normal,2025-09-22T16:00:00
2598,1548,16,159,Complete Blood Count,2025-03-27,11.5,g/dL,Normal,2025-03-27T15:00:00
2599,1549,16,154,Thyroid Panel,2025-10-21,6.7,mIU/L,Normal,2025-10-23T14:00:00
2600,1549,16,154,Basic Metabolic Panel,2025-12-30,87,mg/dL,Abnormal,2025-12-30T19:00:00
2601,1550,16,160,Complete Blood Count,2025-07-13,8.6,g/dL,Normal,2025-07-13T20:00:00
2602,1551,16,158,Basic Metabolic Panel,2025-10-05,135,mg/dL,Normal,2025-10-07T10:00:00
2603,1552,16,159,HbA1c,2025-10-23,9.6,%,Abnormal,2025-10-25T09:00:00
2604,1552,16,157,HbA1c,2025-07-28,7.9,%,Normal,2025-07-28T22:00:00
2605,1553,16,151,Lipid Panel,2025-11-04,138,mg/dL,Abnormal,2025-11-05T11:00:00
2606,1554,16,157,Basic Metabolic Panel,2025-06-03,113,mg/dL,Normal,2025-06-04T11:00:00
2607,1555,16,151,Lipid Panel,2026-02-01,231,mg/dL,Abnormal,2026-02-03T04:00:00
2608,1556,16,160,Lipid Panel,2025-07-22,197,mg/dL,Normal,2025-07-23T03:00:00
2609,1557,16,158,HbA1c,2025-08-27,7.7,%,Normal,2025-08-29T09:00:00
2610,1557,16,154,Basic Metabolic Panel,2025-08-01,81,mg/dL,Normal,2025-08-01T15:00:00
2611,1557,16,153,Complete Blood Count,2025-01-28,10.7,g/dL,Normal,2025-01-29T10:00:00
2612,1558,16,157,Complete Blood Count,2025-07-01,13.4,g/dL,Normal,2025-07-03T16:00:00
2613,1559,16,158,Complete Blood Count,2025-04-10,11.2,g/dL,Critical,2025-04-11T07:00:00
2614,1560,16,152,Lipid Panel,2025-05-19,263,mg/dL,Normal,2025-05-19T15:00:00
2615,1561,16,159,HbA1c,2025-07-26,4.7,%,Abnormal,2025-07-27T09:00:00
2616,1562,16,160,HbA1c,2025-01-27,6.4,%,Normal,2025-01-29T15:00:00
2617,1563,16,158,Basic Metabolic Panel,2026-01-26,120,mg/dL,Normal,2026-01-27T20:00:00
2618,1564,16,160,Thyroid Panel,2025-03-20,0.8,mIU/L,Abnormal,2025-03-22T23:00:00
2619,1564,16,156,Basic Metabolic Panel,2025-03-15,99,mg/dL,Abnormal,2025-03-15T21:00:00
2620,1565,16,160,Basic Metabolic Panel,2025-07-21,100,mg/dL,Normal,2025-07-22T02:00:00
2621,1566,16,153,Lipid Panel,2025-10-19,227,mg/dL,Normal,2025-10-20T00:00:00
2622,1567,16,153,Basic Metabolic Panel,2025-10-18,135,mg/dL,Critical,2025-10-19T04:00:00
2623,1567,16,154,Complete Blood Count,2025-03-25,16.9,g/dL,Normal,2025-03-27T18:00:00
2624,1568,16,152,Lipid Panel,2025-03-26,239,mg/dL,Normal,2025-03-28T23:00:00
2625,1568,16,152,Complete Blood Count,2025-06-25,14.0,g/dL,Abnormal,2025-06-27T03:00:00
2626,1569,16,158,HbA1c,2025-10-08,8.3,%,Abnormal,2025-10-10T20:00:00
2627,1570,16,156,Thyroid Panel,2025-12-16,1.5,mIU/L,Abnormal,2025-12-18T17:00:00
2628,1570,16,159,HbA1c,2025-05-06,9.7,%,Abnormal,2025-05-07T02:00:00
2629,1571,16,155,HbA1c,2025-06-03,10.6,%,Critical,2025-06-04T19:00:00
2630,1572,16,151,Thyroid Panel,2025-05-12,2.6,mIU/L,Abnormal,2025-05-12T18:00:00
2631,1572,16,159,Lipid Panel,2025-05-08,176,mg/dL,Abnormal,2025-05-09T17:00:00
2632,1572,16,152,Thyroid Panel,2025-07-31,4.2,mIU/L,Normal,2025-08-02T11:00:00
2633,1573,16,155,Complete Blood Count,2025-11-16,10.2,g/dL,Critical,2025-11-17T18:00:00
2634,1573,16,152,HbA1c,2025-01-30,10.5,%,Normal,2025-01-31T15:00:00
2635,1574,16,157,Basic Metabolic Panel,2025-06-20,68,mg/dL,Normal,2025-06-23T00:00:00
2636,1575,16,158,Basic Metabolic Panel,2025-10-29,115,mg/dL,Normal,2025-10-30T01:00:00
2637,1576,16,155,Lipid Panel,2025-03-26,276,mg/dL,Normal,2025-03-27T09:00:00
2638,1576,16,156,Thyroid Panel,2025-02-12,3.2,mIU/L,Normal,2025-02-12T18:00:00
2639,1577,16,151,Lipid Panel,2025-08-08,258,mg/dL,Abnormal,2025-08-09T19:00:00
2640,1577,16,153,Complete Blood Count,2025-04-01,8.0,g/dL,Normal,2025-04-01T14:00:00
2641,1578,16,156,HbA1c,2025-02-14,8.8,%,Normal,2025-02-14T14:00:00
2642,1578,16,155,HbA1c,2025-10-26,5.1,%,Critical,2025-10-26T17:00:00
2643,1578,16,160,Complete Blood Count,2025-04-09,15.4,g/dL,Normal,2025-04-11T14:00:00
2644,1579,16,158,Complete Blood Count,2025-05-30,10.4,g/dL,Abnormal,2025-06-01T03:00:00
2645,1580,16,160,HbA1c,2025-08-25,5.4,%,Abnormal,2025-08-27T02:00:00
2646,1581,16,159,Complete Blood Count,2025-04-25,12.5,g/dL,Normal,2025-04-27T08:00:00
2647,1582,16,156,Lipid Panel,2025-08-20,241,mg/dL,Critical,2025-08-21T10:00:00
2648,1583,16,157,Basic Metabolic Panel,2025-06-08,95,mg/dL,Normal,2025-06-10T06:00:00
2649,1584,16,153,Lipid Panel,2025-02-10,129,mg/dL,Normal,2025-02-10T15:00:00
2650,1585,16,152,Basic Metabolic Panel,2025-03-18,81,mg/dL,Normal,2025-03-20T10:00:00
2651,1586,16,156,Thyroid Panel,2025-09-04,2.1,mIU/L,Normal,2025-09-05T15:00:00
2652,1586,16,159,Thyroid Panel,2025-12-30,2.6,mIU/L,Abnormal,2025-12-31T01:00:00
2653,1587,16,156,Lipid Panel,2025-04-09,220,mg/dL,Normal,2025-04-10T10:00:00
2654,1587,16,151,HbA1c,2025-09-12,7.0,%,Normal,2025-09-13T17:00:00
2655,1588,16,156,Basic Metabolic Panel,2025-06-17,82,mg/dL,Critical,2025-06-19T11:00:00
2656,1589,16,156,Thyroid Panel,2025-04-05,7.0,mIU/L,Abnormal,2025-04-05T12:00:00
2657,1590,16,155,Basic Metabolic Panel,2025-09-07,76,mg/dL,Critical,2025-09-09T20:00:00
2658,1591,16,153,Lipid Panel,2025-11-06,251,mg/dL,Critical,2025-11-07T19:00:00
2659,1592,16,153,Basic Metabolic Panel,2026-01-30,69,mg/dL,Normal,2026-01-30T12:00:00
2660,1592,16,156,Thyroid Panel,2025-01-02,3.2,mIU/L,Normal,2025-01-02T18:00:00
2661,1592,16,159,Lipid Panel,2025-03-17,174,mg/dL,Normal,2025-03-18T09:00:00
2662,1593,16,159,HbA1c,2025-09-28,8.0,%,Normal,2025-09-30T01:00:00
2663,1593,16,160,Lipid Panel,2026-01-30,231,mg/dL,Abnormal,2026-02-02T00:00:00
2664,1593,16,151,Basic Metabolic Panel,2025-10-08,140,mg/dL,Normal,2025-10-09T06:00:00
2665,1594,16,151,HbA1c,2025-07-28,6.7,%,Normal,2025-07-30T01:00:00
2666,1594,16,152,Basic Metabolic Panel,2025-08-26,118,mg/dL,Abnormal,2025-08-28T22:00:00
2667,1595,16,156,Thyroid Panel,2025-05-16,2.0,mIU/L,Abnormal,2025-05-17T07:00:00
2668,1595,16,151,Lipid Panel,2025-05-11,268,mg/dL,Normal,2025-05-12T13:00:00
2669,1596,16,151,Lipid Panel,2025-05-03,235,mg/dL,Normal,2025-05-04T13:00:00
2670,1596,16,151,Complete Blood Count,2025-05-21,15.2,g/dL,Abnormal,2025-05-22T22:00:00
2671,1597,16,157,Complete Blood Count,2026-01-11,12.5,g/dL,Abnormal,2026-01-13T14:00:00
2672,1597,16,155,Thyroid Panel,2025-09-12,5.4,mIU/L,Normal,2025-09-14T01:00:00
2673,1598,16,155,Complete Blood Count,2025-07-19,15.7,g/dL,Abnormal,2025-07-20T23:00:00
2674,1598,16,153,Thyroid Panel,2025-01-08,5.4,mIU/L,Normal,2025-01-10T07:00:00
2675,1599,16,154,Basic Metabolic Panel,2025-02-20,67,mg/dL,Critical,2025-02-20T20:00:00
2676,1600,16,153,HbA1c,2025-08-01,8.9,%,Abnormal,2025-08-01T22:00:00
2677,1600,16,154,Lipid Panel,2025-02-19,212,mg/dL,Critical,2025-02-21T12:00:00
2678,1601,17,169,Thyroid Panel,2025-02-09,5.2,mIU/L,Abnormal,2025-02-09T21:00:00
2679,1602,17,161,Lipid Panel,2026-01-30,136,mg/dL,Abnormal,2026-02-01T14:00:00
2680,1602,17,165,Lipid Panel,2026-01-27,149,mg/dL,Normal,2026-01-28T16:00:00
2681,1602,17,169,Thyroid Panel,2025-03-04,3.9,mIU/L,Normal,2025-03-05T18:00:00
2682,1603,17,162,HbA1c,2025-06-30,9.6,%,Normal,2025-06-30T23:00:00
2683,1604,17,165,Complete Blood Count,2025-11-14,16.2,g/dL,Critical,2025-11-16T15:00:00
2684,1605,17,162,Lipid Panel,2025-06-25,157,mg/dL,Normal,2025-06-25T22:00:00
2685,1605,17,169,Lipid Panel,2026-01-23,242,mg/dL,Normal,2026-01-25T04:00:00
2686,1606,17,167,Basic Metabolic Panel,2025-09-20,78,mg/dL,Abnormal,2025-09-22T13:00:00
2687,1607,17,164,Thyroid Panel,2026-02-01,5.2,mIU/L,Abnormal,2026-02-03T01:00:00
2688,1608,17,164,Basic Metabolic Panel,2026-01-30,136,mg/dL,Normal,2026-01-31T17:00:00
2689,1609,17,164,Complete Blood Count,2025-04-07,8.3,g/dL,Normal,2025-04-07T12:00:00
2690,1609,17,161,HbA1c,2025-08-01,8.7,%,Abnormal,2025-08-03T11:00:00
2691,1610,17,168,Complete Blood Count,2025-02-19,9.2,g/dL,Normal,2025-02-21T02:00:00
2692,1610,17,162,Thyroid Panel,2025-09-11,1.3,mIU/L,Critical,2025-09-12T23:00:00
2693,1610,17,166,Complete Blood Count,2025-01-17,13.6,g/dL,Abnormal,2025-01-19T14:00:00
2694,1611,17,165,Thyroid Panel,2025-05-31,6.6,mIU/L,Abnormal,2025-05-31T14:00:00
2695,1612,17,165,Lipid Panel,2025-07-14,186,mg/dL,Normal,2025-07-14T21:00:00
2696,1613,17,162,Thyroid Panel,2025-09-13,3.1,mIU/L,Abnormal,2025-09-14T07:00:00
2697,1613,17,167,Complete Blood Count,2025-05-26,8.2,g/dL,Normal,2025-05-27T08:00:00
2698,1614,17,163,Thyroid Panel,2025-02-21,4.9,mIU/L,Normal,2025-02-22T11:00:00
2699,1615,17,166,HbA1c,2025-04-04,10.3,%,Normal,2025-04-06T00:00:00
2700,1615,17,162,Lipid Panel,2025-05-22,132,mg/dL,Abnormal,2025-05-23T07:00:00
2701,1615,17,169,Thyroid Panel,2025-02-10,7.3,mIU/L,Abnormal,2025-02-12T15:00:00
2702,1616,17,169,HbA1c,2025-12-03,10.4,%,Normal,2025-12-04T07:00:00
2703,1616,17,167,Complete Blood Count,2025-08-04,10.8,g/dL,Normal,2025-08-04T17:00:00
2704,1616,17,165,Complete Blood Count,2025-02-18,9.2,g/dL,Critical,2025-02-21T00:00:00
2705,1617,17,168,Complete Blood Count,2025-07-04,12.2,g/dL,Normal,2025-07-05T13:00:00
2706,1618,17,170,Thyroid Panel,2025-05-07,7.2,mIU/L,Normal,2025-05-07T17:00:00
2707,1619,17,170,Complete Blood Count,2025-01-09,13.7,g/dL,Normal,2025-01-10T18:00:00
2708,1620,17,163,Thyroid Panel,2025-07-28,2.1,mIU/L,Normal,2025-07-28T12:00:00
2709,1620,17,165,Thyroid Panel,2025-04-07,6.4,mIU/L,Normal,2025-04-08T19:00:00
2710,1621,17,164,Thyroid Panel,2025-04-09,5.4,mIU/L,Normal,2025-04-11T16:00:00
2711,1622,17,167,Thyroid Panel,2025-10-24,3.5,mIU/L,Normal,2025-10-25T06:00:00
2712,1623,17,162,Basic Metabolic Panel,2025-11-28,97,mg/dL,Normal,2025-11-30T02:00:00
2713,1623,17,162,Basic Metabolic Panel,2025-04-08,140,mg/dL,Normal,2025-04-10T11:00:00
2714,1624,17,163,Thyroid Panel,2025-12-10,1.2,mIU/L,Normal,2025-12-11T03:00:00
2715,1625,17,164,Complete Blood Count,2025-12-17,14.6,g/dL,Normal,2025-12-18T13:00:00
2716,1626,17,162,Thyroid Panel,2025-04-18,0.3,mIU/L,Normal,2025-04-20T09:00:00
2717,1627,17,167,Complete Blood Count,2025-08-17,11.1,g/dL,Normal,2025-08-17T21:00:00
2718,1627,17,162,HbA1c,2025-07-30,6.6,%,Normal,2025-07-31T12:00:00
2719,1628,17,168,Lipid Panel,2025-04-16,157,mg/dL,Normal,2025-04-17T12:00:00
2720,1628,17,164,Basic Metabolic Panel,2025-05-21,127,mg/dL,Normal,2025-05-22T15:00:00
2721,1629,17,168,Lipid Panel,2025-01-31,135,mg/dL,Normal,2025-02-02T11:00:00
2722,1630,17,167,Complete Blood Count,2025-03-14,15.9,g/dL,Normal,2025-03-15T06:00:00
2723,1631,17,161,Basic Metabolic Panel,2025-02-03,132,mg/dL,Normal,2025-02-05T01:00:00
2724,1632,17,164,Basic Metabolic Panel,2025-12-19,90,mg/dL,Normal,2025-12-21T19:00:00
2725,1633,17,167,HbA1c,2025-04-23,5.5,%,Abnormal,2025-04-24T16:00:00
2726,1634,17,164,Basic Metabolic Panel,2025-04-23,114,mg/dL,Normal,2025-04-26T00:00:00
2727,1635,17,163,Complete Blood Count,2025-07-09,10.4,g/dL,Normal,2025-07-10T21:00:00
2728,1635,17,162,HbA1c,2025-09-22,10.1,%,Normal,2025-09-24T15:00:00
2729,1636,17,162,Thyroid Panel,2025-02-24,7.7,mIU/L,Abnormal,2025-02-25T03:00:00
2730,1637,17,164,Thyroid Panel,2025-10-22,6.9,mIU/L,Critical,2025-10-24T15:00:00
2731,1638,17,168,Thyroid Panel,2025-01-11,0.3,mIU/L,Abnormal,2025-01-12T08:00:00
2732,1638,17,169,Basic Metabolic Panel,2025-06-24,137,mg/dL,Normal,2025-06-24T12:00:00
2733,1638,17,163,Complete Blood Count,2026-01-05,14.6,g/dL,Normal,2026-01-07T12:00:00
2734,1639,17,165,Thyroid Panel,2025-07-25,1.8,mIU/L,Abnormal,2025-07-27T06:00:00
2735,1639,17,170,Thyroid Panel,2025-02-19,4.6,mIU/L,Normal,2025-02-20T12:00:00
2736,1640,17,164,HbA1c,2025-06-22,4.8,%,Normal,2025-06-23T10:00:00
2737,1641,17,166,Basic Metabolic Panel,2025-08-09,94,mg/dL,Normal,2025-08-10T23:00:00
2738,1642,17,170,Lipid Panel,2025-07-30,179,mg/dL,Normal,2025-08-01T19:00:00
2739,1643,17,169,Complete Blood Count,2025-10-08,8.9,g/dL,Abnormal,2025-10-09T16:00:00
2740,1644,17,164,Lipid Panel,2025-02-19,214,mg/dL,Normal,2025-02-19T14:00:00
2741,1645,17,167,Complete Blood Count,2025-11-26,16.9,g/dL,Abnormal,2025-11-28T01:00:00
2742,1645,17,164,Complete Blood Count,2025-05-02,11.1,g/dL,Normal,2025-05-04T03:00:00
2743,1645,17,165,Thyroid Panel,2025-11-19,4.4,mIU/L,Abnormal,2025-11-22T00:00:00
2744,1646,17,165,Thyroid Panel,2026-01-23,1.6,mIU/L,Abnormal,2026-01-25T08:00:00
2745,1647,17,168,Lipid Panel,2025-06-19,225,mg/dL,Normal,2025-06-19T18:00:00
2746,1647,17,170,Lipid Panel,2025-05-23,267,mg/dL,Normal,2025-05-23T12:00:00
2747,1647,17,166,HbA1c,2025-10-12,9.4,%,Normal,2025-10-14T08:00:00
2748,1648,17,170,Complete Blood Count,2025-04-09,14.0,g/dL,Abnormal,2025-04-09T23:00:00
2749,1648,17,164,Complete Blood Count,2025-04-11,14.6,g/dL,Normal,2025-04-13T16:00:00
2750,1649,17,168,Complete Blood Count,2025-04-26,14.0,g/dL,Normal,2025-04-28T03:00:00
2751,1650,17,164,HbA1c,2026-01-25,8.6,%,Abnormal,2026-01-26T07:00:00
2752,1651,17,162,Lipid Panel,2025-07-13,241,mg/dL,Normal,2025-07-13T12:00:00
2753,1652,17,163,Basic Metabolic Panel,2025-02-13,78,mg/dL,Normal,2025-02-15T12:00:00
2754,1653,17,167,Complete Blood Count,2025-12-25,11.9,g/dL,Normal,2025-12-27T16:00:00
2755,1654,17,169,Thyroid Panel,2025-10-30,7.6,mIU/L,Critical,2025-11-01T21:00:00
2756,1654,17,170,HbA1c,2025-03-22,10.3,%,Critical,2025-03-24T17:00:00
2757,1655,17,170,Lipid Panel,2025-08-06,234,mg/dL,Normal,2025-08-06T23:00:00
2758,1655,17,168,HbA1c,2025-11-07,6.6,%,Critical,2025-11-08T01:00:00
2759,1656,17,161,Lipid Panel,2025-06-01,223,mg/dL,Abnormal,2025-06-02T12:00:00
2760,1656,17,168,Complete Blood Count,2025-03-01,15.9,g/dL,Normal,2025-03-03T14:00:00
2761,1657,17,164,Thyroid Panel,2025-02-27,7.6,mIU/L,Normal,2025-02-28T23:00:00
2762,1657,17,170,Lipid Panel,2025-09-23,133,mg/dL,Normal,2025-09-23T23:00:00
2763,1657,17,164,Lipid Panel,2025-01-26,181,mg/dL,Abnormal,2025-01-27T20:00:00
2764,1658,17,162,Lipid Panel,2025-10-10,257,mg/dL,Normal,2025-10-10T17:00:00
2765,1658,17,169,Complete Blood Count,2025-06-20,10.3,g/dL,Normal,2025-06-21T23:00:00
2766,1659,17,167,Basic Metabolic Panel,2025-03-13,91,mg/dL,Abnormal,2025-03-15T15:00:00
2767,1660,17,162,Thyroid Panel,2025-08-15,1.4,mIU/L,Normal,2025-08-15T16:00:00
2768,1660,17,169,Complete Blood Count,2025-06-14,14.6,g/dL,Normal,2025-06-15T17:00:00
2769,1661,17,166,Complete Blood Count,2025-01-06,8.3,g/dL,Normal,2025-01-08T13:00:00
2770,1662,17,161,Complete Blood Count,2025-03-26,8.8,g/dL,Abnormal,2025-03-28T12:00:00
2771,1662,17,170,Complete Blood Count,2025-04-08,8.7,g/dL,Critical,2025-04-09T18:00:00
2772,1663,17,169,HbA1c,2025-11-19,4.9,%,Critical,2025-11-21T11:00:00
2773,1664,17,163,HbA1c,2025-12-11,6.5,%,Abnormal,2025-12-11T19:00:00
2774,1665,17,165,HbA1c,2025-02-13,6.2,%,Abnormal,2025-02-14T22:00:00
2775,1665,17,170,Thyroid Panel,2025-05-28,4.5,mIU/L,Normal,2025-05-29T19:00:00
2776,1666,17,163,Lipid Panel,2025-09-14,193,mg/dL,Abnormal,2025-09-16T03:00:00
2777,1666,17,166,Basic Metabolic Panel,2025-01-21,125,mg/dL,Normal,2025-01-22T20:00:00
2778,1667,17,170,Complete Blood Count,2025-05-14,8.0,g/dL,Normal,2025-05-16T20:00:00
2779,1668,17,166,Complete Blood Count,2025-09-22,11.3,g/dL,Normal,2025-09-23T05:00:00
2780,1669,17,170,Complete Blood Count,2025-03-18,10.1,g/dL,Normal,2025-03-20T15:00:00
2781,1670,17,166,HbA1c,2025-07-07,8.8,%,Abnormal,2025-07-08T07:00:00
2782,1671,17,167,Complete Blood Count,2025-01-21,13.0,g/dL,Normal,2025-01-23T04:00:00
2783,1671,17,167,Lipid Panel,2025-07-30,181,mg/dL,Abnormal,2025-08-01T02:00:00
2784,1672,17,170,HbA1c,2025-01-09,9.6,%,Normal,2025-01-11T13:00:00
2785,1672,17,169,Lipid Panel,2025-02-03,152,mg/dL,Normal,2025-02-03T15:00:00
2786,1673,17,162,Basic Metabolic Panel,2025-09-28,97,mg/dL,Abnormal,2025-09-28T19:00:00
2787,1674,17,161,HbA1c,2025-05-13,8.6,%,Normal,2025-05-15T18:00:00
2788,1674,17,169,Basic Metabolic Panel,2025-05-08,128,mg/dL,Normal,2025-05-09T21:00:00
2789,1674,17,164,Thyroid Panel,2025-07-24,5.3,mIU/L,Normal,2025-07-25T05:00:00
2790,1675,17,163,Basic Metabolic Panel,2026-01-07,102,mg/dL,Normal,2026-01-07T22:00:00
2791,1675,17,165,Basic Metabolic Panel,2025-03-23,103,mg/dL,Normal,2025-03-23T13:00:00
2792,1676,17,163,HbA1c,2025-09-28,9.2,%,Normal,2025-09-29T15:00:00
2793,1677,17,165,Complete Blood Count,2025-01-21,12.2,g/dL,Normal,2025-01-23T16:00:00
2794,1678,17,167,Lipid Panel,2026-01-20,210,mg/dL,Abnormal,2026-01-21T11:00:00
2795,1678,17,161,Lipid Panel,2025-04-28,223,mg/dL,Normal,2025-04-30T10:00:00
2796,1678,17,166,Thyroid Panel,2025-05-31,5.6,mIU/L,Critical,2025-06-01T00:00:00
2797,1679,17,161,Complete Blood Count,2025-06-07,12.2,g/dL,Abnormal,2025-06-08T14:00:00
2798,1679,17,165,Thyroid Panel,2025-09-29,4.7,mIU/L,Abnormal,2025-09-30T20:00:00
2799,1679,17,161,Lipid Panel,2025-07-08,147,mg/dL,Normal,2025-07-09T03:00:00
2800,1680,17,163,HbA1c,2025-03-10,6.7,%,Normal,2025-03-11T17:00:00
2801,1680,17,161,HbA1c,2025-12-18,4.7,%,Normal,2025-12-20T04:00:00
2802,1681,17,164,Lipid Panel,2025-04-17,175,mg/dL,Abnormal,2025-04-19T12:00:00
2803,1681,17,164,Thyroid Panel,2025-06-11,2.3,mIU/L,Abnormal,2025-06-13T20:00:00
2804,1681,17,167,Lipid Panel,2025-02-22,156,mg/dL,Normal,2025-02-22T17:00:00
2805,1682,17,169,Basic Metabolic Panel,2025-10-06,80,mg/dL,Normal,2025-10-06T15:00:00
2806,1682,17,164,Lipid Panel,2025-02-16,271,mg/dL,Normal,2025-02-18T04:00:00
2807,1683,17,163,Basic Metabolic Panel,2025-04-26,106,mg/dL,Abnormal,2025-04-26T14:00:00
2808,1684,17,162,Complete Blood Count,2025-11-10,16.3,g/dL,Normal,2025-11-12T12:00:00
2809,1684,17,166,Basic Metabolic Panel,2025-08-25,77,mg/dL,Abnormal,2025-08-26T20:00:00
2810,1684,17,169,Thyroid Panel,2025-01-06,7.2,mIU/L,Normal,2025-01-08T22:00:00
2811,1685,17,161,Thyroid Panel,2025-08-01,1.1,mIU/L,Normal,2025-08-01T19:00:00
2812,1685,17,170,Thyroid Panel,2025-05-06,7.4,mIU/L,Normal,2025-05-08T08:00:00
2813,1686,17,168,HbA1c,2025-11-02,9.2,%,Critical,2025-11-02T19:00:00
2814,1687,17,161,Thyroid Panel,2025-07-20,5.5,mIU/L,Normal,2025-07-21T11:00:00
2815,1687,17,166,Lipid Panel,2025-02-09,134,mg/dL,Normal,2025-02-10T07:00:00
2816,1687,17,162,Thyroid Panel,2025-10-22,5.2,mIU/L,Normal,2025-10-23T06:00:00
2817,1688,17,164,Basic Metabolic Panel,2025-09-02,132,mg/dL,Abnormal,2025-09-03T09:00:00
2818,1689,17,167,Lipid Panel,2026-01-06,163,mg/dL,Critical,2026-01-06T22:00:00
2819,1689,17,170,Thyroid Panel,2025-02-07,4.2,mIU/L,Normal,2025-02-08T03:00:00
2820,1690,17,167,Complete Blood Count,2025-01-19,8.8,g/dL,Abnormal,2025-01-21T08:00:00
2821,1691,17,163,Thyroid Panel,2026-01-18,4.4,mIU/L,Abnormal,2026-01-18T14:00:00
2822,1691,17,161,HbA1c,2025-07-22,6.0,%,Normal,2025-07-23T15:00:00
2823,1692,17,161,Thyroid Panel,2025-03-01,5.6,mIU/L,Normal,2025-03-03T11:00:00
2824,1692,17,161,Complete Blood Count,2025-01-29,16.5,g/dL,Abnormal,2025-01-30T21:00:00
2825,1693,17,167,Thyroid Panel,2026-01-26,1.0,mIU/L,Normal,2026-01-26T13:00:00
2826,1694,17,162,HbA1c,2025-04-19,10.6,%,Critical,2025-04-19T18:00:00
2827,1694,17,164,HbA1c,2025-07-02,10.3,%,Abnormal,2025-07-02T15:00:00
2828,1695,17,163,Basic Metabolic Panel,2025-02-25,138,mg/dL,Normal,2025-02-26T19:00:00
2829,1695,17,168,Basic Metabolic Panel,2025-11-26,136,mg/dL,Normal,2025-11-28T21:00:00
2830,1696,17,169,HbA1c,2025-01-21,6.4,%,Normal,2025-01-21T19:00:00
2831,1697,17,161,Thyroid Panel,2025-04-10,7.9,mIU/L,Normal,2025-04-11T09:00:00
2832,1697,17,168,Thyroid Panel,2025-09-28,6.0,mIU/L,Normal,2025-09-28T20:00:00
2833,1697,17,164,Lipid Panel,2025-11-11,215,mg/dL,Normal,2025-11-13T10:00:00
2834,1698,17,166,Basic Metabolic Panel,2025-11-07,67,mg/dL,Normal,2025-11-09T16:00:00
2835,1699,17,170,Thyroid Panel,2025-05-29,5.7,mIU/L,Normal,2025-05-30T06:00:00
2836,1700,17,168,HbA1c,2025-03-26,8.3,%,Abnormal,2025-03-27T13:00:00
2837,1700,17,170,Thyroid Panel,2025-08-04,7.6,mIU/L,Normal,2025-08-06T13:00:00
2838,1700,17,167,HbA1c,2025-11-25,9.9,%,Abnormal,2025-11-27T02:00:00
2839,1701,18,178,Complete Blood Count,2025-06-01,16.0,g/dL,Normal,2025-06-01T21:00:00
2840,1701,18,176,Thyroid Panel,2025-10-19,3.3,mIU/L,Normal,2025-10-20T03:00:00
2841,1702,18,175,Complete Blood Count,2025-06-08,15.0,g/dL,Normal,2025-06-10T00:00:00
2842,1702,18,174,Lipid Panel,2025-02-25,168,mg/dL,Abnormal,2025-02-25T23:00:00
2843,1703,18,174,HbA1c,2025-08-09,9.6,%,Normal,2025-08-10T13:00:00
2844,1703,18,171,Basic Metabolic Panel,2025-10-13,67,mg/dL,Normal,2025-10-14T18:00:00
2845,1704,18,178,Basic Metabolic Panel,2025-11-25,68,mg/dL,Normal,2025-11-26T16:00:00
2846,1704,18,174,HbA1c,2026-01-06,8.2,%,Normal,2026-01-07T02:00:00
2847,1705,18,180,HbA1c,2025-09-24,8.7,%,Normal,2025-09-24T20:00:00
2848,1706,18,171,HbA1c,2025-06-26,9.9,%,Abnormal,2025-06-27T14:00:00
2849,1706,18,172,Lipid Panel,2025-11-09,264,mg/dL,Normal,2025-11-10T15:00:00
2850,1707,18,173,Basic Metabolic Panel,2026-01-26,140,mg/dL,Normal,2026-01-27T10:00:00
2851,1707,18,173,Basic Metabolic Panel,2025-02-17,99,mg/dL,Normal,2025-02-19T14:00:00
2852,1708,18,176,Basic Metabolic Panel,2025-04-21,74,mg/dL,Normal,2025-04-21T12:00:00
2853,1708,18,177,Complete Blood Count,2025-12-18,14.0,g/dL,Normal,2025-12-20T20:00:00
2854,1709,18,179,HbA1c,2026-01-20,8.2,%,Normal,2026-01-20T19:00:00
2855,1710,18,175,Basic Metabolic Panel,2025-03-18,134,mg/dL,Normal,2025-03-19T03:00:00
2856,1711,18,179,HbA1c,2025-01-21,8.6,%,Normal,2025-01-23T18:00:00
2857,1711,18,173,Basic Metabolic Panel,2025-01-01,93,mg/dL,Normal,2025-01-01T12:00:00
2858,1712,18,180,Basic Metabolic Panel,2025-02-02,114,mg/dL,Normal,2025-02-02T15:00:00
2859,1712,18,177,Thyroid Panel,2025-02-11,1.9,mIU/L,Normal,2025-02-13T06:00:00
2860,1713,18,171,Complete Blood Count,2025-07-12,16.5,g/dL,Normal,2025-07-13T21:00:00
2861,1713,18,175,Complete Blood Count,2025-11-07,10.6,g/dL,Abnormal,2025-11-07T16:00:00
2862,1714,18,178,Basic Metabolic Panel,2025-11-19,87,mg/dL,Normal,2025-11-20T21:00:00
2863,1715,18,178,Basic Metabolic Panel,2025-01-26,83,mg/dL,Normal,2025-01-28T10:00:00
2864,1715,18,175,HbA1c,2025-09-11,4.6,%,Normal,2025-09-12T16:00:00
2865,1716,18,173,Complete Blood Count,2025-08-18,14.4,g/dL,Normal,2025-08-20T20:00:00
2866,1717,18,177,Lipid Panel,2025-03-12,272,mg/dL,Normal,2025-03-13T10:00:00
2867,1718,18,178,Basic Metabolic Panel,2025-01-25,114,mg/dL,Normal,2025-01-25T22:00:00
2868,1718,18,180,Complete Blood Count,2025-05-15,14.9,g/dL,Normal,2025-05-15T13:00:00
2869,1719,18,179,HbA1c,2025-04-10,4.9,%,Normal,2025-04-11T00:00:00
2870,1719,18,174,Complete Blood Count,2025-06-10,16.4,g/dL,Abnormal,2025-06-11T10:00:00
2871,1720,18,176,Basic Metabolic Panel,2025-08-28,78,mg/dL,Critical,2025-08-29T22:00:00
2872,1721,18,174,Lipid Panel,2025-02-10,146,mg/dL,Normal,2025-02-12T02:00:00
2873,1722,18,174,Basic Metabolic Panel,2025-09-20,95,mg/dL,Normal,2025-09-22T06:00:00
2874,1723,18,179,Thyroid Panel,2025-07-12,7.8,mIU/L,Normal,2025-07-12T19:00:00
2875,1724,18,179,HbA1c,2025-10-31,6.5,%,Abnormal,2025-10-31T15:00:00
2876,1725,18,180,HbA1c,2025-07-22,4.8,%,Normal,2025-07-23T06:00:00
2877,1726,18,172,Basic Metabolic Panel,2025-05-26,100,mg/dL,Normal,2025-05-26T15:00:00
2878,1726,18,174,HbA1c,2025-07-23,9.9,%,Normal,2025-07-24T18:00:00
2879,1726,18,173,Basic Metabolic Panel,2025-12-08,128,mg/dL,Normal,2025-12-09T20:00:00
2880,1727,18,171,Lipid Panel,2025-09-09,143,mg/dL,Abnormal,2025-09-11T21:00:00
2881,1728,18,173,Complete Blood Count,2025-05-14,13.7,g/dL,Critical,2025-05-15T21:00:00
2882,1728,18,177,Lipid Panel,2025-10-07,266,mg/dL,Abnormal,2025-10-08T09:00:00
2883,1729,18,180,Basic Metabolic Panel,2026-01-24,94,mg/dL,Abnormal,2026-01-25T15:00:00
2884,1730,18,179,Lipid Panel,2025-09-21,149,mg/dL,Normal,2025-09-21T23:00:00
2885,1731,18,177,Complete Blood Count,2025-10-21,11.0,g/dL,Normal,2025-10-23T12:00:00
2886,1731,18,171,Basic Metabolic Panel,2025-10-06,140,mg/dL,Normal,2025-10-08T10:00:00
2887,1731,18,177,Complete Blood Count,2025-12-25,12.1,g/dL,Normal,2025-12-25T15:00:00
2888,1732,18,174,Basic Metabolic Panel,2025-03-17,131,mg/dL,Abnormal,2025-03-19T19:00:00
2889,1732,18,176,Complete Blood Count,2025-03-15,11.4,g/dL,Normal,2025-03-15T17:00:00
2890,1732,18,173,Lipid Panel,2025-11-19,177,mg/dL,Normal,2025-11-20T10:00:00
2891,1733,18,177,HbA1c,2025-06-21,4.6,%,Critical,2025-06-22T22:00:00
2892,1734,18,175,Basic Metabolic Panel,2025-03-18,137,mg/dL,Normal,2025-03-20T10:00:00
2893,1734,18,173,Complete Blood Count,2025-03-13,16.8,g/dL,Normal,2025-03-14T08:00:00
2894,1734,18,178,Thyroid Panel,2025-10-13,7.7,mIU/L,Normal,2025-10-15T01:00:00
2895,1735,18,174,Basic Metabolic Panel,2025-05-28,134,mg/dL,Normal,2025-05-30T14:00:00
2896,1735,18,171,Lipid Panel,2025-01-20,152,mg/dL,Normal,2025-01-22T18:00:00
2897,1736,18,180,Lipid Panel,2025-08-10,258,mg/dL,Normal,2025-08-12T10:00:00
2898,1737,18,179,HbA1c,2025-06-02,8.7,%,Normal,2025-06-04T20:00:00
2899,1737,18,180,Thyroid Panel,2025-02-03,4.6,mIU/L,Normal,2025-02-05T05:00:00
2900,1738,18,179,Thyroid Panel,2026-01-20,3.8,mIU/L,Normal,2026-01-22T22:00:00
2901,1739,18,172,HbA1c,2025-05-01,10.5,%,Normal,2025-05-03T21:00:00
2902,1739,18,178,Basic Metabolic Panel,2025-04-11,126,mg/dL,Abnormal,2025-04-12T22:00:00
2903,1740,18,171,Thyroid Panel,2025-07-14,3.8,mIU/L,Normal,2025-07-16T13:00:00
2904,1740,18,180,Complete Blood Count,2025-12-06,14.5,g/dL,Normal,2025-12-07T17:00:00
2905,1741,18,177,Thyroid Panel,2025-11-16,1.5,mIU/L,Abnormal,2025-11-18T00:00:00
2906,1741,18,179,Basic Metabolic Panel,2025-03-08,84,mg/dL,Normal,2025-03-09T08:00:00
2907,1742,18,171,Thyroid Panel,2025-09-26,2.8,mIU/L,Normal,2025-09-26T12:00:00
2908,1743,18,174,HbA1c,2025-05-18,4.8,%,Normal,2025-05-20T20:00:00
2909,1744,18,176,Basic Metabolic Panel,2026-01-08,113,mg/dL,Normal,2026-01-10T03:00:00
2910,1744,18,178,Thyroid Panel,2025-12-11,0.6,mIU/L,Normal,2025-12-11T19:00:00
2911,1744,18,179,Lipid Panel,2025-07-11,207,mg/dL,Normal,2025-07-12T05:00:00
2912,1745,18,177,Basic Metabolic Panel,2025-07-21,140,mg/dL,Normal,2025-07-22T00:00:00
2913,1745,18,180,HbA1c,2025-05-07,5.7,%,Critical,2025-05-09T04:00:00
2914,1745,18,179,Thyroid Panel,2025-07-20,6.8,mIU/L,Abnormal,2025-07-22T17:00:00
2915,1746,18,174,Thyroid Panel,2025-10-21,7.7,mIU/L,Normal,2025-10-23T23:00:00
2916,1746,18,177,Lipid Panel,2025-02-10,186,mg/dL,Normal,2025-02-12T07:00:00
2917,1746,18,176,Lipid Panel,2026-01-25,256,mg/dL,Abnormal,2026-01-26T09:00:00
2918,1747,18,173,HbA1c,2025-10-22,7.0,%,Normal,2025-10-22T22:00:00
2919,1747,18,180,Lipid Panel,2025-06-25,176,mg/dL,Normal,2025-06-26T21:00:00
2920,1747,18,176,Complete Blood Count,2025-09-16,10.0,g/dL,Normal,2025-09-16T18:00:00
2921,1748,18,176,Complete Blood Count,2025-09-08,16.6,g/dL,Normal,2025-09-09T21:00:00
2922,1749,18,179,HbA1c,2025-06-14,4.6,%,Normal,2025-06-16T12:00:00
2923,1750,18,175,Lipid Panel,2025-04-10,121,mg/dL,Normal,2025-04-11T07:00:00
2924,1750,18,172,Thyroid Panel,2025-02-08,6.6,mIU/L,Abnormal,2025-02-10T23:00:00
2925,1751,18,180,Basic Metabolic Panel,2025-01-25,86,mg/dL,Normal,2025-01-26T00:00:00
2926,1751,18,176,Thyroid Panel,2025-01-20,2.1,mIU/L,Abnormal,2025-01-20T17:00:00
2927,1751,18,174,Basic Metabolic Panel,2025-02-15,104,mg/dL,Normal,2025-02-16T08:00:00
2928,1752,18,176,Lipid Panel,2025-04-21,147,mg/dL,Normal,2025-04-23T10:00:00
2929,1753,18,174,Basic Metabolic Panel,2026-01-08,125,mg/dL,Critical,2026-01-10T18:00:00
2930,1753,18,172,Lipid Panel,2025-08-18,229,mg/dL,Normal,2025-08-20T18:00:00
2931,1754,18,180,HbA1c,2025-03-18,10.7,%,Abnormal,2025-03-20T08:00:00
2932,1755,18,175,Complete Blood Count,2025-07-01,8.3,g/dL,Normal,2025-07-01T23:00:00
2933,1755,18,180,Thyroid Panel,2025-03-04,7.6,mIU/L,Normal,2025-03-06T08:00:00
2934,1756,18,171,Thyroid Panel,2025-03-09,5.9,mIU/L,Normal,2025-03-11T12:00:00
2935,1757,18,173,Lipid Panel,2025-09-27,251,mg/dL,Abnormal,2025-09-28T23:00:00
2936,1758,18,173,Lipid Panel,2025-10-13,204,mg/dL,Abnormal,2025-10-15T15:00:00
2937,1759,18,177,Complete Blood Count,2026-01-31,16.6,g/dL,Normal,2026-02-02T01:00:00
2938,1759,18,178,Thyroid Panel,2025-06-02,3.7,mIU/L,Normal,2025-06-04T19:00:00
2939,1760,18,176,Thyroid Panel,2026-01-15,2.9,mIU/L,Normal,2026-01-17T21:00:00
2940,1761,18,176,Thyroid Panel,2025-07-06,3.5,mIU/L,Abnormal,2025-07-08T14:00:00
2941,1761,18,180,HbA1c,2025-03-07,5.7,%,Critical,2025-03-08T07:00:00
2942,1762,18,172,Basic Metabolic Panel,2025-01-14,107,mg/dL,Critical,2025-01-14T20:00:00
2943,1762,18,171,Complete Blood Count,2025-06-07,8.4,g/dL,Normal,2025-06-08T11:00:00
2944,1762,18,180,Lipid Panel,2025-05-02,138,mg/dL,Normal,2025-05-02T20:00:00
2945,1763,18,172,HbA1c,2025-02-05,10.1,%,Normal,2025-02-06T01:00:00
2946,1763,18,176,Basic Metabolic Panel,2025-09-25,69,mg/dL,Normal,2025-09-26T01:00:00
2947,1764,18,173,Complete Blood Count,2025-05-26,10.6,g/dL,Normal,2025-05-28T18:00:00
2948,1765,18,177,Thyroid Panel,2026-01-02,5.1,mIU/L,Normal,2026-01-03T19:00:00
2949,1765,18,174,Basic Metabolic Panel,2025-11-23,122,mg/dL,Normal,2025-11-25T14:00:00
2950,1766,18,177,Lipid Panel,2025-03-08,121,mg/dL,Abnormal,2025-03-09T11:00:00
2951,1766,18,173,HbA1c,2025-02-05,6.4,%,Normal,2025-02-06T21:00:00
2952,1766,18,173,Thyroid Panel,2025-02-24,6.5,mIU/L,Normal,2025-02-26T11:00:00
2953,1767,18,173,Lipid Panel,2025-03-15,275,mg/dL,Abnormal,2025-03-17T20:00:00
2954,1767,18,171,HbA1c,2025-01-31,8.6,%,Abnormal,2025-02-01T12:00:00
2955,1768,18,179,Lipid Panel,2025-05-15,226,mg/dL,Normal,2025-05-16T19:00:00
2956,1768,18,179,Basic Metabolic Panel,2025-01-13,109,mg/dL,Normal,2025-01-14T22:00:00
2957,1768,18,178,Basic Metabolic Panel,2025-12-28,131,mg/dL,Normal,2025-12-28T17:00:00
2958,1769,18,173,HbA1c,2025-06-14,7.6,%,Abnormal,2025-06-15T04:00:00
2959,1770,18,175,Basic Metabolic Panel,2025-07-14,82,mg/dL,Abnormal,2025-07-14T21:00:00
2960,1771,18,176,Lipid Panel,2025-02-16,278,mg/dL,Abnormal,2025-02-17T20:00:00
2961,1771,18,178,Basic Metabolic Panel,2025-05-04,135,mg/dL,Normal,2025-05-06T10:00:00
2962,1771,18,171,Thyroid Panel,2026-01-03,7.0,mIU/L,Critical,2026-01-04T16:00:00
2963,1772,18,173,Complete Blood Count,2025-04-21,12.1,g/dL,Normal,2025-04-22T00:00:00
2964,1772,18,174,Thyroid Panel,2025-04-06,5.3,mIU/L,Critical,2025-04-08T17:00:00
2965,1773,18,173,Lipid Panel,2025-10-18,267,mg/dL,Normal,2025-10-20T22:00:00
2966,1774,18,173,Complete Blood Count,2025-06-17,14.6,g/dL,Abnormal,2025-06-19T06:00:00
2967,1774,18,172,HbA1c,2025-10-09,6.0,%,Normal,2025-10-09T21:00:00
2968,1775,18,176,Lipid Panel,2025-10-04,267,mg/dL,Normal,2025-10-05T01:00:00
2969,1776,18,175,Basic Metabolic Panel,2025-09-08,80,mg/dL,Normal,2025-09-10T10:00:00
2970,1776,18,178,Lipid Panel,2025-07-21,161,mg/dL,Normal,2025-07-22T06:00:00
2971,1776,18,171,Thyroid Panel,2025-05-10,2.9,mIU/L,Abnormal,2025-05-12T00:00:00
2972,1777,18,180,Complete Blood Count,2025-08-17,9.6,g/dL,Abnormal,2025-08-19T02:00:00
2973,1777,18,180,Basic Metabolic Panel,2025-04-06,65,mg/dL,Normal,2025-04-08T00:00:00
2974,1778,18,171,HbA1c,2025-11-02,6.1,%,Abnormal,2025-11-03T17:00:00
2975,1779,18,172,Lipid Panel,2025-12-29,245,mg/dL,Abnormal,2025-12-31T21:00:00
2976,1779,18,173,Thyroid Panel,2025-09-23,7.6,mIU/L,Normal,2025-09-24T03:00:00
2977,1779,18,171,Complete Blood Count,2025-07-06,9.2,g/dL,Abnormal,2025-07-07T13:00:00
2978,1780,18,171,Thyroid Panel,2025-01-20,1.8,mIU/L,Normal,2025-01-22T20:00:00
2979,1780,18,179,Basic Metabolic Panel,2025-09-23,124,mg/dL,Normal,2025-09-24T20:00:00
2980,1781,18,176,Lipid Panel,2025-12-08,215,mg/dL,Normal,2025-12-09T20:00:00
2981,1781,18,174,Thyroid Panel,2025-02-01,3.3,mIU/L,Abnormal,2025-02-03T15:00:00
2982,1782,18,171,Lipid Panel,2025-05-23,124,mg/dL,Normal,2025-05-24T07:00:00
2983,1782,18,177,Complete Blood Count,2025-10-21,15.3,g/dL,Normal,2025-10-22T08:00:00
2984,1783,18,173,Lipid Panel,2025-02-17,266,mg/dL,Abnormal,2025-02-17T13:00:00
2985,1784,18,173,Thyroid Panel,2025-12-06,6.1,mIU/L,Normal,2025-12-06T13:00:00
2986,1784,18,174,Basic Metabolic Panel,2025-12-01,100,mg/dL,Abnormal,2025-12-03T19:00:00
2987,1785,18,180,Lipid Panel,2025-10-23,121,mg/dL,Critical,2025-10-24T14:00:00
2988,1786,18,180,Basic Metabolic Panel,2025-11-08,76,mg/dL,Normal,2025-11-08T19:00:00
2989,1787,18,173,Lipid Panel,2025-04-17,149,mg/dL,Normal,2025-04-17T22:00:00
2990,1788,18,178,Basic Metabolic Panel,2026-01-21,124,mg/dL,Normal,2026-01-23T06:00:00
2991,1788,18,172,Thyroid Panel,2025-12-11,6.2,mIU/L,Normal,2025-12-11T17:00:00
2992,1789,18,172,Lipid Panel,2025-01-22,166,mg/dL,Normal,2025-01-22T19:00:00
2993,1790,18,173,HbA1c,2025-09-28,8.8,%,Normal,2025-09-30T12:00:00
2994,1791,18,180,Lipid Panel,2025-05-31,129,mg/dL,Normal,2025-06-02T00:00:00
2995,1792,18,174,Thyroid Panel,2025-04-02,0.4,mIU/L,Normal,2025-04-03T17:00:00
2996,1793,18,175,Thyroid Panel,2026-01-27,1.1,mIU/L,Normal,2026-01-29T14:00:00
2997,1793,18,172,Complete Blood Count,2025-10-13,10.6,g/dL,Normal,2025-10-15T07:00:00
2998,1794,18,176,Complete Blood Count,2025-06-17,13.2,g/dL,Normal,2025-06-17T20:00:00
2999,1794,18,175,Basic Metabolic Panel,2025-01-09,81,mg/dL,Abnormal,2025-01-11T17:00:00
3000,1795,18,176,HbA1c,2025-02-03,9.2,%,Abnormal,2025-02-05T15:00:00
3001,1796,18,174,Thyroid Panel,2025-03-07,4.9,mIU/L,Normal,2025-03-09T13:00:00
3002,1796,18,178,Complete Blood Count,2025-04-28,15.0,g/dL,Normal,2025-04-29T17:00:00
3003,1797,18,177,HbA1c,2025-10-04,8.1,%,Normal,2025-10-05T11:00:00
3004,1798,18,173,Lipid Panel,2025-05-13,126,mg/dL,Normal,2025-05-16T00:00:00
3005,1798,18,173,Complete Blood Count,2025-09-04,9.3,g/dL,Normal,2025-09-06T23:00:00
3006,1799,18,180,Lipid Panel,2025-04-29,242,mg/dL,Normal,2025-04-30T23:00:00
3007,1800,18,180,Thyroid Panel,2026-01-04,0.8,mIU/L,Critical,2026-01-06T10:00:00
3008,1801,19,190,Complete Blood Count,2025-03-08,11.7,g/dL,Abnormal,2025-03-08T20:00:00
3009,1802,19,182,HbA1c,2025-03-23,6.6,%,Abnormal,2025-03-25T16:00:00
3010,1802,19,181,Lipid Panel,2025-01-17,193,mg/dL,Normal,2025-01-18T03:00:00
3011,1803,19,186,Basic Metabolic Panel,2025-10-16,128,mg/dL,Abnormal,2025-10-18T22:00:00
3012,1804,19,187,HbA1c,2025-07-09,8.5,%,Normal,2025-07-10T16:00:00
3013,1805,19,186,HbA1c,2025-03-30,6.4,%,Normal,2025-04-02T00:00:00
3014,1805,19,188,Complete Blood Count,2025-05-09,9.2,g/dL,Normal,2025-05-10T17:00:00
3015,1806,19,189,Complete Blood Count,2025-09-21,14.9,g/dL,Normal,2025-09-21T19:00:00
3016,1807,19,187,Thyroid Panel,2025-08-19,2.1,mIU/L,Normal,2025-08-20T13:00:00
3017,1808,19,188,Lipid Panel,2025-09-22,228,mg/dL,Normal,2025-09-22T14:00:00
3018,1808,19,189,Complete Blood Count,2025-12-10,15.3,g/dL,Normal,2025-12-11T11:00:00
3019,1808,19,183,Thyroid Panel,2026-01-04,0.5,mIU/L,Critical,2026-01-04T18:00:00
3020,1809,19,188,Complete Blood Count,2025-01-22,9.8,g/dL,Normal,2025-01-23T14:00:00
3021,1809,19,184,Complete Blood Count,2025-04-28,12.2,g/dL,Normal,2025-04-29T09:00:00
3022,1810,19,185,HbA1c,2025-05-22,10.8,%,Normal,2025-05-23T19:00:00
3023,1811,19,183,Complete Blood Count,2025-01-13,14.3,g/dL,Normal,2025-01-13T13:00:00
3024,1811,19,183,HbA1c,2025-09-28,8.0,%,Normal,2025-09-30T07:00:00
3025,1812,19,187,Thyroid Panel,2025-01-16,2.3,mIU/L,Normal,2025-01-17T01:00:00
3026,1813,19,184,Lipid Panel,2025-07-26,275,mg/dL,Abnormal,2025-07-26T22:00:00
3027,1814,19,188,HbA1c,2025-07-21,9.9,%,Abnormal,2025-07-22T15:00:00
3028,1814,19,182,HbA1c,2025-09-26,8.3,%,Abnormal,2025-09-27T03:00:00
3029,1814,19,188,Complete Blood Count,2025-05-17,8.3,g/dL,Normal,2025-05-18T13:00:00
3030,1815,19,186,Thyroid Panel,2025-02-04,0.5,mIU/L,Normal,2025-02-06T14:00:00
3031,1816,19,188,Basic Metabolic Panel,2025-05-10,80,mg/dL,Normal,2025-05-10T14:00:00
3032,1817,19,190,Lipid Panel,2026-01-29,259,mg/dL,Normal,2026-02-01T00:00:00
3033,1817,19,190,HbA1c,2025-06-11,8.2,%,Normal,2025-06-12T03:00:00
3034,1818,19,186,Lipid Panel,2025-05-11,130,mg/dL,Normal,2025-05-13T03:00:00
3035,1818,19,181,Thyroid Panel,2025-11-03,2.6,mIU/L,Normal,2025-11-05T16:00:00
3036,1819,19,190,Thyroid Panel,2025-11-24,7.9,mIU/L,Normal,2025-11-25T02:00:00
3037,1819,19,184,Basic Metabolic Panel,2025-08-13,140,mg/dL,Normal,2025-08-15T07:00:00
3038,1819,19,187,Basic Metabolic Panel,2026-01-19,136,mg/dL,Normal,2026-01-20T06:00:00
3039,1820,19,182,Lipid Panel,2025-09-06,175,mg/dL,Critical,2025-09-07T06:00:00
3040,1820,19,188,Basic Metabolic Panel,2025-05-17,138,mg/dL,Normal,2025-05-18T03:00:00
3041,1820,19,183,HbA1c,2025-04-18,7.3,%,Normal,2025-04-20T11:00:00
3042,1821,19,190,Thyroid Panel,2025-10-19,2.5,mIU/L,Normal,2025-10-21T22:00:00
3043,1821,19,190,Basic Metabolic Panel,2025-02-04,66,mg/dL,Abnormal,2025-02-06T09:00:00
3044,1822,19,187,Lipid Panel,2025-04-20,126,mg/dL,Normal,2025-04-21T17:00:00
3045,1823,19,189,Lipid Panel,2025-02-15,147,mg/dL,Normal,2025-02-16T14:00:00
3046,1824,19,181,HbA1c,2025-10-07,5.1,%,Critical,2025-10-10T00:00:00
3047,1825,19,186,Thyroid Panel,2025-11-01,4.7,mIU/L,Abnormal,2025-11-02T20:00:00
3048,1826,19,188,Lipid Panel,2025-02-12,148,mg/dL,Critical,2025-02-13T16:00:00
3049,1826,19,189,Thyroid Panel,2025-05-29,5.1,mIU/L,Normal,2025-05-31T23:00:00
3050,1827,19,182,Thyroid Panel,2025-05-14,7.4,mIU/L,Normal,2025-05-15T07:00:00
3051,1828,19,182,Basic Metabolic Panel,2025-09-25,110,mg/dL,Abnormal,2025-09-26T20:00:00
3052,1829,19,188,Thyroid Panel,2025-01-06,3.2,mIU/L,Normal,2025-01-07T22:00:00
3053,1830,19,185,Thyroid Panel,2025-08-31,0.7,mIU/L,Normal,2025-09-01T08:00:00
3054,1830,19,182,Lipid Panel,2025-07-14,168,mg/dL,Normal,2025-07-16T00:00:00
3055,1831,19,182,Complete Blood Count,2025-09-19,16.4,g/dL,Normal,2025-09-21T21:00:00
3056,1831,19,190,HbA1c,2025-11-04,9.6,%,Normal,2025-11-06T06:00:00
3057,1832,19,183,Basic Metabolic Panel,2025-10-24,115,mg/dL,Critical,2025-10-27T00:00:00
3058,1832,19,188,Complete Blood Count,2025-10-29,10.4,g/dL,Normal,2025-10-30T10:00:00
3059,1832,19,182,HbA1c,2025-02-15,10.4,%,Normal,2025-02-17T14:00:00
3060,1833,19,187,Complete Blood Count,2025-10-10,12.4,g/dL,Normal,2025-10-12T05:00:00
3061,1834,19,189,Thyroid Panel,2026-01-06,2.0,mIU/L,Normal,2026-01-07T12:00:00
3062,1835,19,188,Thyroid Panel,2025-12-04,6.4,mIU/L,Normal,2025-12-06T06:00:00
3063,1835,19,183,HbA1c,2025-11-06,8.7,%,Normal,2025-11-08T23:00:00
3064,1836,19,190,Basic Metabolic Panel,2025-10-07,114,mg/dL,Abnormal,2025-10-08T03:00:00
3065,1836,19,190,Basic Metabolic Panel,2025-05-17,68,mg/dL,Normal,2025-05-18T16:00:00
3066,1837,19,188,Complete Blood Count,2025-06-23,9.4,g/dL,Normal,2025-06-23T18:00:00
3067,1838,19,186,Thyroid Panel,2025-11-19,6.2,mIU/L,Normal,2025-11-20T14:00:00
3068,1839,19,181,Thyroid Panel,2025-04-24,7.8,mIU/L,Normal,2025-04-25T05:00:00
3069,1839,19,189,Thyroid Panel,2025-01-22,2.1,mIU/L,Normal,2025-01-24T20:00:00
3070,1840,19,187,Basic Metabolic Panel,2026-01-21,84,mg/dL,Normal,2026-01-22T21:00:00
3071,1840,19,190,Complete Blood Count,2025-11-16,11.8,g/dL,Normal,2025-11-18T17:00:00
3072,1840,19,185,Complete Blood Count,2025-02-27,9.9,g/dL,Abnormal,2025-03-01T01:00:00
3073,1841,19,184,HbA1c,2025-11-04,8.8,%,Abnormal,2025-11-06T04:00:00
3074,1841,19,184,Basic Metabolic Panel,2025-04-30,78,mg/dL,Normal,2025-05-01T01:00:00
3075,1841,19,187,Complete Blood Count,2025-05-08,11.1,g/dL,Abnormal,2025-05-08T14:00:00
3076,1842,19,189,Complete Blood Count,2025-12-25,11.6,g/dL,Abnormal,2025-12-25T13:00:00
3077,1843,19,185,HbA1c,2025-05-15,7.7,%,Normal,2025-05-15T19:00:00
3078,1844,19,181,Lipid Panel,2025-05-21,194,mg/dL,Abnormal,2025-05-21T13:00:00
3079,1845,19,182,Basic Metabolic Panel,2026-01-18,126,mg/dL,Abnormal,2026-01-18T16:00:00
3080,1846,19,185,Thyroid Panel,2026-01-21,4.4,mIU/L,Normal,2026-01-22T22:00:00
3081,1847,19,181,Basic Metabolic Panel,2025-10-10,124,mg/dL,Normal,2025-10-10T21:00:00
3082,1847,19,182,Basic Metabolic Panel,2025-07-31,99,mg/dL,Abnormal,2025-08-01T21:00:00
3083,1848,19,184,HbA1c,2025-07-21,8.5,%,Normal,2025-07-23T04:00:00
3084,1849,19,187,Thyroid Panel,2025-11-13,5.4,mIU/L,Abnormal,2025-11-15T15:00:00
3085,1850,19,190,Basic Metabolic Panel,2025-08-14,135,mg/dL,Critical,2025-08-15T07:00:00
3086,1850,19,187,Thyroid Panel,2025-02-16,2.7,mIU/L,Normal,2025-02-17T08:00:00
3087,1851,19,186,Complete Blood Count,2025-11-11,9.0,g/dL,Abnormal,2025-11-11T20:00:00
3088,1852,19,181,Basic Metabolic Panel,2025-05-07,111,mg/dL,Critical,2025-05-09T08:00:00
3089,1852,19,181,HbA1c,2025-08-31,5.2,%,Normal,2025-08-31T17:00:00
3090,1853,19,184,Thyroid Panel,2026-01-30,4.4,mIU/L,Abnormal,2026-01-31T23:00:00
3091,1853,19,184,Basic Metabolic Panel,2025-05-08,105,mg/dL,Critical,2025-05-09T14:00:00
3092,1854,19,182,Thyroid Panel,2025-06-17,4.8,mIU/L,Normal,2025-06-18T11:00:00
3093,1854,19,187,Basic Metabolic Panel,2025-01-26,65,mg/dL,Normal,2025-01-26T13:00:00
3094,1855,19,185,Lipid Panel,2025-09-29,196,mg/dL,Normal,2025-10-01T01:00:00
3095,1855,19,181,HbA1c,2025-07-12,10.5,%,Abnormal,2025-07-14T07:00:00
3096,1856,19,189,Thyroid Panel,2025-09-12,3.6,mIU/L,Normal,2025-09-13T14:00:00
3097,1856,19,187,HbA1c,2025-06-09,5.6,%,Normal,2025-06-10T08:00:00
3098,1857,19,188,HbA1c,2025-01-15,8.0,%,Normal,2025-01-17T00:00:00
3099,1858,19,186,Lipid Panel,2025-09-17,169,mg/dL,Normal,2025-09-19T15:00:00
3100,1858,19,187,Lipid Panel,2025-07-09,182,mg/dL,Abnormal,2025-07-10T04:00:00
3101,1858,19,187,Lipid Panel,2026-01-30,167,mg/dL,Normal,2026-01-31T14:00:00
3102,1859,19,182,Basic Metabolic Panel,2025-11-06,107,mg/dL,Normal,2025-11-08T02:00:00
3103,1860,19,181,Basic Metabolic Panel,2025-04-06,85,mg/dL,Normal,2025-04-06T19:00:00
3104,1860,19,185,Lipid Panel,2025-08-08,235,mg/dL,Normal,2025-08-10T20:00:00
3105,1860,19,188,HbA1c,2026-01-27,7.1,%,Normal,2026-01-28T08:00:00
3106,1861,19,182,Complete Blood Count,2025-12-30,9.6,g/dL,Normal,2025-12-30T18:00:00
3107,1862,19,189,HbA1c,2025-09-22,8.0,%,Normal,2025-09-24T04:00:00
3108,1862,19,181,Complete Blood Count,2025-10-02,14.8,g/dL,Normal,2025-10-02T12:00:00
3109,1862,19,190,Thyroid Panel,2025-09-04,7.9,mIU/L,Normal,2025-09-06T09:00:00
3110,1863,19,184,Complete Blood Count,2025-11-01,9.6,g/dL,Critical,2025-11-03T20:00:00
3111,1863,19,188,Complete Blood Count,2025-05-20,16.4,g/dL,Normal,2025-05-21T16:00:00
3112,1864,19,185,Lipid Panel,2025-02-08,228,mg/dL,Abnormal,2025-02-08T21:00:00
3113,1864,19,183,Complete Blood Count,2025-05-09,9.8,g/dL,Abnormal,2025-05-10T02:00:00
3114,1865,19,186,Lipid Panel,2025-06-27,230,mg/dL,Normal,2025-06-29T08:00:00
3115,1865,19,187,Thyroid Panel,2025-10-11,0.7,mIU/L,Critical,2025-10-12T10:00:00
3116,1865,19,183,HbA1c,2025-09-21,10.9,%,Normal,2025-09-21T23:00:00
3117,1866,19,189,Lipid Panel,2025-06-16,248,mg/dL,Normal,2025-06-18T20:00:00
3118,1867,19,185,Complete Blood Count,2025-08-08,8.3,g/dL,Normal,2025-08-09T04:00:00
3119,1867,19,186,HbA1c,2025-06-23,8.7,%,Normal,2025-06-25T11:00:00
3120,1868,19,182,Complete Blood Count,2025-04-10,9.3,g/dL,Critical,2025-04-10T21:00:00
3121,1869,19,185,Thyroid Panel,2026-01-13,5.0,mIU/L,Critical,2026-01-15T10:00:00
3122,1869,19,190,Complete Blood Count,2026-02-01,12.1,g/dL,Abnormal,2026-02-02T13:00:00
3123,1869,19,184,HbA1c,2025-12-14,8.7,%,Normal,2025-12-16T11:00:00
3124,1870,19,184,Thyroid Panel,2025-12-17,4.4,mIU/L,Abnormal,2025-12-17T22:00:00
3125,1871,19,186,Complete Blood Count,2025-02-01,13.9,g/dL,Abnormal,2025-02-03T15:00:00
3126,1871,19,190,Basic Metabolic Panel,2025-01-22,96,mg/dL,Normal,2025-01-23T04:00:00
3127,1871,19,184,Complete Blood Count,2025-04-28,11.5,g/dL,Abnormal,2025-04-29T08:00:00
3128,1872,19,183,HbA1c,2025-04-28,8.6,%,Abnormal,2025-04-29T09:00:00
3129,1872,19,185,Complete Blood Count,2025-12-25,8.3,g/dL,Normal,2025-12-27T14:00:00
3130,1873,19,182,Basic Metabolic Panel,2025-08-31,121,mg/dL,Normal,2025-09-01T20:00:00
3131,1874,19,187,HbA1c,2025-05-23,10.9,%,Normal,2025-05-24T04:00:00
3132,1874,19,186,HbA1c,2025-01-28,6.2,%,Normal,2025-01-30T16:00:00
3133,1874,19,189,HbA1c,2025-09-01,9.0,%,Normal,2025-09-03T02:00:00
3134,1875,19,189,Complete Blood Count,2025-12-18,8.1,g/dL,Abnormal,2025-12-20T05:00:00
3135,1876,19,186,Lipid Panel,2025-03-05,272,mg/dL,Normal,2025-03-05T21:00:00
3136,1876,19,189,Thyroid Panel,2025-10-03,5.4,mIU/L,Normal,2025-10-05T11:00:00
3137,1877,19,190,Basic Metabolic Panel,2025-09-28,140,mg/dL,Abnormal,2025-09-29T20:00:00
3138,1877,19,190,Complete Blood Count,2025-06-11,10.8,g/dL,Normal,2025-06-12T18:00:00
3139,1878,19,188,Complete Blood Count,2025-08-19,10.5,g/dL,Normal,2025-08-21T07:00:00
3140,1879,19,181,Complete Blood Count,2025-11-03,15.8,g/dL,Abnormal,2025-11-04T22:00:00
3141,1880,19,185,Lipid Panel,2025-03-09,188,mg/dL,Normal,2025-03-11T21:00:00
3142,1881,19,184,Thyroid Panel,2025-09-24,3.8,mIU/L,Normal,2025-09-25T03:00:00
3143,1881,19,182,Lipid Panel,2025-11-27,148,mg/dL,Normal,2025-11-29T06:00:00
3144,1882,19,183,Thyroid Panel,2025-03-30,1.9,mIU/L,Abnormal,2025-03-31T21:00:00
3145,1883,19,190,Thyroid Panel,2025-03-27,7.4,mIU/L,Normal,2025-03-27T21:00:00
3146,1883,19,182,Complete Blood Count,2025-03-31,9.7,g/dL,Normal,2025-04-02T20:00:00
3147,1883,19,182,Thyroid Panel,2025-08-11,3.3,mIU/L,Normal,2025-08-12T12:00:00
3148,1884,19,189,Thyroid Panel,2025-10-13,5.5,mIU/L,Abnormal,2025-10-15T22:00:00
3149,1884,19,188,Basic Metabolic Panel,2025-01-06,80,mg/dL,Normal,2025-01-07T23:00:00
3150,1884,19,185,Lipid Panel,2025-07-16,215,mg/dL,Normal,2025-07-18T14:00:00
3151,1885,19,184,Thyroid Panel,2025-06-13,2.5,mIU/L,Normal,2025-06-15T05:00:00
3152,1886,19,190,Thyroid Panel,2025-09-05,6.1,mIU/L,Normal,2025-09-06T05:00:00
3153,1886,19,189,Lipid Panel,2025-06-11,169,mg/dL,Normal,2025-06-12T07:00:00
3154,1886,19,190,HbA1c,2025-02-20,9.9,%,Normal,2025-02-20T14:00:00
3155,1887,19,181,Basic Metabolic Panel,2025-04-04,116,mg/dL,Normal,2025-04-04T12:00:00
3156,1887,19,185,HbA1c,2025-10-29,10.7,%,Normal,2025-10-30T12:00:00
3157,1888,19,181,Complete Blood Count,2025-12-09,11.9,g/dL,Normal,2025-12-10T12:00:00
3158,1889,19,181,Basic Metabolic Panel,2025-06-03,112,mg/dL,Normal,2025-06-05T19:00:00
3159,1890,19,184,HbA1c,2025-08-17,4.5,%,Normal,2025-08-18T22:00:00
3160,1891,19,190,HbA1c,2025-08-29,9.5,%,Normal,2025-08-29T14:00:00
3161,1892,19,189,Lipid Panel,2025-08-03,230,mg/dL,Normal,2025-08-04T23:00:00
3162,1893,19,187,Thyroid Panel,2025-10-17,5.9,mIU/L,Normal,2025-10-19T03:00:00
3163,1893,19,187,Thyroid Panel,2025-01-08,3.8,mIU/L,Normal,2025-01-09T21:00:00
3164,1894,19,189,Thyroid Panel,2025-10-17,7.2,mIU/L,Normal,2025-10-17T19:00:00
3165,1895,19,188,Thyroid Panel,2025-01-16,0.9,mIU/L,Abnormal,2025-01-17T11:00:00
3166,1895,19,187,Lipid Panel,2025-08-21,212,mg/dL,Normal,2025-08-23T18:00:00
3167,1895,19,188,Basic Metabolic Panel,2025-12-21,67,mg/dL,Normal,2025-12-23T02:00:00
3168,1896,19,182,Lipid Panel,2025-12-26,230,mg/dL,Critical,2025-12-28T12:00:00
3169,1897,19,189,Thyroid Panel,2025-04-06,4.6,mIU/L,Normal,2025-04-07T12:00:00
3170,1898,19,189,Complete Blood Count,2025-10-20,14.8,g/dL,Critical,2025-10-21T11:00:00
3171,1898,19,182,Basic Metabolic Panel,2025-06-21,111,mg/dL,Normal,2025-06-22T20:00:00
3172,1898,19,182,Basic Metabolic Panel,2025-08-22,127,mg/dL,Abnormal,2025-08-23T06:00:00
3173,1899,19,183,Basic Metabolic Panel,2025-07-17,102,mg/dL,Normal,2025-07-19T02:00:00
3174,1899,19,182,Complete Blood Count,2025-11-27,12.9,g/dL,Normal,2025-11-28T23:00:00
3175,1900,19,190,Basic Metabolic Panel,2025-08-12,82,mg/dL,Normal,2025-08-13T05:00:00
3176,1901,20,198,HbA1c,2025-02-08,7.8,%,Normal,2025-02-09T16:00:00
3177,1902,20,195,HbA1c,2025-03-09,6.2,%,Abnormal,2025-03-09T18:00:00
3178,1902,20,196,HbA1c,2025-01-24,6.9,%,Normal,2025-01-25T08:00:00
3179,1903,20,191,Thyroid Panel,2025-07-07,1.4,mIU/L,Abnormal,2025-07-08T19:00:00
3180,1903,20,200,Complete Blood Count,2025-01-26,16.4,g/dL,Normal,2025-01-26T16:00:00
3181,1904,20,196,Basic Metabolic Panel,2025-01-28,100,mg/dL,Normal,2025-01-29T17:00:00
3182,1905,20,195,Basic Metabolic Panel,2025-09-15,87,mg/dL,Abnormal,2025-09-15T22:00:00
3183,1905,20,200,HbA1c,2025-05-24,10.3,%,Normal,2025-05-24T12:00:00
3184,1906,20,199,Lipid Panel,2025-12-19,161,mg/dL,Abnormal,2025-12-20T04:00:00
3185,1907,20,193,Basic Metabolic Panel,2025-07-19,74,mg/dL,Critical,2025-07-22T00:00:00
3186,1908,20,196,Complete Blood Count,2025-01-31,12.3,g/dL,Normal,2025-02-02T14:00:00
3187,1908,20,199,Complete Blood Count,2025-10-22,8.8,g/dL,Critical,2025-10-23T11:00:00
3188,1908,20,200,Lipid Panel,2025-02-25,238,mg/dL,Normal,2025-02-27T16:00:00
3189,1909,20,197,Complete Blood Count,2025-01-23,14.7,g/dL,Normal,2025-01-25T11:00:00
3190,1910,20,198,Complete Blood Count,2025-03-11,15.4,g/dL,Normal,2025-03-12T00:00:00
3191,1910,20,198,Complete Blood Count,2025-10-31,15.3,g/dL,Normal,2025-11-01T08:00:00
3192,1910,20,191,Basic Metabolic Panel,2025-12-25,97,mg/dL,Critical,2025-12-27T17:00:00
3193,1911,20,199,Thyroid Panel,2025-10-15,6.3,mIU/L,Normal,2025-10-17T09:00:00
3194,1912,20,193,Thyroid Panel,2025-07-31,4.3,mIU/L,Normal,2025-08-02T01:00:00
3195,1913,20,197,HbA1c,2025-05-12,5.4,%,Critical,2025-05-13T05:00:00
3196,1914,20,197,Complete Blood Count,2026-01-05,16.6,g/dL,Critical,2026-01-06T20:00:00
3197,1914,20,198,Lipid Panel,2025-10-03,199,mg/dL,Normal,2025-10-03T17:00:00
3198,1915,20,192,Complete Blood Count,2025-01-24,10.3,g/dL,Normal,2025-01-24T21:00:00
3199,1915,20,199,Thyroid Panel,2025-12-17,3.4,mIU/L,Normal,2025-12-17T23:00:00
3200,1916,20,194,HbA1c,2025-09-26,7.3,%,Abnormal,2025-09-28T12:00:00
3201,1916,20,194,HbA1c,2025-03-19,10.2,%,Normal,2025-03-20T14:00:00
3202,1916,20,197,HbA1c,2025-08-11,10.9,%,Abnormal,2025-08-11T14:00:00
3203,1917,20,200,Thyroid Panel,2026-01-03,2.0,mIU/L,Abnormal,2026-01-04T04:00:00
3204,1918,20,199,Lipid Panel,2025-06-05,260,mg/dL,Normal,2025-06-05T23:00:00
3205,1918,20,194,Basic Metabolic Panel,2025-07-27,103,mg/dL,Normal,2025-07-29T22:00:00
3206,1918,20,191,HbA1c,2025-08-17,6.7,%,Normal,2025-08-19T16:00:00
3207,1919,20,191,Basic Metabolic Panel,2025-08-18,111,mg/dL,Normal,2025-08-20T03:00:00
3208,1920,20,197,Lipid Panel,2025-10-17,172,mg/dL,Abnormal,2025-10-17T23:00:00
3209,1921,20,191,Thyroid Panel,2026-01-28,7.5,mIU/L,Normal,2026-01-29T08:00:00
3210,1922,20,195,Complete Blood Count,2025-11-04,14.0,g/dL,Abnormal,2025-11-04T18:00:00
3211,1923,20,192,Complete Blood Count,2025-09-17,12.2,g/dL,Normal,2025-09-20T00:00:00
3212,1924,20,191,Lipid Panel,2025-06-01,204,mg/dL,Critical,2025-06-03T09:00:00
3213,1924,20,197,Complete Blood Count,2025-04-01,14.2,g/dL,Normal,2025-04-01T22:00:00
3214,1925,20,200,HbA1c,2025-06-11,10.5,%,Abnormal,2025-06-13T16:00:00
3215,1926,20,192,Lipid Panel,2025-02-12,120,mg/dL,Normal,2025-02-14T06:00:00
3216,1927,20,196,Thyroid Panel,2025-01-31,3.1,mIU/L,Normal,2025-01-31T12:00:00
3217,1928,20,191,Complete Blood Count,2025-06-22,10.9,g/dL,Abnormal,2025-06-23T01:00:00
3218,1929,20,196,Thyroid Panel,2025-11-21,2.3,mIU/L,Normal,2025-11-23T20:00:00
3219,1929,20,191,Basic Metabolic Panel,2025-01-23,101,mg/dL,Normal,2025-01-25T17:00:00
3220,1929,20,198,Lipid Panel,2025-08-26,153,mg/dL,Normal,2025-08-28T02:00:00
3221,1930,20,200,HbA1c,2025-04-29,8.7,%,Abnormal,2025-05-01T06:00:00
3222,1930,20,192,Complete Blood Count,2025-07-21,8.1,g/dL,Critical,2025-07-22T06:00:00
3223,1930,20,200,Lipid Panel,2026-01-31,197,mg/dL,Normal,2026-02-02T10:00:00
3224,1931,20,200,Complete Blood Count,2025-06-28,8.0,g/dL,Critical,2025-06-28T20:00:00
3225,1931,20,194,Basic Metabolic Panel,2025-09-17,70,mg/dL,Normal,2025-09-19T03:00:00
3226,1932,20,192,Complete Blood Count,2025-11-17,12.9,g/dL,Abnormal,2025-11-19T03:00:00
3227,1932,20,194,HbA1c,2025-11-12,10.2,%,Normal,2025-11-14T21:00:00
3228,1933,20,196,Lipid Panel,2025-12-18,215,mg/dL,Normal,2025-12-20T00:00:00
3229,1933,20,191,HbA1c,2025-01-18,7.0,%,Normal,2025-01-18T15:00:00
3230,1934,20,200,Complete Blood Count,2025-07-23,13.8,g/dL,Normal,2025-07-25T00:00:00
3231,1935,20,199,Complete Blood Count,2025-07-18,8.7,g/dL,Normal,2025-07-20T09:00:00
3232,1935,20,195,Complete Blood Count,2025-05-04,15.0,g/dL,Normal,2025-05-05T18:00:00
3233,1935,20,193,Lipid Panel,2025-10-19,169,mg/dL,Normal,2025-10-21T18:00:00
3234,1936,20,196,Lipid Panel,2025-01-02,125,mg/dL,Normal,2025-01-03T13:00:00
3235,1936,20,197,Lipid Panel,2025-06-17,205,mg/dL,Normal,2025-06-17T12:00:00
3236,1937,20,191,Complete Blood Count,2025-07-14,12.4,g/dL,Normal,2025-07-15T08:00:00
3237,1937,20,197,Lipid Panel,2025-02-24,193,mg/dL,Normal,2025-02-25T17:00:00
3238,1938,20,191,Lipid Panel,2025-12-26,266,mg/dL,Normal,2025-12-28T13:00:00
3239,1939,20,195,HbA1c,2025-02-05,10.1,%,Abnormal,2025-02-05T12:00:00
3240,1939,20,191,Thyroid Panel,2025-08-04,0.6,mIU/L,Normal,2025-08-06T17:00:00
3241,1940,20,191,Thyroid Panel,2025-07-31,4.6,mIU/L,Normal,2025-08-01T20:00:00
3242,1941,20,192,Complete Blood Count,2025-08-16,11.5,g/dL,Abnormal,2025-08-17T02:00:00
3243,1942,20,191,HbA1c,2025-06-21,10.3,%,Abnormal,2025-06-23T23:00:00
3244,1942,20,196,Thyroid Panel,2025-10-06,4.6,mIU/L,Normal,2025-10-07T16:00:00
3245,1943,20,193,Complete Blood Count,2026-01-13,9.5,g/dL,Abnormal,2026-01-15T01:00:00
3246,1943,20,195,Lipid Panel,2025-01-24,221,mg/dL,Critical,2025-01-25T02:00:00
3247,1944,20,193,Complete Blood Count,2025-03-14,16.0,g/dL,Normal,2025-03-15T17:00:00
3248,1945,20,192,HbA1c,2025-08-26,7.5,%,Normal,2025-08-28T20:00:00
3249,1945,20,200,Lipid Panel,2025-08-16,120,mg/dL,Normal,2025-08-16T19:00:00
3250,1946,20,193,Lipid Panel,2025-01-04,260,mg/dL,Normal,2025-01-04T23:00:00
3251,1947,20,193,Complete Blood Count,2025-11-08,13.8,g/dL,Normal,2025-11-10T10:00:00
3252,1947,20,192,HbA1c,2025-09-26,10.4,%,Normal,2025-09-28T14:00:00
3253,1948,20,198,Complete Blood Count,2025-10-17,14.2,g/dL,Normal,2025-10-17T18:00:00
3254,1948,20,192,Thyroid Panel,2025-10-02,3.7,mIU/L,Normal,2025-10-03T11:00:00
3255,1949,20,200,HbA1c,2025-08-26,8.2,%,Critical,2025-08-28T08:00:00
3256,1949,20,193,Complete Blood Count,2025-09-22,11.4,g/dL,Abnormal,2025-09-22T14:00:00
3257,1950,20,196,Lipid Panel,2025-10-01,242,mg/dL,Abnormal,2025-10-03T12:00:00
3258,1950,20,200,Lipid Panel,2025-10-08,137,mg/dL,Normal,2025-10-09T12:00:00
3259,1951,20,200,Basic Metabolic Panel,2025-09-18,87,mg/dL,Normal,2025-09-19T05:00:00
3260,1952,20,191,Complete Blood Count,2025-03-12,17.0,g/dL,Abnormal,2025-03-12T22:00:00
3261,1952,20,198,Lipid Panel,2025-01-28,120,mg/dL,Normal,2025-01-28T23:00:00
3262,1952,20,200,HbA1c,2025-11-17,8.0,%,Abnormal,2025-11-19T23:00:00
3263,1953,20,193,Complete Blood Count,2025-05-23,10.3,g/dL,Normal,2025-05-24T05:00:00
3264,1954,20,194,Lipid Panel,2026-01-18,254,mg/dL,Normal,2026-01-18T19:00:00
3265,1955,20,196,Thyroid Panel,2025-04-11,4.9,mIU/L,Normal,2025-04-13T08:00:00
3266,1955,20,193,Complete Blood Count,2025-11-21,9.1,g/dL,Critical,2025-11-22T01:00:00
3267,1955,20,195,Lipid Panel,2025-03-09,176,mg/dL,Abnormal,2025-03-09T20:00:00
3268,1956,20,193,Complete Blood Count,2026-01-03,10.2,g/dL,Normal,2026-01-04T00:00:00
3269,1957,20,193,Thyroid Panel,2025-06-21,1.0,mIU/L,Normal,2025-06-23T20:00:00
3270,1957,20,195,Basic Metabolic Panel,2025-01-02,90,mg/dL,Critical,2025-01-04T07:00:00
3271,1958,20,200,Lipid Panel,2025-08-22,232,mg/dL,Normal,2025-08-23T17:00:00
3272,1959,20,192,Thyroid Panel,2025-03-09,4.4,mIU/L,Normal,2025-03-11T13:00:00
3273,1959,20,191,Lipid Panel,2025-02-15,273,mg/dL,Normal,2025-02-16T14:00:00
3274,1959,20,192,Basic Metabolic Panel,2025-07-13,103,mg/dL,Normal,2025-07-15T19:00:00
3275,1960,20,193,Thyroid Panel,2025-09-29,6.1,mIU/L,Normal,2025-09-30T01:00:00
3276,1960,20,191,HbA1c,2026-01-15,6.1,%,Abnormal,2026-01-16T22:00:00
3277,1960,20,192,Thyroid Panel,2025-03-25,3.3,mIU/L,Normal,2025-03-25T21:00:00
3278,1961,20,194,Complete Blood Count,2025-01-08,11.8,g/dL,Normal,2025-01-09T20:00:00
3279,1961,20,197,Thyroid Panel,2025-08-02,7.1,mIU/L,Critical,2025-08-04T17:00:00
3280,1962,20,191,Basic Metabolic Panel,2025-12-25,94,mg/dL,Critical,2025-12-26T13:00:00
3281,1963,20,199,Basic Metabolic Panel,2025-07-05,111,mg/dL,Normal,2025-07-05T15:00:00
3282,1964,20,195,HbA1c,2025-08-14,8.8,%,Normal,2025-08-15T15:00:00
3283,1965,20,195,Thyroid Panel,2026-01-03,6.2,mIU/L,Normal,2026-01-04T02:00:00
3284,1966,20,195,Thyroid Panel,2025-08-21,3.2,mIU/L,Normal,2025-08-22T00:00:00
3285,1967,20,193,Basic Metabolic Panel,2025-02-15,80,mg/dL,Critical,2025-02-16T06:00:00
3286,1968,20,197,Lipid Panel,2025-12-02,207,mg/dL,Normal,2025-12-03T23:00:00
3287,1969,20,193,Complete Blood Count,2025-09-20,14.1,g/dL,Abnormal,2025-09-22T04:00:00
3288,1970,20,198,Thyroid Panel,2025-11-13,7.6,mIU/L,Abnormal,2025-11-13T18:00:00
3289,1971,20,193,Lipid Panel,2025-12-31,199,mg/dL,Normal,2025-12-31T17:00:00
3290,1971,20,200,Basic Metabolic Panel,2025-04-23,98,mg/dL,Normal,2025-04-24T00:00:00
3291,1971,20,194,Lipid Panel,2025-08-24,192,mg/dL,Abnormal,2025-08-24T23:00:00
3292,1972,20,196,Thyroid Panel,2025-05-06,2.1,mIU/L,Critical,2025-05-07T04:00:00
3293,1972,20,191,Lipid Panel,2025-02-10,139,mg/dL,Abnormal,2025-02-12T09:00:00
3294,1973,20,199,Basic Metabolic Panel,2025-01-15,116,mg/dL,Critical,2025-01-16T11:00:00
3295,1973,20,195,HbA1c,2026-01-08,10.1,%,Abnormal,2026-01-09T12:00:00
3296,1974,20,195,Basic Metabolic Panel,2025-08-21,107,mg/dL,Normal,2025-08-22T13:00:00
3297,1974,20,195,HbA1c,2025-07-04,10.7,%,Normal,2025-07-05T03:00:00
3298,1975,20,195,Basic Metabolic Panel,2026-01-08,114,mg/dL,Abnormal,2026-01-10T02:00:00
3299,1975,20,197,Complete Blood Count,2025-05-24,11.9,g/dL,Normal,2025-05-24T20:00:00
3300,1976,20,196,Complete Blood Count,2025-01-05,12.8,g/dL,Normal,2025-01-07T00:00:00
3301,1977,20,200,HbA1c,2025-06-24,7.8,%,Abnormal,2025-06-24T23:00:00
3302,1977,20,200,Lipid Panel,2025-07-10,202,mg/dL,Normal,2025-07-12T00:00:00
3303,1978,20,198,Lipid Panel,2025-05-03,148,mg/dL,Normal,2025-05-03T12:00:00
3304,1979,20,193,Lipid Panel,2026-01-03,214,mg/dL,Critical,2026-01-05T01:00:00
3305,1979,20,195,Lipid Panel,2025-03-04,218,mg/dL,Abnormal,2025-03-06T23:00:00
3306,1979,20,191,HbA1c,2025-10-26,8.7,%,Normal,2025-10-27T00:00:00
3307,1980,20,197,Complete Blood Count,2025-06-12,10.7,g/dL,Normal,2025-06-14T20:00:00
3308,1980,20,191,Basic Metabolic Panel,2025-07-31,137,mg/dL,Normal,2025-08-01T02:00:00
3309,1980,20,198,Lipid Panel,2025-12-15,146,mg/dL,Normal,2025-12-17T21:00:00
3310,1981,20,192,Basic Metabolic Panel,2025-07-02,132,mg/dL,Normal,2025-07-04T22:00:00
3311,1981,20,192,Complete Blood Count,2025-10-09,11.3,g/dL,Normal,2025-10-10T16:00:00
3312,1982,20,195,HbA1c,2025-07-05,5.5,%,Critical,2025-07-07T16:00:00
3313,1982,20,195,Lipid Panel,2025-09-16,230,mg/dL,Normal,2025-09-18T15:00:00
3314,1982,20,195,Basic Metabolic Panel,2025-02-27,71,mg/dL,Normal,2025-02-28T19:00:00
3315,1983,20,191,Thyroid Panel,2025-06-24,3.5,mIU/L,Abnormal,2025-06-26T20:00:00
3316,1983,20,193,Lipid Panel,2025-08-25,233,mg/dL,Normal,2025-08-26T16:00:00
3317,1983,20,197,Basic Metabolic Panel,2025-07-28,106,mg/dL,Normal,2025-07-29T00:00:00
3318,1984,20,195,Complete Blood Count,2025-01-24,13.8,g/dL,Abnormal,2025-01-26T23:00:00
3319,1985,20,193,Basic Metabolic Panel,2025-02-02,133,mg/dL,Critical,2025-02-02T13:00:00
3320,1985,20,196,HbA1c,2025-12-04,8.7,%,Normal,2025-12-04T14:00:00
3321,1986,20,198,Lipid Panel,2025-02-03,152,mg/dL,Normal,2025-02-04T07:00:00
3322,1986,20,198,Lipid Panel,2025-08-06,150,mg/dL,Normal,2025-08-06T13:00:00
3323,1986,20,194,Thyroid Panel,2025-03-05,5.6,mIU/L,Abnormal,2025-03-07T13:00:00
3324,1987,20,199,Complete Blood Count,2025-03-26,12.4,g/dL,Normal,2025-03-28T22:00:00
3325,1987,20,192,Lipid Panel,2025-11-15,216,mg/dL,Normal,2025-11-16T10:00:00
3326,1988,20,197,Lipid Panel,2025-11-04,126,mg/dL,Normal,2025-11-06T05:00:00
3327,1989,20,198,Lipid Panel,2025-03-07,208,mg/dL,Normal,2025-03-09T10:00:00
3328,1989,20,200,HbA1c,2025-12-04,9.9,%,Normal,2025-12-06T07:00:00
3329,1990,20,193,Lipid Panel,2025-04-27,233,mg/dL,Normal,2025-04-29T08:00:00
3330,1991,20,200,Thyroid Panel,2025-05-28,1.6,mIU/L,Abnormal,2025-05-29T11:00:00
3331,1991,20,194,HbA1c,2025-04-27,6.0,%,Normal,2025-04-28T15:00:00
3332,1991,20,199,HbA1c,2025-08-29,10.8,%,Normal,2025-08-30T13:00:00
3333,1992,20,198,Complete Blood Count,2025-07-19,12.6,g/dL,Normal,2025-07-21T02:00:00
3334,1993,20,199,Lipid Panel,2025-07-15,171,mg/dL,Normal,2025-07-15T14:00:00
3335,1993,20,198,Complete Blood Count,2025-02-21,9.4,g/dL,Normal,2025-02-22T10:00:00
3336,1993,20,199,Lipid Panel,2025-12-14,262,mg/dL,Normal,2025-12-15T23:00:00
3337,1994,20,192,Basic Metabolic Panel,2025-12-29,120,mg/dL,Normal,2025-12-31T12:00:00
3338,1995,20,197,Basic Metabolic Panel,2025-06-16,90,mg/dL,Abnormal,2025-06-17T16:00:00
3339,1995,20,193,Lipid Panel,2025-04-21,173,mg/dL,Critical,2025-04-23T08:00:00
3340,1995,20,193,Lipid Panel,2025-01-09,250,mg/dL,Normal,2025-01-11T04:00:00
3341,1996,20,195,Lipid Panel,2025-10-14,208,mg/dL,Abnormal,2025-10-16T06:00:00
3342,1996,20,200,Lipid Panel,2025-04-02,167,mg/dL,Critical,2025-04-04T10:00:00
3343,1997,20,197,Lipid Panel,2025-06-22,278,mg/dL,Normal,2025-06-23T01:00:00
3344,1998,20,197,Lipid Panel,2025-05-06,242,mg/dL,Abnormal,2025-05-06T16:00:00
3345,1999,20,191,HbA1c,2025-09-09,7.1,%,Normal,2025-09-10T05:00:00
3346,2000,20,198,HbA1c,2025-10-14,6.0,%,Normal,2025-10-17T00:00:00
3347,2001,21,209,HbA1c,2025-12-04,5.5,%,Normal,2025-12-04T16:00:00
3348,2002,21,207,Complete Blood Count,2025-05-27,12.6,g/dL,Normal,2025-05-29T06:00:00
3349,2003,21,208,HbA1c,2025-06-10,7.0,%,Normal,2025-06-12T10:00:00
3350,2003,21,208,Complete Blood Count,2025-05-09,11.3,g/dL,Normal,2025-05-11T00:00:00
3351,2004,21,202,HbA1c,2026-01-04,5.1,%,Normal,2026-01-05T05:00:00
3352,2005,21,206,HbA1c,2025-01-09,7.3,%,Critical,2025-01-11T00:00:00
3353,2005,21,202,Thyroid Panel,2025-10-31,5.9,mIU/L,Normal,2025-11-01T01:00:00
3354,2006,21,208,HbA1c,2025-01-31,9.7,%,Abnormal,2025-02-01T18:00:00
3355,2007,21,201,HbA1c,2025-03-23,5.6,%,Normal,2025-03-25T06:00:00
3356,2007,21,210,Basic Metabolic Panel,2025-03-11,77,mg/dL,Normal,2025-03-13T10:00:00
3357,2008,21,202,Lipid Panel,2025-05-05,266,mg/dL,Abnormal,2025-05-07T12:00:00
3358,2009,21,210,Basic Metabolic Panel,2025-09-30,124,mg/dL,Normal,2025-10-02T00:00:00
3359,2009,21,207,Complete Blood Count,2025-09-25,13.1,g/dL,Normal,2025-09-26T18:00:00
3360,2009,21,203,Basic Metabolic Panel,2025-09-05,127,mg/dL,Normal,2025-09-06T02:00:00
3361,2010,21,203,Lipid Panel,2025-11-30,232,mg/dL,Normal,2025-12-01T12:00:00
3362,2010,21,201,Basic Metabolic Panel,2025-12-23,108,mg/dL,Critical,2025-12-25T00:00:00
3363,2011,21,208,Thyroid Panel,2025-05-02,3.5,mIU/L,Normal,2025-05-04T17:00:00
3364,2011,21,204,Thyroid Panel,2025-12-24,7.2,mIU/L,Normal,2025-12-26T08:00:00
3365,2012,21,202,Basic Metabolic Panel,2025-06-08,107,mg/dL,Normal,2025-06-09T00:00:00
3366,2013,21,210,HbA1c,2025-03-05,5.7,%,Normal,2025-03-05T21:00:00
3367,2013,21,202,Thyroid Panel,2025-01-13,0.8,mIU/L,Normal,2025-01-15T13:00:00
3368,2014,21,205,HbA1c,2025-08-22,8.2,%,Critical,2025-08-24T15:00:00
3369,2014,21,208,Complete Blood Count,2025-01-01,14.4,g/dL,Normal,2025-01-01T20:00:00
3370,2015,21,207,HbA1c,2025-12-07,6.5,%,Normal,2025-12-09T12:00:00
3371,2015,21,207,HbA1c,2025-10-31,8.2,%,Critical,2025-11-01T16:00:00
3372,2016,21,202,Basic Metabolic Panel,2025-07-17,90,mg/dL,Normal,2025-07-19T20:00:00
3373,2016,21,201,HbA1c,2025-01-17,10.1,%,Normal,2025-01-17T13:00:00
3374,2016,21,206,HbA1c,2025-08-29,9.0,%,Normal,2025-08-30T00:00:00
3375,2017,21,205,Thyroid Panel,2025-04-06,3.6,mIU/L,Normal,2025-04-07T17:00:00
3376,2017,21,202,Thyroid Panel,2025-03-12,5.3,mIU/L,Normal,2025-03-14T00:00:00
3377,2018,21,204,Complete Blood Count,2025-10-31,14.3,g/dL,Abnormal,2025-11-01T17:00:00
3378,2019,21,206,Complete Blood Count,2025-03-24,9.5,g/dL,Normal,2025-03-25T17:00:00
3379,2020,21,205,Lipid Panel,2025-06-10,140,mg/dL,Normal,2025-06-12T03:00:00
3380,2021,21,209,Thyroid Panel,2025-11-10,6.2,mIU/L,Normal,2025-11-11T13:00:00
3381,2021,21,205,Basic Metabolic Panel,2025-05-07,120,mg/dL,Critical,2025-05-08T07:00:00
3382,2022,21,205,Lipid Panel,2025-12-30,198,mg/dL,Abnormal,2025-12-31T04:00:00
3383,2022,21,205,Thyroid Panel,2025-10-19,1.2,mIU/L,Normal,2025-10-21T23:00:00
3384,2023,21,210,Lipid Panel,2025-05-22,186,mg/dL,Normal,2025-05-24T01:00:00
3385,2024,21,205,Basic Metabolic Panel,2025-01-09,98,mg/dL,Abnormal,2025-01-10T21:00:00
3386,2025,21,209,Lipid Panel,2025-04-25,157,mg/dL,Normal,2025-04-25T15:00:00
3387,2025,21,209,Basic Metabolic Panel,2025-11-06,81,mg/dL,Normal,2025-11-08T10:00:00
3388,2026,21,210,Thyroid Panel,2025-09-25,5.2,mIU/L,Abnormal,2025-09-27T01:00:00
3389,2026,21,205,Complete Blood Count,2025-02-23,10.2,g/dL,Critical,2025-02-23T12:00:00
3390,2026,21,210,Basic Metabolic Panel,2025-02-01,81,mg/dL,Normal,2025-02-03T08:00:00
3391,2027,21,201,Basic Metabolic Panel,2025-06-04,106,mg/dL,Abnormal,2025-06-06T21:00:00
3392,2027,21,206,Lipid Panel,2025-11-19,193,mg/dL,Abnormal,2025-11-21T09:00:00
3393,2027,21,206,HbA1c,2025-10-27,7.6,%,Abnormal,2025-10-27T20:00:00
3394,2028,21,204,Complete Blood Count,2025-05-23,8.4,g/dL,Normal,2025-05-25T00:00:00
3395,2029,21,202,Lipid Panel,2025-04-25,276,mg/dL,Normal,2025-04-27T00:00:00
3396,2030,21,206,Complete Blood Count,2025-02-28,9.2,g/dL,Abnormal,2025-03-01T01:00:00
3397,2031,21,207,HbA1c,2025-11-01,7.9,%,Normal,2025-11-02T13:00:00
3398,2032,21,208,Complete Blood Count,2025-08-09,13.0,g/dL,Normal,2025-08-11T15:00:00
3399,2032,21,210,Thyroid Panel,2025-02-05,2.0,mIU/L,Abnormal,2025-02-06T04:00:00
3400,2033,21,204,HbA1c,2025-07-23,9.0,%,Normal,2025-07-24T12:00:00
3401,2033,21,202,Lipid Panel,2025-10-09,258,mg/dL,Normal,2025-10-10T11:00:00
3402,2034,21,203,Lipid Panel,2025-03-22,224,mg/dL,Normal,2025-03-24T23:00:00
3403,2035,21,204,Lipid Panel,2025-08-23,199,mg/dL,Normal,2025-08-24T06:00:00
3404,2036,21,202,Complete Blood Count,2025-12-06,10.7,g/dL,Abnormal,2025-12-07T16:00:00
3405,2037,21,207,Thyroid Panel,2025-01-17,6.7,mIU/L,Abnormal,2025-01-18T23:00:00
3406,2038,21,206,Lipid Panel,2025-05-24,265,mg/dL,Abnormal,2025-05-25T12:00:00
3407,2038,21,201,Lipid Panel,2025-11-28,142,mg/dL,Critical,2025-11-30T06:00:00
3408,2038,21,208,HbA1c,2025-05-15,4.9,%,Critical,2025-05-16T00:00:00
3409,2039,21,206,Complete Blood Count,2025-10-02,9.4,g/dL,Abnormal,2025-10-04T14:00:00
3410,2040,21,201,Lipid Panel,2025-10-14,161,mg/dL,Critical,2025-10-16T03:00:00
3411,2041,21,206,Lipid Panel,2026-01-20,234,mg/dL,Abnormal,2026-01-21T09:00:00
3412,2042,21,203,Lipid Panel,2025-03-10,171,mg/dL,Critical,2025-03-11T21:00:00
3413,2042,21,210,Lipid Panel,2025-03-11,122,mg/dL,Normal,2025-03-11T13:00:00
3414,2043,21,202,Lipid Panel,2025-01-06,172,mg/dL,Normal,2025-01-07T02:00:00
3415,2044,21,207,Basic Metabolic Panel,2025-02-04,121,mg/dL,Normal,2025-02-06T10:00:00
3416,2045,21,207,Basic Metabolic Panel,2025-01-06,111,mg/dL,Abnormal,2025-01-07T16:00:00
3417,2045,21,203,Basic Metabolic Panel,2026-01-20,109,mg/dL,Normal,2026-01-22T16:00:00
3418,2046,21,201,Lipid Panel,2025-11-25,191,mg/dL,Normal,2025-11-26T11:00:00
3419,2046,21,202,Lipid Panel,2026-01-12,179,mg/dL,Normal,2026-01-14T01:00:00
3420,2046,21,205,Basic Metabolic Panel,2025-05-01,86,mg/dL,Normal,2025-05-01T13:00:00
3421,2047,21,203,Complete Blood Count,2025-06-01,9.1,g/dL,Normal,2025-06-02T17:00:00
3422,2047,21,210,Complete Blood Count,2026-01-03,8.8,g/dL,Critical,2026-01-03T22:00:00
3423,2048,21,203,HbA1c,2025-07-11,4.8,%,Normal,2025-07-11T15:00:00
3424,2048,21,207,HbA1c,2025-10-07,8.8,%,Abnormal,2025-10-08T17:00:00
3425,2049,21,208,Basic Metabolic Panel,2025-05-14,106,mg/dL,Normal,2025-05-15T14:00:00
3426,2049,21,210,Lipid Panel,2025-01-26,187,mg/dL,Normal,2025-01-27T12:00:00
3427,2049,21,209,Lipid Panel,2025-08-14,257,mg/dL,Abnormal,2025-08-14T21:00:00
3428,2050,21,203,HbA1c,2025-02-02,7.8,%,Normal,2025-02-02T23:00:00
3429,2051,21,210,HbA1c,2026-01-24,7.0,%,Normal,2026-01-25T22:00:00
3430,2051,21,205,Thyroid Panel,2025-03-17,5.9,mIU/L,Normal,2025-03-20T00:00:00
3431,2052,21,204,Basic Metabolic Panel,2026-01-29,138,mg/dL,Normal,2026-02-01T00:00:00
3432,2053,21,203,Complete Blood Count,2025-01-25,8.8,g/dL,Normal,2025-01-25T19:00:00
3433,2054,21,201,Lipid Panel,2025-12-19,208,mg/dL,Normal,2025-12-20T23:00:00
3434,2054,21,210,Complete Blood Count,2025-02-07,14.0,g/dL,Abnormal,2025-02-08T17:00:00
3435,2054,21,208,HbA1c,2025-11-19,9.0,%,Normal,2025-11-21T23:00:00
3436,2055,21,202,Thyroid Panel,2025-11-13,7.8,mIU/L,Normal,2025-11-14T04:00:00
3437,2056,21,206,Complete Blood Count,2025-03-30,12.4,g/dL,Normal,2025-03-30T23:00:00
3438,2057,21,207,HbA1c,2025-10-13,6.1,%,Normal,2025-10-14T17:00:00
3439,2058,21,205,Lipid Panel,2025-02-27,156,mg/dL,Normal,2025-02-28T12:00:00
3440,2059,21,205,Thyroid Panel,2025-07-15,7.1,mIU/L,Critical,2025-07-17T18:00:00
3441,2059,21,204,Complete Blood Count,2025-04-11,14.2,g/dL,Critical,2025-04-12T00:00:00
3442,2060,21,208,Complete Blood Count,2025-09-23,10.7,g/dL,Normal,2025-09-24T19:00:00
3443,2061,21,206,Complete Blood Count,2025-01-11,10.4,g/dL,Normal,2025-01-13T15:00:00
3444,2061,21,206,Thyroid Panel,2026-01-28,5.6,mIU/L,Normal,2026-01-29T20:00:00
3445,2062,21,206,Lipid Panel,2025-09-12,234,mg/dL,Normal,2025-09-13T04:00:00
3446,2063,21,207,Basic Metabolic Panel,2025-03-23,91,mg/dL,Abnormal,2025-03-26T00:00:00
3447,2063,21,206,Basic Metabolic Panel,2025-05-18,94,mg/dL,Normal,2025-05-18T23:00:00
3448,2063,21,208,Basic Metabolic Panel,2025-03-29,105,mg/dL,Abnormal,2025-03-29T22:00:00
3449,2064,21,201,Basic Metabolic Panel,2025-07-24,75,mg/dL,Normal,2025-07-25T10:00:00
3450,2064,21,203,Thyroid Panel,2025-12-01,1.3,mIU/L,Normal,2025-12-02T11:00:00
3451,2065,21,203,Thyroid Panel,2025-02-06,2.5,mIU/L,Critical,2025-02-07T08:00:00
3452,2065,21,207,Lipid Panel,2025-03-19,130,mg/dL,Normal,2025-03-21T01:00:00
3453,2065,21,210,Basic Metabolic Panel,2025-08-12,94,mg/dL,Normal,2025-08-13T03:00:00
3454,2066,21,203,Basic Metabolic Panel,2025-11-15,87,mg/dL,Normal,2025-11-17T10:00:00
3455,2066,21,203,Complete Blood Count,2025-02-08,11.9,g/dL,Normal,2025-02-09T09:00:00
3456,2067,21,201,Thyroid Panel,2025-04-10,2.9,mIU/L,Abnormal,2025-04-11T01:00:00
3457,2067,21,204,Thyroid Panel,2025-01-21,6.2,mIU/L,Normal,2025-01-21T14:00:00
3458,2068,21,204,Lipid Panel,2025-11-25,136,mg/dL,Normal,2025-11-25T17:00:00
3459,2068,21,203,Complete Blood Count,2025-03-30,16.5,g/dL,Normal,2025-04-01T14:00:00
3460,2069,21,209,Complete Blood Count,2025-10-03,14.4,g/dL,Abnormal,2025-10-03T21:00:00
3461,2069,21,209,Basic Metabolic Panel,2025-09-13,133,mg/dL,Normal,2025-09-14T13:00:00
3462,2070,21,210,Complete Blood Count,2025-05-15,12.8,g/dL,Normal,2025-05-16T23:00:00
3463,2071,21,205,Lipid Panel,2025-01-22,120,mg/dL,Normal,2025-01-24T14:00:00
3464,2072,21,209,Basic Metabolic Panel,2025-11-23,121,mg/dL,Normal,2025-11-24T21:00:00
3465,2072,21,206,Thyroid Panel,2026-01-13,2.8,mIU/L,Normal,2026-01-14T12:00:00
3466,2073,21,207,HbA1c,2025-03-02,9.5,%,Normal,2025-03-04T02:00:00
3467,2074,21,205,Lipid Panel,2025-11-09,148,mg/dL,Abnormal,2025-11-09T21:00:00
3468,2075,21,203,Lipid Panel,2025-04-09,139,mg/dL,Normal,2025-04-09T23:00:00
3469,2076,21,201,HbA1c,2025-05-10,5.6,%,Normal,2025-05-11T22:00:00
3470,2076,21,202,HbA1c,2025-09-19,9.3,%,Abnormal,2025-09-21T22:00:00
3471,2077,21,202,Complete Blood Count,2025-11-11,12.2,g/dL,Normal,2025-11-12T16:00:00
3472,2077,21,207,Thyroid Panel,2025-11-10,5.0,mIU/L,Normal,2025-11-11T05:00:00
3473,2078,21,203,Thyroid Panel,2025-02-26,5.7,mIU/L,Normal,2025-02-28T11:00:00
3474,2078,21,201,Lipid Panel,2025-08-05,230,mg/dL,Normal,2025-08-06T14:00:00
3475,2079,21,203,Complete Blood Count,2025-06-28,8.6,g/dL,Normal,2025-06-30T23:00:00
3476,2079,21,203,Thyroid Panel,2025-10-06,2.9,mIU/L,Normal,2025-10-07T13:00:00
3477,2080,21,206,Complete Blood Count,2025-04-02,10.9,g/dL,Normal,2025-04-03T05:00:00
3478,2081,21,204,Thyroid Panel,2025-07-01,5.8,mIU/L,Normal,2025-07-02T23:00:00
3479,2081,21,207,Thyroid Panel,2025-10-17,1.6,mIU/L,Normal,2025-10-19T13:00:00
3480,2082,21,207,Thyroid Panel,2025-03-25,5.7,mIU/L,Normal,2025-03-27T16:00:00
3481,2083,21,204,Lipid Panel,2025-10-12,165,mg/dL,Normal,2025-10-14T20:00:00
3482,2084,21,210,Basic Metabolic Panel,2025-04-20,91,mg/dL,Normal,2025-04-22T16:00:00
3483,2084,21,202,Thyroid Panel,2025-02-28,2.9,mIU/L,Normal,2025-03-02T20:00:00
3484,2084,21,209,Basic Metabolic Panel,2025-07-23,87,mg/dL,Normal,2025-07-24T17:00:00
3485,2085,21,205,Complete Blood Count,2025-02-08,8.0,g/dL,Normal,2025-02-09T00:00:00
3486,2086,21,203,Lipid Panel,2026-01-03,177,mg/dL,Normal,2026-01-05T02:00:00
3487,2086,21,209,Thyroid Panel,2025-04-25,5.9,mIU/L,Abnormal,2025-04-26T10:00:00
3488,2087,21,210,Complete Blood Count,2025-06-16,12.8,g/dL,Critical,2025-06-18T09:00:00
3489,2088,21,201,Basic Metabolic Panel,2025-09-10,126,mg/dL,Normal,2025-09-11T12:00:00
3490,2088,21,201,Basic Metabolic Panel,2025-10-25,112,mg/dL,Normal,2025-10-25T22:00:00
3491,2089,21,209,Thyroid Panel,2025-12-01,1.1,mIU/L,Normal,2025-12-03T16:00:00
3492,2089,21,202,Thyroid Panel,2025-11-07,1.3,mIU/L,Critical,2025-11-08T16:00:00
3493,2089,21,202,Basic Metabolic Panel,2025-12-22,129,mg/dL,Normal,2025-12-22T19:00:00
3494,2090,21,210,Thyroid Panel,2025-10-05,5.3,mIU/L,Normal,2025-10-07T08:00:00
3495,2090,21,208,Lipid Panel,2026-01-02,124,mg/dL,Abnormal,2026-01-04T16:00:00
3496,2091,21,207,HbA1c,2025-07-24,9.0,%,Normal,2025-07-25T22:00:00
3497,2091,21,203,Thyroid Panel,2025-10-22,7.0,mIU/L,Normal,2025-10-24T17:00:00
3498,2092,21,204,HbA1c,2025-10-31,8.5,%,Abnormal,2025-11-02T00:00:00
3499,2093,21,206,Lipid Panel,2025-05-20,274,mg/dL,Normal,2025-05-22T06:00:00
3500,2094,21,208,HbA1c,2025-10-24,10.3,%,Normal,2025-10-26T19:00:00
3501,2094,21,208,HbA1c,2025-03-15,8.6,%,Normal,2025-03-17T12:00:00
3502,2095,21,205,Complete Blood Count,2025-10-21,14.9,g/dL,Normal,2025-10-23T03:00:00
3503,2096,21,201,Thyroid Panel,2025-08-23,6.3,mIU/L,Normal,2025-08-24T07:00:00
3504,2097,21,209,HbA1c,2025-10-20,9.0,%,Normal,2025-10-21T06:00:00
3505,2098,21,209,Lipid Panel,2025-09-16,275,mg/dL,Normal,2025-09-18T18:00:00
3506,2099,21,204,HbA1c,2025-09-23,10.0,%,Normal,2025-09-26T00:00:00
3507,2100,21,210,Thyroid Panel,2025-02-24,6.5,mIU/L,Normal,2025-02-25T12:00:00
3508,2101,22,211,HbA1c,2025-01-06,6.4,%,Normal,2025-01-08T14:00:00
3509,2101,22,219,Basic Metabolic Panel,2025-06-17,66,mg/dL,Normal,2025-06-17T22:00:00
3510,2102,22,211,Lipid Panel,2025-03-13,222,mg/dL,Normal,2025-03-14T17:00:00
3511,2102,22,217,HbA1c,2025-02-01,8.1,%,Abnormal,2025-02-01T13:00:00
3512,2102,22,213,HbA1c,2025-05-10,8.0,%,Normal,2025-05-11T10:00:00
3513,2103,22,211,Thyroid Panel,2025-10-21,7.1,mIU/L,Normal,2025-10-22T23:00:00
3514,2103,22,211,HbA1c,2025-12-08,7.6,%,Normal,2025-12-10T16:00:00
3515,2104,22,220,Basic Metabolic Panel,2026-01-16,98,mg/dL,Normal,2026-01-16T18:00:00
3516,2105,22,214,Complete Blood Count,2025-08-17,9.3,g/dL,Normal,2025-08-19T14:00:00
3517,2106,22,211,Lipid Panel,2025-12-14,131,mg/dL,Abnormal,2025-12-15T10:00:00
3518,2107,22,217,Complete Blood Count,2025-11-02,13.3,g/dL,Normal,2025-11-03T10:00:00
3519,2107,22,211,HbA1c,2025-02-19,7.0,%,Normal,2025-02-20T23:00:00
3520,2108,22,218,Thyroid Panel,2025-05-31,5.4,mIU/L,Normal,2025-06-01T15:00:00
3521,2108,22,211,Thyroid Panel,2026-01-05,6.2,mIU/L,Normal,2026-01-07T22:00:00
3522,2109,22,218,Lipid Panel,2025-11-26,226,mg/dL,Normal,2025-11-28T15:00:00
3523,2110,22,214,Basic Metabolic Panel,2025-12-19,112,mg/dL,Normal,2025-12-19T19:00:00
3524,2111,22,215,HbA1c,2025-05-10,10.7,%,Normal,2025-05-10T20:00:00
3525,2112,22,217,Basic Metabolic Panel,2025-12-07,100,mg/dL,Critical,2025-12-08T09:00:00
3526,2112,22,219,Basic Metabolic Panel,2025-03-26,112,mg/dL,Critical,2025-03-27T07:00:00
3527,2112,22,217,Lipid Panel,2025-03-01,152,mg/dL,Abnormal,2025-03-02T08:00:00
3528,2113,22,217,Basic Metabolic Panel,2025-06-11,82,mg/dL,Normal,2025-06-13T23:00:00
3529,2113,22,213,Lipid Panel,2025-03-05,166,mg/dL,Normal,2025-03-07T02:00:00
3530,2114,22,215,Basic Metabolic Panel,2025-05-13,68,mg/dL,Normal,2025-05-14T19:00:00
3531,2115,22,215,Thyroid Panel,2025-06-16,2.5,mIU/L,Normal,2025-06-17T11:00:00
3532,2115,22,220,Basic Metabolic Panel,2025-03-29,106,mg/dL,Abnormal,2025-03-29T18:00:00
3533,2115,22,214,Thyroid Panel,2025-01-04,2.0,mIU/L,Abnormal,2025-01-05T19:00:00
3534,2116,22,215,HbA1c,2025-04-22,9.2,%,Normal,2025-04-22T18:00:00
3535,2116,22,220,Complete Blood Count,2025-05-08,8.0,g/dL,Normal,2025-05-09T13:00:00
3536,2116,22,213,Complete Blood Count,2025-02-04,16.4,g/dL,Abnormal,2025-02-06T23:00:00
3537,2117,22,213,Basic Metabolic Panel,2025-03-22,128,mg/dL,Abnormal,2025-03-23T15:00:00
3538,2118,22,219,Lipid Panel,2025-06-27,278,mg/dL,Normal,2025-06-28T23:00:00
3539,2118,22,216,Thyroid Panel,2025-04-03,2.8,mIU/L,Normal,2025-04-05T01:00:00
3540,2119,22,216,Lipid Panel,2025-02-21,200,mg/dL,Normal,2025-02-22T13:00:00
3541,2120,22,218,HbA1c,2025-08-18,8.5,%,Normal,2025-08-18T16:00:00
3542,2120,22,211,Thyroid Panel,2025-01-25,6.9,mIU/L,Normal,2025-01-26T11:00:00
3543,2121,22,218,Basic Metabolic Panel,2025-05-18,104,mg/dL,Normal,2025-05-19T18:00:00
3544,2122,22,214,HbA1c,2025-06-02,9.5,%,Abnormal,2025-06-03T16:00:00
3545,2123,22,215,Complete Blood Count,2025-08-25,15.5,g/dL,Normal,2025-08-25T19:00:00
3546,2123,22,215,Thyroid Panel,2025-05-14,3.8,mIU/L,Abnormal,2025-05-15T06:00:00
3547,2124,22,211,HbA1c,2025-09-19,6.0,%,Normal,2025-09-20T22:00:00
3548,2124,22,214,Complete Blood Count,2025-08-04,12.8,g/dL,Abnormal,2025-08-04T17:00:00
3549,2125,22,214,Lipid Panel,2025-11-04,253,mg/dL,Normal,2025-11-04T23:00:00
3550,2126,22,218,Thyroid Panel,2025-03-31,4.4,mIU/L,Abnormal,2025-04-02T15:00:00
3551,2127,22,213,Basic Metabolic Panel,2025-09-01,134,mg/dL,Normal,2025-09-02T00:00:00
3552,2128,22,217,Lipid Panel,2025-12-17,200,mg/dL,Normal,2025-12-17T16:00:00
3553,2128,22,212,Basic Metabolic Panel,2025-07-29,104,mg/dL,Abnormal,2025-07-30T08:00:00
3554,2129,22,216,Lipid Panel,2025-09-20,243,mg/dL,Normal,2025-09-20T15:00:00
3555,2130,22,212,HbA1c,2025-09-02,7.3,%,Normal,2025-09-03T00:00:00
3556,2130,22,217,Basic Metabolic Panel,2026-01-12,76,mg/dL,Normal,2026-01-13T18:00:00
3557,2131,22,213,Thyroid Panel,2025-10-29,6.5,mIU/L,Normal,2025-10-31T23:00:00
3558,2132,22,214,Basic Metabolic Panel,2025-10-28,82,mg/dL,Normal,2025-10-30T02:00:00
3559,2133,22,217,HbA1c,2025-06-24,10.8,%,Normal,2025-06-24T15:00:00
3560,2133,22,220,Thyroid Panel,2025-12-20,6.4,mIU/L,Normal,2025-12-20T14:00:00
3561,2133,22,219,Thyroid Panel,2025-09-03,4.6,mIU/L,Normal,2025-09-04T02:00:00
3562,2134,22,214,HbA1c,2025-12-27,5.6,%,Normal,2025-12-27T17:00:00
3563,2134,22,217,Thyroid Panel,2025-05-28,2.5,mIU/L,Normal,2025-05-28T22:00:00
3564,2135,22,219,Thyroid Panel,2026-01-20,2.6,mIU/L,Abnormal,2026-01-23T00:00:00
3565,2136,22,218,Thyroid Panel,2025-03-29,3.2,mIU/L,Abnormal,2025-03-30T23:00:00
3566,2136,22,216,Basic Metabolic Panel,2025-11-22,107,mg/dL,Normal,2025-11-24T09:00:00
3567,2137,22,213,Thyroid Panel,2025-10-31,6.0,mIU/L,Normal,2025-10-31T15:00:00
3568,2137,22,212,Basic Metabolic Panel,2025-08-25,139,mg/dL,Normal,2025-08-27T10:00:00
3569,2138,22,212,Lipid Panel,2025-09-28,196,mg/dL,Normal,2025-09-29T22:00:00
3570,2138,22,220,Basic Metabolic Panel,2025-08-25,75,mg/dL,Critical,2025-08-25T12:00:00
3571,2139,22,219,HbA1c,2025-05-15,10.5,%,Normal,2025-05-17T23:00:00
3572,2139,22,212,HbA1c,2025-04-16,9.7,%,Normal,2025-04-17T15:00:00
3573,2140,22,219,Basic Metabolic Panel,2025-02-23,131,mg/dL,Normal,2025-02-23T17:00:00
3574,2140,22,214,Complete Blood Count,2025-09-15,9.9,g/dL,Abnormal,2025-09-16T09:00:00
3575,2140,22,219,Complete Blood Count,2025-10-23,15.0,g/dL,Normal,2025-10-24T03:00:00
3576,2141,22,219,Complete Blood Count,2025-06-22,10.5,g/dL,Normal,2025-06-24T00:00:00
3577,2141,22,211,Thyroid Panel,2026-01-04,5.4,mIU/L,Normal,2026-01-06T00:00:00
3578,2141,22,213,Complete Blood Count,2025-10-23,12.0,g/dL,Normal,2025-10-23T15:00:00
3579,2142,22,217,Basic Metabolic Panel,2025-04-17,139,mg/dL,Abnormal,2025-04-18T02:00:00
3580,2143,22,216,Thyroid Panel,2025-01-11,4.4,mIU/L,Abnormal,2025-01-13T12:00:00
3581,2144,22,211,HbA1c,2025-12-11,5.8,%,Normal,2025-12-12T13:00:00
3582,2144,22,212,Complete Blood Count,2025-10-27,13.2,g/dL,Normal,2025-10-27T17:00:00
3583,2144,22,219,Lipid Panel,2025-08-31,266,mg/dL,Normal,2025-09-01T07:00:00
3584,2145,22,216,Complete Blood Count,2025-08-07,10.2,g/dL,Normal,2025-08-07T14:00:00
3585,2145,22,219,HbA1c,2025-02-21,9.9,%,Normal,2025-02-23T18:00:00
3586,2145,22,212,Complete Blood Count,2025-02-01,10.6,g/dL,Normal,2025-02-03T20:00:00
3587,2146,22,218,Lipid Panel,2025-02-05,222,mg/dL,Normal,2025-02-07T21:00:00
3588,2147,22,219,Basic Metabolic Panel,2025-07-14,91,mg/dL,Normal,2025-07-16T12:00:00
3589,2147,22,218,Complete Blood Count,2025-06-28,10.0,g/dL,Abnormal,2025-06-29T20:00:00
3590,2148,22,214,Lipid Panel,2025-05-04,210,mg/dL,Normal,2025-05-06T15:00:00
3591,2149,22,216,Thyroid Panel,2026-01-20,2.8,mIU/L,Critical,2026-01-22T17:00:00
3592,2149,22,212,HbA1c,2025-05-30,8.6,%,Normal,2025-05-31T16:00:00
3593,2150,22,216,Basic Metabolic Panel,2025-05-03,113,mg/dL,Normal,2025-05-05T01:00:00
3594,2151,22,216,Complete Blood Count,2025-05-29,8.9,g/dL,Normal,2025-05-30T03:00:00
3595,2152,22,211,Lipid Panel,2025-05-03,250,mg/dL,Normal,2025-05-04T18:00:00
3596,2152,22,218,Complete Blood Count,2025-10-06,15.7,g/dL,Normal,2025-10-08T02:00:00
3597,2153,22,217,Basic Metabolic Panel,2025-06-25,65,mg/dL,Normal,2025-06-27T22:00:00
3598,2153,22,213,Thyroid Panel,2025-05-11,0.9,mIU/L,Normal,2025-05-12T04:00:00
3599,2154,22,217,Complete Blood Count,2025-02-23,8.3,g/dL,Critical,2025-02-25T03:00:00
3600,2154,22,218,HbA1c,2025-04-15,8.6,%,Normal,2025-04-16T09:00:00
3601,2155,22,215,Basic Metabolic Panel,2025-01-22,98,mg/dL,Critical,2025-01-23T11:00:00
3602,2155,22,211,Lipid Panel,2025-10-07,263,mg/dL,Normal,2025-10-07T12:00:00
3603,2156,22,211,HbA1c,2025-08-03,5.4,%,Normal,2025-08-04T01:00:00
3604,2156,22,219,Complete Blood Count,2025-05-13,10.4,g/dL,Normal,2025-05-15T07:00:00
3605,2156,22,212,Thyroid Panel,2025-04-28,6.1,mIU/L,Normal,2025-04-30T01:00:00
3606,2157,22,211,Thyroid Panel,2025-01-23,3.5,mIU/L,Normal,2025-01-24T14:00:00
3607,2158,22,220,Complete Blood Count,2025-03-30,13.1,g/dL,Normal,2025-03-31T20:00:00
3608,2159,22,220,Thyroid Panel,2025-05-19,3.8,mIU/L,Normal,2025-05-21T19:00:00
3609,2159,22,216,Complete Blood Count,2025-05-02,15.7,g/dL,Abnormal,2025-05-04T17:00:00
3610,2159,22,216,Thyroid Panel,2025-08-21,6.1,mIU/L,Abnormal,2025-08-21T20:00:00
3611,2160,22,215,Lipid Panel,2025-11-25,125,mg/dL,Abnormal,2025-11-26T15:00:00
3612,2161,22,212,Complete Blood Count,2025-05-19,14.8,g/dL,Abnormal,2025-05-21T13:00:00
3613,2161,22,211,Lipid Panel,2025-04-17,198,mg/dL,Normal,2025-04-19T01:00:00
3614,2161,22,219,Complete Blood Count,2025-04-16,12.6,g/dL,Normal,2025-04-17T23:00:00
3615,2162,22,216,Thyroid Panel,2025-04-30,2.0,mIU/L,Normal,2025-05-01T01:00:00
3616,2162,22,218,Basic Metabolic Panel,2025-05-09,66,mg/dL,Normal,2025-05-09T18:00:00
3617,2163,22,211,Thyroid Panel,2025-06-28,7.3,mIU/L,Normal,2025-06-29T00:00:00
3618,2164,22,217,Complete Blood Count,2025-03-07,9.7,g/dL,Normal,2025-03-08T13:00:00
3619,2164,22,215,Lipid Panel,2025-05-15,130,mg/dL,Normal,2025-05-15T16:00:00
3620,2165,22,214,Complete Blood Count,2026-01-06,13.5,g/dL,Normal,2026-01-08T05:00:00
3621,2166,22,211,HbA1c,2025-02-03,9.4,%,Normal,2025-02-03T13:00:00
3622,2167,22,220,HbA1c,2025-04-21,5.1,%,Normal,2025-04-21T22:00:00
3623,2167,22,214,Thyroid Panel,2025-01-31,5.3,mIU/L,Normal,2025-02-02T03:00:00
3624,2168,22,212,Lipid Panel,2026-01-20,156,mg/dL,Normal,2026-01-21T05:00:00
3625,2168,22,218,Complete Blood Count,2026-01-12,13.3,g/dL,Normal,2026-01-13T23:00:00
3626,2169,22,215,Thyroid Panel,2025-04-04,3.4,mIU/L,Normal,2025-04-04T23:00:00
3627,2169,22,218,HbA1c,2025-04-05,9.7,%,Normal,2025-04-06T06:00:00
3628,2170,22,214,Lipid Panel,2025-02-21,227,mg/dL,Normal,2025-02-21T18:00:00
3629,2170,22,220,Complete Blood Count,2025-06-06,8.3,g/dL,Normal,2025-06-07T12:00:00
3630,2171,22,217,Lipid Panel,2025-09-01,132,mg/dL,Normal,2025-09-01T12:00:00
3631,2172,22,213,Complete Blood Count,2025-03-19,16.4,g/dL,Normal,2025-03-21T13:00:00
3632,2173,22,214,Basic Metabolic Panel,2026-01-05,118,mg/dL,Normal,2026-01-05T20:00:00
3633,2173,22,216,Lipid Panel,2025-10-06,224,mg/dL,Normal,2025-10-08T01:00:00
3634,2174,22,218,Thyroid Panel,2025-01-31,2.7,mIU/L,Normal,2025-01-31T18:00:00
3635,2175,22,220,Complete Blood Count,2025-08-25,8.2,g/dL,Normal,2025-08-26T01:00:00
3636,2176,22,211,Basic Metabolic Panel,2025-03-24,86,mg/dL,Normal,2025-03-24T17:00:00
3637,2177,22,217,Thyroid Panel,2025-09-18,0.6,mIU/L,Abnormal,2025-09-19T18:00:00
3638,2177,22,217,Basic Metabolic Panel,2025-04-06,83,mg/dL,Normal,2025-04-06T19:00:00
3639,2178,22,216,HbA1c,2025-02-27,9.3,%,Normal,2025-02-28T19:00:00
3640,2178,22,213,Thyroid Panel,2025-02-05,6.5,mIU/L,Abnormal,2025-02-06T18:00:00
3641,2179,22,215,Lipid Panel,2025-01-28,224,mg/dL,Abnormal,2025-01-28T21:00:00
3642,2180,22,215,Lipid Panel,2025-07-04,167,mg/dL,Normal,2025-07-04T21:00:00
3643,2180,22,217,Complete Blood Count,2025-04-03,9.3,g/dL,Abnormal,2025-04-04T01:00:00
3644,2181,22,212,Lipid Panel,2025-10-26,124,mg/dL,Normal,2025-10-27T05:00:00
3645,2182,22,218,Lipid Panel,2025-11-12,216,mg/dL,Normal,2025-11-12T13:00:00
3646,2182,22,213,Basic Metabolic Panel,2025-06-11,110,mg/dL,Normal,2025-06-11T18:00:00
3647,2183,22,217,Complete Blood Count,2025-11-05,13.9,g/dL,Normal,2025-11-07T16:00:00
3648,2184,22,213,HbA1c,2025-12-21,10.7,%,Normal,2025-12-22T10:00:00
3649,2184,22,216,Complete Blood Count,2025-03-09,11.4,g/dL,Normal,2025-03-09T18:00:00
3650,2185,22,216,Thyroid Panel,2025-02-16,4.8,mIU/L,Abnormal,2025-02-16T22:00:00
3651,2185,22,219,Basic Metabolic Panel,2026-01-11,101,mg/dL,Abnormal,2026-01-13T02:00:00
3652,2186,22,215,Basic Metabolic Panel,2025-08-08,136,mg/dL,Abnormal,2025-08-10T14:00:00
3653,2186,22,219,Basic Metabolic Panel,2025-04-20,81,mg/dL,Normal,2025-04-21T17:00:00
3654,2186,22,211,Complete Blood Count,2025-05-18,12.5,g/dL,Normal,2025-05-19T07:00:00
3655,2187,22,214,Basic Metabolic Panel,2025-02-15,136,mg/dL,Normal,2025-02-17T00:00:00
3656,2188,22,215,Thyroid Panel,2025-03-08,6.8,mIU/L,Normal,2025-03-08T17:00:00
3657,2189,22,217,Thyroid Panel,2026-01-27,6.0,mIU/L,Critical,2026-01-28T21:00:00
3658,2190,22,214,Basic Metabolic Panel,2025-04-12,81,mg/dL,Normal,2025-04-14T14:00:00
3659,2190,22,214,HbA1c,2025-09-19,8.0,%,Normal,2025-09-20T15:00:00
3660,2191,22,211,Thyroid Panel,2025-04-25,1.5,mIU/L,Critical,2025-04-27T00:00:00
3661,2191,22,217,HbA1c,2025-04-06,6.3,%,Abnormal,2025-04-06T21:00:00
3662,2191,22,211,Lipid Panel,2025-03-27,136,mg/dL,Abnormal,2025-03-28T00:00:00
3663,2192,22,213,Complete Blood Count,2025-06-18,11.2,g/dL,Abnormal,2025-06-18T12:00:00
3664,2193,22,211,Complete Blood Count,2025-10-08,8.2,g/dL,Normal,2025-10-09T21:00:00
3665,2193,22,215,Basic Metabolic Panel,2025-05-03,123,mg/dL,Normal,2025-05-05T01:00:00
3666,2194,22,219,Thyroid Panel,2025-10-18,4.7,mIU/L,Normal,2025-10-18T17:00:00
3667,2195,22,211,Complete Blood Count,2025-02-17,13.2,g/dL,Normal,2025-02-18T12:00:00
3668,2196,22,213,Lipid Panel,2025-12-17,155,mg/dL,Normal,2025-12-18T19:00:00
3669,2196,22,218,Thyroid Panel,2026-01-31,5.5,mIU/L,Abnormal,2026-02-02T00:00:00
3670,2197,22,220,Complete Blood Count,2025-10-05,11.5,g/dL,Abnormal,2025-10-07T14:00:00
3671,2197,22,215,Thyroid Panel,2025-02-12,7.9,mIU/L,Abnormal,2025-02-15T00:00:00
3672,2198,22,217,Basic Metabolic Panel,2025-07-18,98,mg/dL,Normal,2025-07-19T03:00:00
3673,2198,22,211,Thyroid Panel,2025-10-29,6.6,mIU/L,Normal,2025-10-30T20:00:00
3674,2198,22,214,Lipid Panel,2025-03-02,231,mg/dL,Normal,2025-03-04T20:00:00
3675,2199,22,218,Complete Blood Count,2025-09-25,16.4,g/dL,Normal,2025-09-27T20:00:00
3676,2199,22,212,Thyroid Panel,2025-07-09,4.6,mIU/L,Normal,2025-07-11T08:00:00
3677,2200,22,220,HbA1c,2025-01-10,5.5,%,Normal,2025-01-11T00:00:00
3678,2200,22,211,Complete Blood Count,2025-06-15,11.3,g/dL,Normal,2025-06-17T12:00:00
3679,2201,23,221,Basic Metabolic Panel,2025-07-12,106,mg/dL,Normal,2025-07-15T00:00:00
3680,2202,23,225,Thyroid Panel,2025-05-20,7.2,mIU/L,Normal,2025-05-22T19:00:00
3681,2202,23,228,Lipid Panel,2025-02-18,133,mg/dL,Normal,2025-02-18T15:00:00
3682,2203,23,221,Lipid Panel,2025-02-16,258,mg/dL,Normal,2025-02-18T08:00:00
3683,2204,23,224,Thyroid Panel,2026-01-28,3.7,mIU/L,Critical,2026-01-29T06:00:00
3684,2204,23,223,Basic Metabolic Panel,2025-01-18,83,mg/dL,Normal,2025-01-19T21:00:00
3685,2204,23,222,Basic Metabolic Panel,2025-12-19,98,mg/dL,Abnormal,2025-12-20T08:00:00
3686,2205,23,226,Lipid Panel,2025-06-09,225,mg/dL,Critical,2025-06-09T22:00:00
3687,2206,23,228,Complete Blood Count,2025-02-14,8.1,g/dL,Normal,2025-02-14T22:00:00
3688,2207,23,229,Lipid Panel,2025-12-26,261,mg/dL,Normal,2025-12-27T09:00:00
3689,2207,23,222,Basic Metabolic Panel,2025-11-18,73,mg/dL,Abnormal,2025-11-18T23:00:00
3690,2207,23,226,HbA1c,2025-05-27,8.2,%,Abnormal,2025-05-29T06:00:00
3691,2208,23,221,Complete Blood Count,2025-03-30,12.2,g/dL,Normal,2025-03-31T02:00:00
3692,2209,23,221,Complete Blood Count,2025-10-15,8.8,g/dL,Normal,2025-10-16T03:00:00
3693,2210,23,221,Complete Blood Count,2026-01-17,14.5,g/dL,Normal,2026-01-19T22:00:00
3694,2211,23,223,Thyroid Panel,2025-11-18,6.0,mIU/L,Normal,2025-11-19T15:00:00
3695,2211,23,222,Lipid Panel,2025-12-02,127,mg/dL,Normal,2025-12-04T21:00:00
3696,2211,23,229,HbA1c,2026-01-12,4.6,%,Normal,2026-01-13T15:00:00
3697,2212,23,225,HbA1c,2025-01-24,7.0,%,Normal,2025-01-26T20:00:00
3698,2213,23,223,Basic Metabolic Panel,2025-04-23,118,mg/dL,Normal,2025-04-25T18:00:00
3699,2214,23,221,Complete Blood Count,2025-06-20,13.6,g/dL,Normal,2025-06-21T03:00:00
3700,2215,23,224,HbA1c,2025-03-18,7.7,%,Normal,2025-03-19T04:00:00
3701,2216,23,227,Complete Blood Count,2025-07-29,12.4,g/dL,Normal,2025-07-30T22:00:00
3702,2216,23,226,Complete Blood Count,2025-03-06,14.7,g/dL,Normal,2025-03-08T16:00:00
3703,2217,23,227,Basic Metabolic Panel,2025-09-18,65,mg/dL,Abnormal,2025-09-19T13:00:00
3704,2217,23,227,HbA1c,2025-07-24,10.6,%,Normal,2025-07-27T00:00:00
3705,2217,23,223,HbA1c,2025-11-15,10.9,%,Normal,2025-11-17T20:00:00
3706,2218,23,229,Basic Metabolic Panel,2025-05-19,130,mg/dL,Normal,2025-05-21T14:00:00
3707,2218,23,228,Basic Metabolic Panel,2025-12-06,75,mg/dL,Normal,2025-12-06T22:00:00
3708,2218,23,224,HbA1c,2025-07-31,4.6,%,Normal,2025-08-02T23:00:00
3709,2219,23,229,Thyroid Panel,2025-06-04,4.0,mIU/L,Normal,2025-06-04T21:00:00
3710,2219,23,226,HbA1c,2025-06-07,9.8,%,Normal,2025-06-07T15:00:00
3711,2220,23,227,Thyroid Panel,2025-02-26,1.5,mIU/L,Normal,2025-02-26T21:00:00
3712,2221,23,227,HbA1c,2026-01-20,8.4,%,Normal,2026-01-21T10:00:00
3713,2221,23,225,Thyroid Panel,2025-01-09,6.3,mIU/L,Normal,2025-01-10T13:00:00
3714,2222,23,225,Complete Blood Count,2025-02-21,14.9,g/dL,Abnormal,2025-02-23T06:00:00
3715,2223,23,224,Thyroid Panel,2025-09-29,4.5,mIU/L,Normal,2025-09-29T21:00:00
3716,2224,23,227,Lipid Panel,2025-04-26,198,mg/dL,Normal,2025-04-27T09:00:00
3717,2225,23,229,Thyroid Panel,2026-01-06,6.5,mIU/L,Normal,2026-01-06T16:00:00
3718,2225,23,225,Thyroid Panel,2025-10-02,6.5,mIU/L,Critical,2025-10-02T13:00:00
3719,2226,23,221,HbA1c,2025-02-21,10.0,%,Normal,2025-02-21T14:00:00
3720,2227,23,226,HbA1c,2026-01-19,5.8,%,Normal,2026-01-20T05:00:00
3721,2228,23,224,Complete Blood Count,2025-07-25,9.1,g/dL,Normal,2025-07-25T15:00:00
3722,2228,23,229,Basic Metabolic Panel,2025-05-03,65,mg/dL,Normal,2025-05-04T19:00:00
3723,2229,23,229,Basic Metabolic Panel,2025-01-30,71,mg/dL,Normal,2025-01-31T00:00:00
3724,2229,23,224,Complete Blood Count,2025-10-09,13.4,g/dL,Normal,2025-10-11T16:00:00
3725,2230,23,221,Complete Blood Count,2025-05-22,8.8,g/dL,Critical,2025-05-22T14:00:00
3726,2230,23,224,HbA1c,2025-09-01,10.5,%,Normal,2025-09-03T16:00:00
3727,2231,23,228,Complete Blood Count,2025-08-27,13.3,g/dL,Normal,2025-08-29T12:00:00
3728,2232,23,222,Basic Metabolic Panel,2026-01-25,84,mg/dL,Normal,2026-01-28T00:00:00
3729,2233,23,221,Thyroid Panel,2025-10-25,2.3,mIU/L,Normal,2025-10-27T05:00:00
3730,2233,23,228,Thyroid Panel,2025-07-06,2.8,mIU/L,Normal,2025-07-08T22:00:00
3731,2234,23,224,Basic Metabolic Panel,2025-04-25,108,mg/dL,Normal,2025-04-26T09:00:00
3732,2235,23,221,Basic Metabolic Panel,2025-10-13,86,mg/dL,Normal,2025-10-14T21:00:00
3733,2235,23,228,Thyroid Panel,2025-08-30,6.0,mIU/L,Abnormal,2025-08-30T20:00:00
3734,2236,23,221,Lipid Panel,2025-02-27,239,mg/dL,Normal,2025-03-02T00:00:00
3735,2236,23,227,Complete Blood Count,2025-09-20,13.0,g/dL,Abnormal,2025-09-20T19:00:00
3736,2237,23,223,Lipid Panel,2025-12-13,171,mg/dL,Abnormal,2025-12-15T02:00:00
3737,2238,23,227,HbA1c,2026-02-01,7.6,%,Normal,2026-02-01T19:00:00
3738,2238,23,228,HbA1c,2025-01-21,9.9,%,Abnormal,2025-01-22T16:00:00
3739,2239,23,222,Complete Blood Count,2025-05-27,9.6,g/dL,Normal,2025-05-28T23:00:00
3740,2239,23,229,HbA1c,2025-08-27,9.6,%,Critical,2025-08-29T19:00:00
3741,2240,23,223,HbA1c,2025-05-31,8.8,%,Abnormal,2025-06-01T00:00:00
3742,2241,23,227,Lipid Panel,2025-03-04,161,mg/dL,Normal,2025-03-05T13:00:00
3743,2242,23,227,Thyroid Panel,2025-07-15,5.5,mIU/L,Normal,2025-07-16T23:00:00
3744,2242,23,228,HbA1c,2025-08-30,7.1,%,Normal,2025-08-30T13:00:00
3745,2243,23,226,Complete Blood Count,2025-12-20,11.9,g/dL,Normal,2025-12-20T19:00:00
3746,2244,23,226,Lipid Panel,2025-06-14,142,mg/dL,Abnormal,2025-06-14T15:00:00
3747,2244,23,227,HbA1c,2025-07-18,9.9,%,Normal,2025-07-18T16:00:00
3748,2245,23,224,Lipid Panel,2025-01-24,213,mg/dL,Critical,2025-01-27T00:00:00
3749,2245,23,229,HbA1c,2025-03-22,10.3,%,Abnormal,2025-03-23T06:00:00
3750,2245,23,222,Thyroid Panel,2025-04-24,4.4,mIU/L,Normal,2025-04-26T00:00:00
3751,2246,23,225,Thyroid Panel,2025-01-13,0.8,mIU/L,Normal,2025-01-13T12:00:00
3752,2246,23,222,Basic Metabolic Panel,2025-01-08,74,mg/dL,Abnormal,2025-01-09T08:00:00
3753,2247,23,222,HbA1c,2025-07-13,10.4,%,Abnormal,2025-07-14T18:00:00
3754,2248,23,229,Basic Metabolic Panel,2025-07-26,102,mg/dL,Abnormal,2025-07-28T09:00:00
3755,2248,23,224,Thyroid Panel,2025-04-30,6.9,mIU/L,Normal,2025-05-01T07:00:00
3756,2249,23,226,Complete Blood Count,2026-01-25,15.4,g/dL,Abnormal,2026-01-26T05:00:00
3757,2250,23,223,Basic Metabolic Panel,2025-10-27,129,mg/dL,Normal,2025-10-29T14:00:00
3758,2251,23,226,Basic Metabolic Panel,2025-10-10,96,mg/dL,Normal,2025-10-11T09:00:00
3759,2251,23,222,Lipid Panel,2026-01-30,259,mg/dL,Abnormal,2026-01-30T16:00:00
3760,2251,23,228,HbA1c,2025-03-10,9.7,%,Normal,2025-03-11T02:00:00
3761,2252,23,228,Thyroid Panel,2025-07-05,1.1,mIU/L,Normal,2025-07-06T04:00:00
3762,2252,23,221,Thyroid Panel,2025-04-27,3.9,mIU/L,Normal,2025-04-29T10:00:00
3763,2253,23,225,Basic Metabolic Panel,2026-01-31,112,mg/dL,Normal,2026-02-01T05:00:00
3764,2254,23,223,Complete Blood Count,2025-08-15,11.2,g/dL,Normal,2025-08-15T18:00:00
3765,2255,23,229,Basic Metabolic Panel,2025-07-05,80,mg/dL,Abnormal,2025-07-06T12:00:00
3766,2256,23,228,Thyroid Panel,2026-01-21,8.0,mIU/L,Normal,2026-01-22T02:00:00
3767,2256,23,221,Lipid Panel,2025-09-07,145,mg/dL,Normal,2025-09-08T08:00:00
3768,2257,23,221,Lipid Panel,2025-06-01,233,mg/dL,Normal,2025-06-03T16:00:00
3769,2258,23,226,Basic Metabolic Panel,2025-07-16,88,mg/dL,Normal,2025-07-16T15:00:00
3770,2259,23,225,Basic Metabolic Panel,2025-07-26,132,mg/dL,Abnormal,2025-07-26T21:00:00
3771,2260,23,229,HbA1c,2025-08-18,11.0,%,Normal,2025-08-19T14:00:00
3772,2261,23,228,Basic Metabolic Panel,2025-03-15,91,mg/dL,Critical,2025-03-16T18:00:00
3773,2262,23,224,HbA1c,2025-10-08,5.9,%,Normal,2025-10-10T22:00:00
3774,2262,23,227,Lipid Panel,2025-11-06,211,mg/dL,Normal,2025-11-06T20:00:00
3775,2262,23,229,Basic Metabolic Panel,2025-09-01,129,mg/dL,Normal,2025-09-03T02:00:00
3776,2263,23,221,HbA1c,2025-09-25,7.9,%,Normal,2025-09-26T13:00:00
3777,2263,23,224,Lipid Panel,2025-12-22,134,mg/dL,Abnormal,2025-12-23T09:00:00
3778,2263,23,224,HbA1c,2025-01-14,4.5,%,Normal,2025-01-16T07:00:00
3779,2264,23,223,Basic Metabolic Panel,2025-10-23,90,mg/dL,Abnormal,2025-10-24T14:00:00
3780,2264,23,226,Thyroid Panel,2025-08-08,6.9,mIU/L,Normal,2025-08-11T00:00:00
3781,2265,23,224,HbA1c,2025-01-30,7.2,%,Normal,2025-02-01T11:00:00
3782,2266,23,228,Basic Metabolic Panel,2025-06-26,108,mg/dL,Normal,2025-06-27T04:00:00
3783,2266,23,222,Thyroid Panel,2025-01-15,5.7,mIU/L,Abnormal,2025-01-16T03:00:00
3784,2267,23,223,Lipid Panel,2025-04-18,242,mg/dL,Normal,2025-04-20T19:00:00
3785,2267,23,223,Basic Metabolic Panel,2025-04-03,91,mg/dL,Abnormal,2025-04-03T15:00:00
3786,2268,23,223,Basic Metabolic Panel,2025-02-24,78,mg/dL,Normal,2025-02-26T12:00:00
3787,2269,23,226,Basic Metabolic Panel,2025-11-07,119,mg/dL,Critical,2025-11-07T19:00:00
3788,2270,23,223,Complete Blood Count,2025-03-22,15.0,g/dL,Abnormal,2025-03-24T03:00:00
3789,2271,23,225,HbA1c,2025-07-26,9.9,%,Normal,2025-07-28T00:00:00
3790,2272,23,223,Complete Blood Count,2025-10-24,15.5,g/dL,Normal,2025-10-24T12:00:00
3791,2273,23,223,Lipid Panel,2025-04-03,127,mg/dL,Normal,2025-04-05T11:00:00
3792,2273,23,230,Thyroid Panel,2025-05-17,0.4,mIU/L,Normal,2025-05-17T23:00:00
3793,2273,23,225,Basic Metabolic Panel,2025-02-01,74,mg/dL,Normal,2025-02-02T15:00:00
3794,2274,23,228,Basic Metabolic Panel,2025-04-21,67,mg/dL,Critical,2025-04-23T15:00:00
3795,2274,23,227,Lipid Panel,2025-01-21,234,mg/dL,Normal,2025-01-23T20:00:00
3796,2274,23,221,Complete Blood Count,2025-04-12,10.6,g/dL,Normal,2025-04-13T01:00:00
3797,2275,23,223,HbA1c,2025-07-12,10.5,%,Normal,2025-07-14T00:00:00
3798,2275,23,222,Basic Metabolic Panel,2025-10-16,85,mg/dL,Abnormal,2025-10-17T05:00:00
3799,2276,23,224,Thyroid Panel,2025-04-24,0.3,mIU/L,Normal,2025-04-26T00:00:00
3800,2277,23,226,HbA1c,2025-06-29,4.9,%,Abnormal,2025-07-01T03:00:00
3801,2278,23,229,HbA1c,2025-11-06,5.2,%,Abnormal,2025-11-07T02:00:00
3802,2278,23,224,Lipid Panel,2025-12-25,238,mg/dL,Critical,2025-12-25T22:00:00
3803,2279,23,229,Complete Blood Count,2025-10-21,9.4,g/dL,Abnormal,2025-10-21T19:00:00
3804,2280,23,221,HbA1c,2025-10-16,10.8,%,Normal,2025-10-18T16:00:00
3805,2281,23,227,Basic Metabolic Panel,2025-07-22,122,mg/dL,Normal,2025-07-24T05:00:00
3806,2282,23,223,Thyroid Panel,2025-07-02,5.3,mIU/L,Normal,2025-07-03T01:00:00
3807,2283,23,230,HbA1c,2026-01-06,4.7,%,Normal,2026-01-06T12:00:00
3808,2284,23,225,Complete Blood Count,2025-09-11,11.8,g/dL,Abnormal,2025-09-12T11:00:00
3809,2284,23,221,Lipid Panel,2025-10-07,131,mg/dL,Normal,2025-10-07T12:00:00
3810,2285,23,230,Lipid Panel,2025-01-24,272,mg/dL,Normal,2025-01-24T22:00:00
3811,2285,23,222,HbA1c,2025-06-03,9.5,%,Abnormal,2025-06-05T20:00:00
3812,2285,23,230,Complete Blood Count,2025-10-05,10.5,g/dL,Abnormal,2025-10-07T00:00:00
3813,2286,23,223,Lipid Panel,2025-04-09,209,mg/dL,Normal,2025-04-10T03:00:00
3814,2286,23,221,Lipid Panel,2025-07-03,182,mg/dL,Normal,2025-07-03T16:00:00
3815,2287,23,226,HbA1c,2025-01-31,10.0,%,Normal,2025-01-31T19:00:00
3816,2287,23,224,HbA1c,2026-01-03,6.3,%,Abnormal,2026-01-05T07:00:00
3817,2288,23,227,Thyroid Panel,2025-10-11,4.2,mIU/L,Normal,2025-10-13T15:00:00
3818,2289,23,224,Thyroid Panel,2025-05-06,1.8,mIU/L,Abnormal,2025-05-07T00:00:00
3819,2289,23,225,Lipid Panel,2025-03-25,220,mg/dL,Normal,2025-03-27T01:00:00
3820,2290,23,229,Complete Blood Count,2026-01-18,11.1,g/dL,Normal,2026-01-20T11:00:00
3821,2291,23,222,Lipid Panel,2026-01-21,188,mg/dL,Normal,2026-01-22T05:00:00
3822,2291,23,230,Complete Blood Count,2025-06-20,12.0,g/dL,Normal,2025-06-22T12:00:00
3823,2292,23,230,Thyroid Panel,2025-01-29,5.0,mIU/L,Normal,2025-01-29T19:00:00
3824,2293,23,227,Lipid Panel,2025-09-04,139,mg/dL,Normal,2025-09-05T17:00:00
3825,2293,23,226,HbA1c,2025-01-08,5.5,%,Normal,2025-01-09T12:00:00
3826,2293,23,225,Complete Blood Count,2025-08-18,13.1,g/dL,Normal,2025-08-19T09:00:00
3827,2294,23,230,Lipid Panel,2025-07-22,166,mg/dL,Normal,2025-07-23T16:00:00
3828,2294,23,224,Complete Blood Count,2025-04-29,12.3,g/dL,Normal,2025-05-01T10:00:00
3829,2295,23,225,Basic Metabolic Panel,2025-03-19,105,mg/dL,Abnormal,2025-03-21T06:00:00
3830,2295,23,227,HbA1c,2025-03-14,7.0,%,Normal,2025-03-16T08:00:00
3831,2295,23,230,Basic Metabolic Panel,2025-08-18,80,mg/dL,Abnormal,2025-08-20T15:00:00
3832,2296,23,230,Thyroid Panel,2026-01-15,1.5,mIU/L,Normal,2026-01-17T20:00:00
3833,2297,23,223,HbA1c,2025-03-27,4.9,%,Normal,2025-03-29T09:00:00
3834,2298,23,224,HbA1c,2025-06-12,6.8,%,Normal,2025-06-12T18:00:00
3835,2299,23,223,Complete Blood Count,2025-02-23,13.2,g/dL,Normal,2025-02-24T07:00:00
3836,2299,23,221,Thyroid Panel,2025-09-06,6.9,mIU/L,Normal,2025-09-08T22:00:00
3837,2300,23,225,Basic Metabolic Panel,2025-07-11,81,mg/dL,Abnormal,2025-07-13T08:00:00
3838,2300,23,223,Lipid Panel,2025-09-14,143,mg/dL,Normal,2025-09-15T22:00:00
3839,2301,24,236,Thyroid Panel,2025-10-30,6.4,mIU/L,Abnormal,2025-10-30T23:00:00
3840,2301,24,231,HbA1c,2025-09-05,9.5,%,Normal,2025-09-06T19:00:00
3841,2302,24,237,Thyroid Panel,2025-04-17,1.8,mIU/L,Normal,2025-04-19T20:00:00
3842,2303,24,240,Thyroid Panel,2025-02-18,3.6,mIU/L,Abnormal,2025-02-19T10:00:00
3843,2304,24,233,HbA1c,2025-10-05,7.5,%,Normal,2025-10-07T06:00:00
3844,2304,24,237,HbA1c,2025-09-24,4.9,%,Normal,2025-09-25T09:00:00
3845,2304,24,236,Thyroid Panel,2026-01-14,4.4,mIU/L,Normal,2026-01-15T22:00:00
3846,2305,24,237,Basic Metabolic Panel,2025-07-27,82,mg/dL,Normal,2025-07-29T14:00:00
3847,2305,24,239,HbA1c,2025-03-06,7.1,%,Normal,2025-03-08T06:00:00
3848,2306,24,235,Lipid Panel,2026-01-13,201,mg/dL,Normal,2026-01-14T11:00:00
3849,2307,24,233,Thyroid Panel,2025-04-04,1.5,mIU/L,Normal,2025-04-06T19:00:00
3850,2307,24,232,Thyroid Panel,2026-01-09,1.7,mIU/L,Normal,2026-01-11T14:00:00
3851,2308,24,233,HbA1c,2025-10-10,7.4,%,Normal,2025-10-11T14:00:00
3852,2308,24,235,Lipid Panel,2025-02-16,123,mg/dL,Critical,2025-02-18T18:00:00
3853,2309,24,234,HbA1c,2025-10-19,5.1,%,Normal,2025-10-21T00:00:00
3854,2309,24,231,Complete Blood Count,2025-12-02,13.4,g/dL,Normal,2025-12-03T14:00:00
3855,2310,24,238,Complete Blood Count,2025-07-24,9.2,g/dL,Normal,2025-07-24T12:00:00
3856,2310,24,236,Complete Blood Count,2025-07-04,16.7,g/dL,Normal,2025-07-05T15:00:00
3857,2311,24,235,Complete Blood Count,2025-04-29,8.2,g/dL,Normal,2025-05-01T03:00:00
3858,2312,24,232,Thyroid Panel,2025-07-09,2.0,mIU/L,Normal,2025-07-11T12:00:00
3859,2312,24,240,Lipid Panel,2025-03-24,154,mg/dL,Abnormal,2025-03-25T07:00:00
3860,2313,24,240,Lipid Panel,2025-01-03,217,mg/dL,Normal,2025-01-05T08:00:00
3861,2314,24,239,Lipid Panel,2025-09-06,238,mg/dL,Normal,2025-09-08T06:00:00
3862,2314,24,237,HbA1c,2025-12-17,7.1,%,Normal,2025-12-19T11:00:00
3863,2314,24,231,Basic Metabolic Panel,2025-03-08,120,mg/dL,Normal,2025-03-09T13:00:00
3864,2315,24,236,Complete Blood Count,2025-06-16,8.1,g/dL,Normal,2025-06-17T02:00:00
3865,2315,24,234,HbA1c,2025-08-16,7.3,%,Normal,2025-08-18T16:00:00
3866,2316,24,234,Complete Blood Count,2025-04-12,9.9,g/dL,Normal,2025-04-14T14:00:00
3867,2317,24,240,HbA1c,2025-02-17,6.3,%,Normal,2025-02-18T15:00:00
3868,2318,24,232,Basic Metabolic Panel,2025-05-22,109,mg/dL,Abnormal,2025-05-24T21:00:00
3869,2318,24,232,Lipid Panel,2025-04-02,237,mg/dL,Normal,2025-04-03T17:00:00
3870,2318,24,237,Thyroid Panel,2025-08-04,3.1,mIU/L,Abnormal,2025-08-06T21:00:00
3871,2319,24,234,HbA1c,2025-04-03,8.4,%,Critical,2025-04-05T03:00:00
3872,2320,24,237,Complete Blood Count,2025-06-24,12.3,g/dL,Normal,2025-06-24T18:00:00
3873,2320,24,238,Complete Blood Count,2025-09-11,17.0,g/dL,Normal,2025-09-13T03:00:00
3874,2321,24,235,Lipid Panel,2025-03-28,130,mg/dL,Normal,2025-03-29T06:00:00
3875,2322,24,235,HbA1c,2025-09-12,5.0,%,Normal,2025-09-12T22:00:00
3876,2323,24,236,Lipid Panel,2025-07-19,248,mg/dL,Normal,2025-07-21T00:00:00
3877,2324,24,231,Lipid Panel,2025-05-31,211,mg/dL,Normal,2025-06-02T13:00:00
3878,2324,24,234,Basic Metabolic Panel,2025-08-03,82,mg/dL,Normal,2025-08-04T23:00:00
3879,2325,24,238,Lipid Panel,2025-09-22,170,mg/dL,Abnormal,2025-09-23T15:00:00
3880,2326,24,231,Complete Blood Count,2025-04-27,13.4,g/dL,Abnormal,2025-04-28T20:00:00
3881,2327,24,236,Basic Metabolic Panel,2025-03-31,99,mg/dL,Normal,2025-03-31T17:00:00
3882,2327,24,235,Lipid Panel,2025-10-30,202,mg/dL,Normal,2025-11-01T02:00:00
3883,2328,24,240,Lipid Panel,2025-10-01,242,mg/dL,Normal,2025-10-01T16:00:00
3884,2328,24,237,Complete Blood Count,2025-11-28,10.7,g/dL,Normal,2025-11-30T04:00:00
3885,2329,24,234,Basic Metabolic Panel,2025-09-25,129,mg/dL,Normal,2025-09-26T04:00:00
3886,2330,24,237,Basic Metabolic Panel,2025-10-05,75,mg/dL,Normal,2025-10-07T12:00:00
3887,2331,24,236,Basic Metabolic Panel,2025-08-01,97,mg/dL,Normal,2025-08-03T18:00:00
3888,2331,24,237,Lipid Panel,2025-10-11,223,mg/dL,Abnormal,2025-10-13T23:00:00
3889,2332,24,232,HbA1c,2025-12-22,8.8,%,Normal,2025-12-22T17:00:00
3890,2332,24,239,Thyroid Panel,2025-01-31,4.7,mIU/L,Normal,2025-01-31T21:00:00
3891,2332,24,233,Thyroid Panel,2025-01-06,6.8,mIU/L,Normal,2025-01-08T13:00:00
3892,2333,24,238,Thyroid Panel,2025-05-29,3.3,mIU/L,Normal,2025-05-30T03:00:00
3893,2334,24,237,Complete Blood Count,2025-01-19,11.0,g/dL,Abnormal,2025-01-20T02:00:00
3894,2334,24,238,HbA1c,2025-10-31,10.4,%,Normal,2025-11-01T20:00:00
3895,2335,24,238,Basic Metabolic Panel,2025-01-12,92,mg/dL,Normal,2025-01-14T16:00:00
3896,2336,24,232,Thyroid Panel,2025-04-04,7.5,mIU/L,Normal,2025-04-06T11:00:00
3897,2336,24,237,Basic Metabolic Panel,2025-11-25,138,mg/dL,Abnormal,2025-11-26T05:00:00
3898,2337,24,239,Basic Metabolic Panel,2025-11-28,130,mg/dL,Normal,2025-11-29T20:00:00
3899,2337,24,234,Thyroid Panel,2025-12-13,6.2,mIU/L,Abnormal,2025-12-15T02:00:00
3900,2338,24,238,Lipid Panel,2025-08-01,266,mg/dL,Normal,2025-08-02T01:00:00
3901,2339,24,239,Thyroid Panel,2025-09-15,7.0,mIU/L,Normal,2025-09-17T12:00:00
3902,2339,24,237,Complete Blood Count,2025-06-11,14.7,g/dL,Critical,2025-06-13T15:00:00
3903,2340,24,231,HbA1c,2025-03-13,8.2,%,Normal,2025-03-15T17:00:00
3904,2341,24,235,Thyroid Panel,2025-12-25,3.6,mIU/L,Normal,2025-12-27T12:00:00
3905,2342,24,238,Complete Blood Count,2025-04-16,11.7,g/dL,Abnormal,2025-04-16T23:00:00
3906,2342,24,232,Basic Metabolic Panel,2025-10-23,85,mg/dL,Critical,2025-10-25T23:00:00
3907,2342,24,231,Basic Metabolic Panel,2025-10-25,89,mg/dL,Normal,2025-10-27T01:00:00
3908,2343,24,240,Complete Blood Count,2025-10-18,14.1,g/dL,Normal,2025-10-20T16:00:00
3909,2343,24,233,Basic Metabolic Panel,2025-10-15,80,mg/dL,Normal,2025-10-15T21:00:00
3910,2344,24,234,Lipid Panel,2025-02-16,238,mg/dL,Abnormal,2025-02-17T17:00:00
3911,2345,24,239,Basic Metabolic Panel,2025-11-09,104,mg/dL,Normal,2025-11-10T04:00:00
3912,2345,24,240,HbA1c,2025-04-16,5.5,%,Normal,2025-04-18T09:00:00
3913,2345,24,239,Lipid Panel,2025-12-12,142,mg/dL,Normal,2025-12-14T13:00:00
3914,2346,24,240,Complete Blood Count,2025-07-03,9.0,g/dL,Normal,2025-07-05T13:00:00
3915,2347,24,238,Complete Blood Count,2025-11-03,16.9,g/dL,Normal,2025-11-03T23:00:00
3916,2347,24,236,Thyroid Panel,2025-01-02,3.7,mIU/L,Normal,2025-01-03T11:00:00
3917,2347,24,240,Thyroid Panel,2025-05-20,1.6,mIU/L,Normal,2025-05-21T02:00:00
3918,2348,24,235,Lipid Panel,2025-12-24,133,mg/dL,Abnormal,2025-12-24T21:00:00
3919,2348,24,232,Basic Metabolic Panel,2025-02-27,133,mg/dL,Normal,2025-02-28T14:00:00
3920,2349,24,231,Basic Metabolic Panel,2025-11-25,113,mg/dL,Normal,2025-11-26T05:00:00
3921,2349,24,232,HbA1c,2025-09-28,10.2,%,Abnormal,2025-09-30T01:00:00
3922,2349,24,231,Complete Blood Count,2025-05-10,11.4,g/dL,Abnormal,2025-05-12T20:00:00
3923,2350,24,233,Thyroid Panel,2025-01-01,1.0,mIU/L,Critical,2025-01-02T00:00:00
3924,2350,24,231,Complete Blood Count,2025-11-03,12.3,g/dL,Normal,2025-11-03T21:00:00
3925,2350,24,235,Complete Blood Count,2025-01-25,12.0,g/dL,Normal,2025-01-26T01:00:00
3926,2351,24,231,Thyroid Panel,2025-02-03,5.2,mIU/L,Normal,2025-02-04T17:00:00
3927,2351,24,233,Thyroid Panel,2025-08-01,1.6,mIU/L,Normal,2025-08-02T23:00:00
3928,2352,24,235,HbA1c,2025-06-17,10.0,%,Critical,2025-06-19T12:00:00
3929,2352,24,231,Basic Metabolic Panel,2025-09-22,83,mg/dL,Normal,2025-09-23T20:00:00
3930,2352,24,236,Thyroid Panel,2025-11-28,1.7,mIU/L,Normal,2025-11-29T17:00:00
3931,2353,24,237,Thyroid Panel,2025-10-31,0.3,mIU/L,Normal,2025-11-02T07:00:00
3932,2354,24,237,Complete Blood Count,2025-08-30,9.5,g/dL,Normal,2025-08-31T13:00:00
3933,2354,24,231,Thyroid Panel,2025-03-10,0.6,mIU/L,Normal,2025-03-12T17:00:00
3934,2355,24,238,Complete Blood Count,2025-03-31,13.7,g/dL,Normal,2025-04-02T23:00:00
3935,2355,24,235,HbA1c,2025-06-16,6.3,%,Normal,2025-06-18T15:00:00
3936,2356,24,233,HbA1c,2025-09-25,6.7,%,Abnormal,2025-09-27T07:00:00
3937,2356,24,238,Complete Blood Count,2025-01-06,8.7,g/dL,Abnormal,2025-01-08T11:00:00
3938,2357,24,233,HbA1c,2025-07-11,5.6,%,Normal,2025-07-12T01:00:00
3939,2357,24,231,Thyroid Panel,2025-03-21,1.0,mIU/L,Normal,2025-03-22T02:00:00
3940,2358,24,233,Thyroid Panel,2025-10-19,7.3,mIU/L,Normal,2025-10-20T16:00:00
3941,2359,24,231,Lipid Panel,2025-07-12,276,mg/dL,Abnormal,2025-07-14T05:00:00
3942,2359,24,231,Lipid Panel,2025-05-05,195,mg/dL,Normal,2025-05-06T12:00:00
3943,2360,24,235,Complete Blood Count,2025-04-24,11.2,g/dL,Abnormal,2025-04-26T08:00:00
3944,2360,24,235,Thyroid Panel,2025-12-25,6.1,mIU/L,Abnormal,2025-12-26T22:00:00
3945,2361,24,235,Complete Blood Count,2025-07-24,16.7,g/dL,Abnormal,2025-07-26T16:00:00
3946,2361,24,239,Thyroid Panel,2025-06-30,1.4,mIU/L,Abnormal,2025-07-02T19:00:00
3947,2362,24,238,Lipid Panel,2025-07-09,252,mg/dL,Critical,2025-07-10T05:00:00
3948,2363,24,233,Lipid Panel,2025-04-29,152,mg/dL,Normal,2025-04-30T15:00:00
3949,2364,24,238,Thyroid Panel,2025-09-28,6.3,mIU/L,Normal,2025-09-29T14:00:00
3950,2365,24,236,Thyroid Panel,2025-09-06,2.7,mIU/L,Abnormal,2025-09-08T22:00:00
3951,2366,24,233,Lipid Panel,2025-05-12,132,mg/dL,Normal,2025-05-12T23:00:00
3952,2366,24,237,Lipid Panel,2025-07-30,162,mg/dL,Normal,2025-08-01T00:00:00
3953,2367,24,237,Basic Metabolic Panel,2025-08-21,74,mg/dL,Critical,2025-08-24T00:00:00
3954,2368,24,233,Lipid Panel,2025-07-13,208,mg/dL,Critical,2025-07-15T03:00:00
3955,2368,24,240,Lipid Panel,2026-01-13,270,mg/dL,Abnormal,2026-01-15T02:00:00
3956,2369,24,234,Lipid Panel,2026-01-20,202,mg/dL,Abnormal,2026-01-21T23:00:00
3957,2369,24,237,Thyroid Panel,2025-12-30,4.3,mIU/L,Normal,2025-12-31T19:00:00
3958,2370,24,237,Complete Blood Count,2025-05-07,10.7,g/dL,Normal,2025-05-08T04:00:00
3959,2371,24,235,Thyroid Panel,2025-02-18,6.6,mIU/L,Normal,2025-02-19T08:00:00
3960,2372,24,234,Thyroid Panel,2025-03-06,1.0,mIU/L,Normal,2025-03-07T13:00:00
3961,2372,24,231,Complete Blood Count,2025-01-26,10.6,g/dL,Critical,2025-01-28T05:00:00
3962,2373,24,237,Lipid Panel,2026-01-06,277,mg/dL,Critical,2026-01-08T11:00:00
3963,2373,24,235,Lipid Panel,2025-05-26,128,mg/dL,Critical,2025-05-28T10:00:00
3964,2374,24,235,Complete Blood Count,2025-09-22,8.2,g/dL,Normal,2025-09-24T15:00:00
3965,2375,24,239,Basic Metabolic Panel,2025-01-17,81,mg/dL,Normal,2025-01-19T01:00:00
3966,2376,24,236,Basic Metabolic Panel,2025-03-23,103,mg/dL,Abnormal,2025-03-25T11:00:00
3967,2377,24,233,HbA1c,2025-06-18,10.4,%,Critical,2025-06-20T03:00:00
3968,2377,24,233,Complete Blood Count,2025-04-30,12.7,g/dL,Abnormal,2025-05-01T09:00:00
3969,2377,24,231,Thyroid Panel,2025-08-07,7.5,mIU/L,Normal,2025-08-08T15:00:00
3970,2378,24,240,HbA1c,2025-11-14,8.1,%,Normal,2025-11-15T13:00:00
3971,2378,24,240,Thyroid Panel,2025-01-18,7.4,mIU/L,Critical,2025-01-20T05:00:00
3972,2379,24,239,Lipid Panel,2025-02-13,121,mg/dL,Normal,2025-02-14T18:00:00
3973,2380,24,231,Basic Metabolic Panel,2025-07-29,117,mg/dL,Critical,2025-07-29T18:00:00
3974,2381,24,236,Basic Metabolic Panel,2026-01-23,84,mg/dL,Normal,2026-01-25T12:00:00
3975,2382,24,235,Complete Blood Count,2025-06-07,10.8,g/dL,Normal,2025-06-08T19:00:00
3976,2382,24,233,HbA1c,2025-02-07,6.0,%,Normal,2025-02-09T06:00:00
3977,2383,24,236,Basic Metabolic Panel,2025-01-07,77,mg/dL,Normal,2025-01-07T15:00:00
3978,2383,24,238,Lipid Panel,2025-02-07,163,mg/dL,Critical,2025-02-08T19:00:00
3979,2384,24,234,Basic Metabolic Panel,2026-01-23,76,mg/dL,Abnormal,2026-01-25T00:00:00
3980,2385,24,231,Lipid Panel,2025-11-15,205,mg/dL,Abnormal,2025-11-17T11:00:00
3981,2386,24,232,Thyroid Panel,2025-09-05,1.8,mIU/L,Normal,2025-09-06T00:00:00
3982,2386,24,231,Lipid Panel,2026-01-10,196,mg/dL,Abnormal,2026-01-10T23:00:00
3983,2387,24,235,HbA1c,2025-05-27,10.0,%,Normal,2025-05-28T23:00:00
3984,2387,24,235,Basic Metabolic Panel,2025-01-14,120,mg/dL,Abnormal,2025-01-15T16:00:00
3985,2387,24,239,Basic Metabolic Panel,2026-02-01,81,mg/dL,Normal,2026-02-02T02:00:00
3986,2388,24,231,Basic Metabolic Panel,2025-06-14,117,mg/dL,Abnormal,2025-06-14T16:00:00
3987,2389,24,238,Complete Blood Count,2025-12-19,16.8,g/dL,Abnormal,2025-12-20T23:00:00
3988,2389,24,236,Complete Blood Count,2025-05-03,12.3,g/dL,Normal,2025-05-05T06:00:00
3989,2390,24,236,Complete Blood Count,2025-07-16,10.4,g/dL,Critical,2025-07-17T00:00:00
3990,2390,24,231,Thyroid Panel,2025-10-13,6.6,mIU/L,Normal,2025-10-15T14:00:00
3991,2391,24,236,Thyroid Panel,2026-01-09,6.0,mIU/L,Abnormal,2026-01-11T11:00:00
3992,2392,24,238,HbA1c,2025-11-14,6.3,%,Normal,2025-11-15T13:00:00
3993,2393,24,232,Basic Metabolic Panel,2025-11-28,71,mg/dL,Abnormal,2025-11-29T19:00:00
3994,2394,24,235,Complete Blood Count,2025-01-07,13.3,g/dL,Normal,2025-01-09T09:00:00
3995,2395,24,232,Thyroid Panel,2025-01-10,2.4,mIU/L,Normal,2025-01-12T12:00:00
3996,2395,24,239,Lipid Panel,2025-02-11,165,mg/dL,Normal,2025-02-13T15:00:00
3997,2395,24,234,Thyroid Panel,2026-01-29,3.2,mIU/L,Abnormal,2026-01-29T22:00:00
3998,2396,24,231,Lipid Panel,2025-07-10,251,mg/dL,Abnormal,2025-07-12T22:00:00
3999,2396,24,239,Basic Metabolic Panel,2025-11-18,100,mg/dL,Abnormal,2025-11-20T08:00:00
4000,2397,24,239,Thyroid Panel,2025-07-20,0.4,mIU/L,Normal,2025-07-21T08:00:00
4001,2397,24,236,Complete Blood Count,2025-07-15,16.7,g/dL,Normal,2025-07-16T06:00:00
4002,2398,24,234,Lipid Panel,2025-06-25,180,mg/dL,Normal,2025-06-27T10:00:00
4003,2398,24,234,Complete Blood Count,2025-11-06,16.4,g/dL,Normal,2025-11-07T17:00:00
4004,2399,24,239,Thyroid Panel,2026-01-26,7.2,mIU/L,Abnormal,2026-01-28T13:00:00
4005,2399,24,238,Complete Blood Count,2025-11-06,12.6,g/dL,Normal,2025-11-07T23:00:00
4006,2399,24,231,Thyroid Panel,2025-12-14,1.6,mIU/L,Normal,2025-12-16T09:00:00
4007,2400,24,232,Thyroid Panel,2025-12-21,6.8,mIU/L,Abnormal,2025-12-23T04:00:00
4008,2400,24,235,Lipid Panel,2025-02-17,140,mg/dL,Normal,2025-02-18T00:00:00
4009,2401,25,247,Basic Metabolic Panel,2025-02-19,77,mg/dL,Normal,2025-02-20T09:00:00
4010,2401,25,249,HbA1c,2025-06-25,8.1,%,Abnormal,2025-06-25T22:00:00
4011,2401,25,244,Lipid Panel,2025-02-27,150,mg/dL,Normal,2025-03-01T02:00:00
4012,2402,25,248,Lipid Panel,2025-01-10,157,mg/dL,Normal,2025-01-11T08:00:00
4013,2403,25,241,Basic Metabolic Panel,2025-05-20,126,mg/dL,Abnormal,2025-05-21T11:00:00
4014,2403,25,245,Basic Metabolic Panel,2025-09-30,72,mg/dL,Abnormal,2025-10-02T07:00:00
4015,2403,25,243,Lipid Panel,2025-08-16,140,mg/dL,Normal,2025-08-18T12:00:00
4016,2404,25,242,Thyroid Panel,2026-01-09,4.7,mIU/L,Normal,2026-01-10T03:00:00
4017,2405,25,248,Basic Metabolic Panel,2025-03-09,117,mg/dL,Normal,2025-03-11T19:00:00
4018,2406,25,250,Basic Metabolic Panel,2025-07-06,65,mg/dL,Critical,2025-07-07T02:00:00
4019,2407,25,247,Complete Blood Count,2025-06-04,14.7,g/dL,Normal,2025-06-04T13:00:00
4020,2408,25,249,Basic Metabolic Panel,2025-04-21,65,mg/dL,Normal,2025-04-23T22:00:00
4021,2409,25,246,Complete Blood Count,2025-01-22,11.5,g/dL,Normal,2025-01-23T13:00:00
4022,2410,25,241,HbA1c,2026-01-10,4.8,%,Abnormal,2026-01-11T21:00:00
4023,2411,25,247,HbA1c,2025-11-16,9.9,%,Normal,2025-11-17T22:00:00
4024,2412,25,244,Thyroid Panel,2025-03-02,0.6,mIU/L,Normal,2025-03-02T22:00:00
4025,2413,25,241,Lipid Panel,2025-03-11,213,mg/dL,Normal,2025-03-11T13:00:00
4026,2413,25,246,Lipid Panel,2026-01-28,171,mg/dL,Normal,2026-01-31T00:00:00
4027,2414,25,248,Thyroid Panel,2025-02-27,3.1,mIU/L,Normal,2025-03-01T00:00:00
4028,2415,25,247,Complete Blood Count,2026-01-02,8.4,g/dL,Normal,2026-01-03T22:00:00
4029,2416,25,248,HbA1c,2025-09-10,10.5,%,Normal,2025-09-12T23:00:00
4030,2417,25,245,Thyroid Panel,2025-01-23,7.6,mIU/L,Normal,2025-01-24T08:00:00
4031,2418,25,250,HbA1c,2025-06-18,9.0,%,Normal,2025-06-19T02:00:00
4032,2418,25,242,Thyroid Panel,2025-10-15,0.4,mIU/L,Abnormal,2025-10-15T19:00:00
4033,2419,25,246,HbA1c,2025-05-26,7.9,%,Abnormal,2025-05-28T20:00:00
4034,2419,25,245,HbA1c,2025-07-27,7.1,%,Abnormal,2025-07-27T22:00:00
4035,2420,25,246,Lipid Panel,2025-09-10,151,mg/dL,Normal,2025-09-12T03:00:00
4036,2420,25,246,Basic Metabolic Panel,2025-01-07,113,mg/dL,Critical,2025-01-08T03:00:00
4037,2421,25,247,Lipid Panel,2025-10-05,199,mg/dL,Normal,2025-10-06T15:00:00
4038,2422,25,248,Lipid Panel,2025-07-27,227,mg/dL,Normal,2025-07-27T13:00:00
4039,2423,25,242,HbA1c,2025-01-14,7.8,%,Normal,2025-01-14T16:00:00
4040,2424,25,241,Complete Blood Count,2025-12-14,12.0,g/dL,Normal,2025-12-16T10:00:00
4041,2425,25,248,Complete Blood Count,2025-01-28,10.8,g/dL,Normal,2025-01-29T10:00:00
4042,2426,25,246,Lipid Panel,2025-05-11,165,mg/dL,Normal,2025-05-12T07:00:00
4043,2426,25,244,Thyroid Panel,2025-08-15,2.8,mIU/L,Normal,2025-08-17T00:00:00
4044,2427,25,245,HbA1c,2025-12-15,5.9,%,Normal,2025-12-17T15:00:00
4045,2427,25,248,Thyroid Panel,2026-01-06,0.7,mIU/L,Normal,2026-01-07T17:00:00
4046,2428,25,242,Thyroid Panel,2025-09-30,5.2,mIU/L,Normal,2025-10-01T13:00:00
4047,2428,25,245,Basic Metabolic Panel,2025-04-20,139,mg/dL,Normal,2025-04-21T15:00:00
4048,2428,25,242,Thyroid Panel,2025-06-15,2.1,mIU/L,Normal,2025-06-17T09:00:00
4049,2429,25,249,Basic Metabolic Panel,2025-10-08,115,mg/dL,Normal,2025-10-08T12:00:00
4050,2430,25,243,Lipid Panel,2025-08-31,242,mg/dL,Abnormal,2025-09-02T15:00:00
4051,2431,25,244,Complete Blood Count,2025-02-21,15.3,g/dL,Normal,2025-02-23T00:00:00
4052,2431,25,241,Thyroid Panel,2025-09-08,3.1,mIU/L,Normal,2025-09-09T03:00:00
4053,2432,25,243,Thyroid Panel,2025-04-19,5.7,mIU/L,Normal,2025-04-21T14:00:00
4054,2432,25,244,Thyroid Panel,2025-07-27,8.0,mIU/L,Normal,2025-07-28T06:00:00
4055,2432,25,243,Thyroid Panel,2025-06-14,7.4,mIU/L,Abnormal,2025-06-15T03:00:00
4056,2433,25,248,Basic Metabolic Panel,2025-12-01,140,mg/dL,Normal,2025-12-01T23:00:00
4057,2433,25,248,Basic Metabolic Panel,2025-11-15,95,mg/dL,Abnormal,2025-11-17T23:00:00
4058,2434,25,249,HbA1c,2025-01-24,8.7,%,Normal,2025-01-24T20:00:00
4059,2435,25,250,Complete Blood Count,2025-01-01,10.3,g/dL,Normal,2025-01-01T16:00:00
4060,2436,25,243,Thyroid Panel,2025-03-12,2.4,mIU/L,Critical,2025-03-13T01:00:00
4061,2437,25,242,Thyroid Panel,2025-03-18,4.9,mIU/L,Normal,2025-03-20T20:00:00
4062,2438,25,248,HbA1c,2025-02-13,9.8,%,Abnormal,2025-02-14T09:00:00
4063,2438,25,246,Lipid Panel,2025-01-30,219,mg/dL,Critical,2025-02-01T22:00:00
4064,2439,25,250,Thyroid Panel,2025-04-14,5.1,mIU/L,Critical,2025-04-15T23:00:00
4065,2440,25,241,Basic Metabolic Panel,2025-05-06,101,mg/dL,Normal,2025-05-07T01:00:00
4066,2441,25,247,Lipid Panel,2025-09-10,152,mg/dL,Normal,2025-09-11T16:00:00
4067,2442,25,242,Basic Metabolic Panel,2025-12-25,129,mg/dL,Critical,2025-12-25T14:00:00
4068,2443,25,245,Basic Metabolic Panel,2025-08-15,68,mg/dL,Normal,2025-08-15T12:00:00
4069,2444,25,244,Basic Metabolic Panel,2025-06-21,69,mg/dL,Normal,2025-06-23T03:00:00
4070,2445,25,245,Lipid Panel,2025-02-13,193,mg/dL,Abnormal,2025-02-15T10:00:00
4071,2445,25,248,HbA1c,2025-03-09,9.2,%,Normal,2025-03-11T21:00:00
4072,2446,25,247,Basic Metabolic Panel,2025-09-17,111,mg/dL,Normal,2025-09-17T22:00:00
4073,2447,25,246,Thyroid Panel,2025-08-09,7.4,mIU/L,Normal,2025-08-11T17:00:00
4074,2448,25,244,Basic Metabolic Panel,2025-09-18,89,mg/dL,Critical,2025-09-20T06:00:00
4075,2448,25,247,HbA1c,2026-01-09,10.6,%,Normal,2026-01-09T16:00:00
4076,2449,25,246,Thyroid Panel,2025-10-28,4.0,mIU/L,Normal,2025-10-29T01:00:00
4077,2450,25,250,Thyroid Panel,2026-01-19,5.5,mIU/L,Abnormal,2026-01-21T00:00:00
4078,2450,25,245,Thyroid Panel,2025-05-12,6.4,mIU/L,Abnormal,2025-05-14T02:00:00
4079,2450,25,249,Basic Metabolic Panel,2025-10-29,69,mg/dL,Normal,2025-10-31T11:00:00
4080,2451,25,246,Complete Blood Count,2025-11-02,15.8,g/dL,Abnormal,2025-11-04T08:00:00
4081,2452,25,247,Basic Metabolic Panel,2025-04-21,102,mg/dL,Normal,2025-04-21T20:00:00
4082,2453,25,250,HbA1c,2025-02-21,10.3,%,Normal,2025-02-21T20:00:00
4083,2454,25,250,Thyroid Panel,2025-02-08,6.5,mIU/L,Abnormal,2025-02-10T06:00:00
4084,2454,25,242,HbA1c,2025-10-15,8.5,%,Normal,2025-10-17T23:00:00
4085,2455,25,241,Complete Blood Count,2025-08-19,9.6,g/dL,Abnormal,2025-08-20T15:00:00
4086,2456,25,243,Lipid Panel,2025-10-30,169,mg/dL,Abnormal,2025-10-31T21:00:00
4087,2456,25,245,Basic Metabolic Panel,2025-03-30,103,mg/dL,Abnormal,2025-04-01T16:00:00
4088,2456,25,243,HbA1c,2025-08-25,7.1,%,Normal,2025-08-27T11:00:00
4089,2457,25,249,Thyroid Panel,2025-03-07,4.4,mIU/L,Normal,2025-03-08T01:00:00
4090,2458,25,248,Complete Blood Count,2025-10-07,11.0,g/dL,Normal,2025-10-09T18:00:00
4091,2458,25,247,Thyroid Panel,2025-12-24,0.7,mIU/L,Critical,2025-12-24T16:00:00
4092,2459,25,245,Thyroid Panel,2025-07-25,5.2,mIU/L,Normal,2025-07-26T07:00:00
4093,2460,25,250,Thyroid Panel,2025-05-19,7.8,mIU/L,Normal,2025-05-20T13:00:00
4094,2460,25,246,Thyroid Panel,2025-08-16,3.6,mIU/L,Normal,2025-08-18T03:00:00
4095,2460,25,247,Lipid Panel,2025-05-04,258,mg/dL,Abnormal,2025-05-04T12:00:00
4096,2461,25,248,Lipid Panel,2025-07-22,171,mg/dL,Normal,2025-07-24T15:00:00
4097,2461,25,249,Complete Blood Count,2025-03-14,13.2,g/dL,Normal,2025-03-15T14:00:00
4098,2461,25,247,Lipid Panel,2025-02-20,121,mg/dL,Normal,2025-02-21T14:00:00
4099,2462,25,248,Thyroid Panel,2025-05-23,3.4,mIU/L,Normal,2025-05-24T09:00:00
4100,2462,25,249,Basic Metabolic Panel,2025-06-17,106,mg/dL,Abnormal,2025-06-19T12:00:00
4101,2462,25,248,HbA1c,2025-03-30,5.1,%,Normal,2025-03-31T04:00:00
4102,2463,25,241,Complete Blood Count,2025-08-17,11.5,g/dL,Normal,2025-08-18T09:00:00
4103,2464,25,249,Lipid Panel,2025-12-16,194,mg/dL,Normal,2025-12-16T15:00:00
4104,2464,25,247,Basic Metabolic Panel,2025-05-11,110,mg/dL,Normal,2025-05-12T08:00:00
4105,2465,25,245,HbA1c,2026-01-30,6.2,%,Normal,2026-01-31T20:00:00
4106,2466,25,245,Complete Blood Count,2025-04-14,9.3,g/dL,Normal,2025-04-15T00:00:00
4107,2467,25,247,Complete Blood Count,2025-04-30,12.6,g/dL,Normal,2025-05-02T17:00:00
4108,2467,25,248,Complete Blood Count,2025-08-20,14.6,g/dL,Critical,2025-08-20T13:00:00
4109,2467,25,247,Lipid Panel,2025-11-15,131,mg/dL,Abnormal,2025-11-16T07:00:00
4110,2468,25,244,Thyroid Panel,2025-02-01,5.3,mIU/L,Normal,2025-02-01T23:00:00
4111,2469,25,241,Thyroid Panel,2025-10-01,5.0,mIU/L,Normal,2025-10-02T02:00:00
4112,2469,25,250,HbA1c,2025-04-19,9.4,%,Normal,2025-04-20T05:00:00
4113,2470,25,247,Complete Blood Count,2025-09-01,15.4,g/dL,Normal,2025-09-03T02:00:00
4114,2471,25,250,Basic Metabolic Panel,2025-05-20,82,mg/dL,Critical,2025-05-21T09:00:00
4115,2471,25,249,HbA1c,2025-07-05,5.2,%,Normal,2025-07-06T12:00:00
4116,2472,25,245,HbA1c,2025-08-26,10.4,%,Normal,2025-08-27T01:00:00
4117,2472,25,247,Basic Metabolic Panel,2025-09-18,103,mg/dL,Normal,2025-09-18T12:00:00
4118,2473,25,244,Thyroid Panel,2025-01-10,2.2,mIU/L,Normal,2025-01-12T20:00:00
4119,2474,25,249,Complete Blood Count,2025-08-10,9.3,g/dL,Normal,2025-08-10T12:00:00
4120,2474,25,250,HbA1c,2025-11-30,6.3,%,Abnormal,2025-12-02T19:00:00
4121,2475,25,244,Complete Blood Count,2025-09-29,11.2,g/dL,Critical,2025-10-01T02:00:00
4122,2476,25,249,HbA1c,2025-01-09,8.5,%,Normal,2025-01-10T17:00:00
4123,2477,25,241,Lipid Panel,2025-10-16,144,mg/dL,Normal,2025-10-18T11:00:00
4124,2478,25,245,Thyroid Panel,2025-07-05,3.7,mIU/L,Normal,2025-07-07T03:00:00
4125,2479,25,245,Complete Blood Count,2025-08-06,12.6,g/dL,Normal,2025-08-08T11:00:00
4126,2479,25,249,Lipid Panel,2025-01-02,171,mg/dL,Normal,2025-01-03T20:00:00
4127,2479,25,243,Thyroid Panel,2025-11-25,2.8,mIU/L,Abnormal,2025-11-26T21:00:00
4128,2480,25,245,Complete Blood Count,2025-03-23,13.1,g/dL,Normal,2025-03-24T03:00:00
4129,2480,25,244,Lipid Panel,2025-01-16,229,mg/dL,Normal,2025-01-18T11:00:00
4130,2481,25,247,Thyroid Panel,2025-03-26,6.1,mIU/L,Normal,2025-03-27T17:00:00
4131,2481,25,248,HbA1c,2025-04-18,10.5,%,Abnormal,2025-04-18T18:00:00
4132,2482,25,241,Basic Metabolic Panel,2025-04-04,116,mg/dL,Normal,2025-04-06T17:00:00
4133,2483,25,242,HbA1c,2025-09-29,5.1,%,Abnormal,2025-10-01T23:00:00
4134,2483,25,242,Basic Metabolic Panel,2025-09-14,134,mg/dL,Normal,2025-09-14T21:00:00
4135,2484,25,247,HbA1c,2025-10-16,9.8,%,Normal,2025-10-17T07:00:00
4136,2485,25,241,Basic Metabolic Panel,2025-05-01,84,mg/dL,Normal,2025-05-01T20:00:00
4137,2485,25,243,Lipid Panel,2025-03-02,241,mg/dL,Normal,2025-03-03T16:00:00
4138,2486,25,241,Lipid Panel,2025-04-27,163,mg/dL,Normal,2025-04-28T18:00:00
4139,2486,25,250,Complete Blood Count,2026-01-26,8.3,g/dL,Normal,2026-01-27T15:00:00
4140,2486,25,245,Thyroid Panel,2025-08-18,5.1,mIU/L,Normal,2025-08-18T15:00:00
4141,2487,25,248,Basic Metabolic Panel,2025-06-15,139,mg/dL,Normal,2025-06-17T09:00:00
4142,2487,25,248,Basic Metabolic Panel,2025-06-10,128,mg/dL,Normal,2025-06-11T08:00:00
4143,2488,25,249,Thyroid Panel,2025-01-21,5.1,mIU/L,Normal,2025-01-23T17:00:00
4144,2488,25,244,Basic Metabolic Panel,2025-02-03,130,mg/dL,Normal,2025-02-04T10:00:00
4145,2489,25,250,Complete Blood Count,2025-06-04,13.0,g/dL,Normal,2025-06-05T11:00:00
4146,2490,25,247,Lipid Panel,2025-10-09,223,mg/dL,Normal,2025-10-10T01:00:00
4147,2490,25,249,Thyroid Panel,2025-04-16,3.7,mIU/L,Normal,2025-04-17T21:00:00
4148,2491,25,241,Basic Metabolic Panel,2025-02-10,116,mg/dL,Normal,2025-02-10T21:00:00
4149,2492,25,242,Lipid Panel,2025-11-20,149,mg/dL,Normal,2025-11-22T14:00:00
4150,2493,25,246,Complete Blood Count,2025-10-07,12.9,g/dL,Normal,2025-10-07T18:00:00
4151,2494,25,249,Thyroid Panel,2025-12-02,5.3,mIU/L,Abnormal,2025-12-04T14:00:00
4152,2494,25,249,Lipid Panel,2025-11-29,126,mg/dL,Normal,2025-12-01T16:00:00
4153,2495,25,247,Thyroid Panel,2025-03-02,0.6,mIU/L,Normal,2025-03-02T15:00:00
4154,2495,25,243,Lipid Panel,2025-03-17,243,mg/dL,Normal,2025-03-19T01:00:00
4155,2495,25,247,Thyroid Panel,2025-04-29,5.0,mIU/L,Normal,2025-04-30T02:00:00
4156,2496,25,247,HbA1c,2025-08-21,8.4,%,Normal,2025-08-23T22:00:00
4157,2496,25,246,Complete Blood Count,2025-06-17,11.8,g/dL,Normal,2025-06-18T17:00:00
4158,2497,25,249,Lipid Panel,2025-06-23,168,mg/dL,Normal,2025-06-24T10:00:00
4159,2498,25,248,Basic Metabolic Panel,2026-01-14,95,mg/dL,Abnormal,2026-01-14T18:00:00
4160,2499,25,244,Complete Blood Count,2025-06-24,10.9,g/dL,Normal,2025-06-26T04:00:00
4161,2499,25,246,Basic Metabolic Panel,2025-07-03,69,mg/dL,Normal,2025-07-03T20:00:00
4162,2500,25,250,Thyroid Panel,2026-01-14,5.5,mIU/L,Normal,2026-01-15T02:00:00
4163,2500,25,245,HbA1c,2025-07-08,4.8,%,Normal,2025-07-09T20:00:00
4164,2501,26,252,HbA1c,2025-09-05,4.9,%,Normal,2025-09-08T00:00:00
4165,2502,26,252,Lipid Panel,2025-11-28,178,mg/dL,Normal,2025-11-30T14:00:00
4166,2502,26,251,Lipid Panel,2025-10-02,222,mg/dL,Normal,2025-10-03T16:00:00
4167,2502,26,257,Thyroid Panel,2026-01-16,4.9,mIU/L,Normal,2026-01-16T14:00:00
4168,2503,26,258,Thyroid Panel,2025-01-28,3.7,mIU/L,Abnormal,2025-01-30T19:00:00
4169,2504,26,255,HbA1c,2025-09-20,6.8,%,Normal,2025-09-21T06:00:00
4170,2505,26,260,HbA1c,2026-01-25,4.7,%,Abnormal,2026-01-26T02:00:00
4171,2505,26,257,Basic Metabolic Panel,2025-01-12,103,mg/dL,Normal,2025-01-12T16:00:00
4172,2505,26,253,Thyroid Panel,2025-04-22,2.8,mIU/L,Normal,2025-04-24T12:00:00
4173,2506,26,252,HbA1c,2025-09-13,8.3,%,Normal,2025-09-14T11:00:00
4174,2506,26,253,Thyroid Panel,2025-12-09,7.3,mIU/L,Normal,2025-12-09T21:00:00
4175,2507,26,259,Basic Metabolic Panel,2026-02-01,136,mg/dL,Normal,2026-02-03T11:00:00
4176,2508,26,260,Complete Blood Count,2025-07-08,11.0,g/dL,Abnormal,2025-07-10T22:00:00
4177,2509,26,253,Lipid Panel,2025-03-31,178,mg/dL,Normal,2025-04-01T07:00:00
4178,2510,26,256,Complete Blood Count,2025-11-17,12.9,g/dL,Normal,2025-11-19T11:00:00
4179,2510,26,254,Thyroid Panel,2025-07-19,3.6,mIU/L,Critical,2025-07-19T13:00:00
4180,2510,26,254,HbA1c,2025-07-16,6.4,%,Normal,2025-07-18T18:00:00
4181,2511,26,253,Complete Blood Count,2025-11-20,11.1,g/dL,Normal,2025-11-22T00:00:00
4182,2512,26,252,Basic Metabolic Panel,2026-01-15,99,mg/dL,Critical,2026-01-17T23:00:00
4183,2513,26,257,Complete Blood Count,2025-06-22,12.0,g/dL,Critical,2025-06-22T12:00:00
4184,2513,26,253,Complete Blood Count,2025-02-18,12.6,g/dL,Normal,2025-02-19T13:00:00
4185,2514,26,255,Complete Blood Count,2026-01-26,10.1,g/dL,Abnormal,2026-01-27T07:00:00
4186,2515,26,257,Complete Blood Count,2025-05-11,14.3,g/dL,Normal,2025-05-13T16:00:00
4187,2515,26,258,Basic Metabolic Panel,2025-01-14,101,mg/dL,Critical,2025-01-16T11:00:00
4188,2516,26,253,Thyroid Panel,2025-12-07,3.4,mIU/L,Critical,2025-12-09T04:00:00
4189,2516,26,254,Complete Blood Count,2025-08-06,15.3,g/dL,Normal,2025-08-08T18:00:00
4190,2517,26,251,Thyroid Panel,2025-10-27,5.9,mIU/L,Abnormal,2025-10-28T12:00:00
4191,2517,26,253,Complete Blood Count,2025-04-07,13.0,g/dL,Normal,2025-04-08T14:00:00
4192,2517,26,258,Complete Blood Count,2025-07-13,13.4,g/dL,Normal,2025-07-14T14:00:00
4193,2518,26,251,Lipid Panel,2026-01-18,200,mg/dL,Abnormal,2026-01-19T13:00:00
4194,2518,26,255,Lipid Panel,2025-03-10,128,mg/dL,Abnormal,2025-03-12T14:00:00
4195,2518,26,253,Lipid Panel,2025-05-18,176,mg/dL,Normal,2025-05-20T03:00:00
4196,2519,26,254,Basic Metabolic Panel,2025-10-11,119,mg/dL,Abnormal,2025-10-12T02:00:00
4197,2520,26,260,Complete Blood Count,2025-08-20,8.8,g/dL,Normal,2025-08-22T03:00:00
4198,2521,26,255,HbA1c,2025-03-03,9.8,%,Normal,2025-03-04T05:00:00
4199,2522,26,254,Lipid Panel,2025-02-02,209,mg/dL,Normal,2025-02-03T17:00:00
4200,2522,26,257,HbA1c,2025-06-07,7.3,%,Abnormal,2025-06-07T20:00:00
4201,2523,26,251,Complete Blood Count,2025-05-07,12.9,g/dL,Abnormal,2025-05-08T19:00:00
4202,2524,26,252,Thyroid Panel,2026-01-20,4.8,mIU/L,Abnormal,2026-01-21T10:00:00
4203,2525,26,260,HbA1c,2026-01-24,6.8,%,Normal,2026-01-24T22:00:00
4204,2525,26,258,Basic Metabolic Panel,2025-05-15,113,mg/dL,Normal,2025-05-17T15:00:00
4205,2526,26,251,Lipid Panel,2025-06-15,260,mg/dL,Critical,2025-06-15T12:00:00
4206,2526,26,256,HbA1c,2026-01-05,4.9,%,Abnormal,2026-01-06T01:00:00
4207,2527,26,255,HbA1c,2025-05-11,10.5,%,Normal,2025-05-13T20:00:00
4208,2527,26,258,Lipid Panel,2025-10-01,166,mg/dL,Normal,2025-10-03T22:00:00
4209,2528,26,255,Basic Metabolic Panel,2025-04-30,95,mg/dL,Normal,2025-04-30T16:00:00
4210,2528,26,256,HbA1c,2026-01-14,7.0,%,Normal,2026-01-16T08:00:00
4211,2529,26,255,Thyroid Panel,2025-03-18,6.7,mIU/L,Normal,2025-03-19T10:00:00
4212,2529,26,255,Thyroid Panel,2025-09-22,3.8,mIU/L,Normal,2025-09-23T17:00:00
4213,2530,26,252,Lipid Panel,2025-05-29,122,mg/dL,Normal,2025-05-29T12:00:00
4214,2531,26,258,Basic Metabolic Panel,2025-08-06,120,mg/dL,Normal,2025-08-06T18:00:00
4215,2532,26,259,HbA1c,2025-01-31,7.8,%,Abnormal,2025-01-31T18:00:00
4216,2533,26,254,Complete Blood Count,2025-10-26,10.8,g/dL,Normal,2025-10-26T17:00:00
4217,2533,26,252,HbA1c,2025-09-04,6.0,%,Normal,2025-09-05T22:00:00
4218,2534,26,251,Basic Metabolic Panel,2025-02-09,135,mg/dL,Normal,2025-02-10T23:00:00
4219,2534,26,251,Thyroid Panel,2025-11-20,5.5,mIU/L,Normal,2025-11-21T21:00:00
4220,2535,26,256,Basic Metabolic Panel,2025-07-28,71,mg/dL,Normal,2025-07-30T05:00:00
4221,2536,26,253,Basic Metabolic Panel,2025-12-03,139,mg/dL,Normal,2025-12-04T00:00:00
4222,2536,26,252,HbA1c,2025-04-02,10.6,%,Abnormal,2025-04-04T09:00:00
4223,2537,26,251,Complete Blood Count,2025-01-28,9.7,g/dL,Critical,2025-01-28T23:00:00
4224,2538,26,256,HbA1c,2025-01-10,10.4,%,Normal,2025-01-12T07:00:00
4225,2539,26,253,HbA1c,2025-02-19,9.3,%,Abnormal,2025-02-20T06:00:00
4226,2539,26,251,Basic Metabolic Panel,2025-09-03,117,mg/dL,Normal,2025-09-03T14:00:00
4227,2540,26,256,Thyroid Panel,2025-01-10,4.7,mIU/L,Critical,2025-01-10T18:00:00
4228,2541,26,254,Lipid Panel,2025-03-14,252,mg/dL,Normal,2025-03-14T20:00:00
4229,2542,26,251,Complete Blood Count,2025-04-29,16.9,g/dL,Critical,2025-05-01T19:00:00
4230,2543,26,253,Complete Blood Count,2025-03-13,11.4,g/dL,Normal,2025-03-15T05:00:00
4231,2544,26,260,Complete Blood Count,2025-02-28,15.7,g/dL,Normal,2025-03-02T12:00:00
4232,2544,26,259,HbA1c,2025-10-22,5.9,%,Normal,2025-10-22T18:00:00
4233,2544,26,253,HbA1c,2025-07-13,5.7,%,Abnormal,2025-07-13T19:00:00
4234,2545,26,260,HbA1c,2025-07-30,6.7,%,Normal,2025-08-01T07:00:00
4235,2546,26,255,Lipid Panel,2025-07-24,248,mg/dL,Abnormal,2025-07-25T07:00:00
4236,2547,26,258,Basic Metabolic Panel,2025-03-30,65,mg/dL,Normal,2025-03-31T04:00:00
4237,2548,26,254,HbA1c,2025-01-28,5.6,%,Abnormal,2025-01-30T10:00:00
4238,2549,26,254,Basic Metabolic Panel,2025-11-22,123,mg/dL,Normal,2025-11-24T06:00:00
4239,2549,26,254,HbA1c,2025-10-09,8.8,%,Normal,2025-10-11T04:00:00
4240,2549,26,253,Thyroid Panel,2025-04-29,3.9,mIU/L,Normal,2025-04-30T10:00:00
4241,2550,26,256,Lipid Panel,2025-07-26,218,mg/dL,Abnormal,2025-07-27T11:00:00
4242,2550,26,260,Complete Blood Count,2026-01-27,10.4,g/dL,Normal,2026-01-29T21:00:00
4243,2551,26,254,Thyroid Panel,2025-08-02,0.8,mIU/L,Normal,2025-08-03T14:00:00
4244,2552,26,256,Lipid Panel,2025-07-27,183,mg/dL,Normal,2025-07-29T18:00:00
4245,2553,26,255,Basic Metabolic Panel,2026-01-27,99,mg/dL,Normal,2026-01-28T13:00:00
4246,2554,26,254,HbA1c,2025-10-25,5.9,%,Normal,2025-10-27T08:00:00
4247,2555,26,253,Thyroid Panel,2025-06-23,4.5,mIU/L,Normal,2025-06-25T11:00:00
4248,2555,26,255,Lipid Panel,2025-09-10,219,mg/dL,Normal,2025-09-12T23:00:00
4249,2555,26,255,Complete Blood Count,2025-02-11,11.0,g/dL,Normal,2025-02-11T22:00:00
4250,2556,26,257,Lipid Panel,2025-10-08,280,mg/dL,Normal,2025-10-10T23:00:00
4251,2556,26,255,Lipid Panel,2025-07-30,193,mg/dL,Normal,2025-07-31T23:00:00
4252,2556,26,257,Lipid Panel,2025-01-14,267,mg/dL,Abnormal,2025-01-15T14:00:00
4253,2557,26,259,Lipid Panel,2025-10-17,195,mg/dL,Normal,2025-10-18T18:00:00
4254,2558,26,260,Thyroid Panel,2025-02-09,6.4,mIU/L,Normal,2025-02-10T14:00:00
4255,2559,26,259,Complete Blood Count,2025-09-21,8.9,g/dL,Normal,2025-09-23T05:00:00
4256,2559,26,258,Complete Blood Count,2025-01-12,8.3,g/dL,Abnormal,2025-01-13T19:00:00
4257,2559,26,258,Lipid Panel,2025-01-31,217,mg/dL,Normal,2025-02-01T18:00:00
4258,2560,26,251,Complete Blood Count,2025-11-11,10.5,g/dL,Abnormal,2025-11-12T15:00:00
4259,2560,26,259,Complete Blood Count,2025-03-13,13.0,g/dL,Abnormal,2025-03-14T12:00:00
4260,2561,26,252,Lipid Panel,2025-05-27,151,mg/dL,Abnormal,2025-05-28T13:00:00
4261,2561,26,260,HbA1c,2025-08-15,9.6,%,Normal,2025-08-16T13:00:00
4262,2562,26,253,Thyroid Panel,2025-11-21,7.9,mIU/L,Normal,2025-11-21T22:00:00
4263,2562,26,255,HbA1c,2025-04-16,9.4,%,Abnormal,2025-04-18T22:00:00
4264,2563,26,258,Lipid Panel,2025-10-29,269,mg/dL,Abnormal,2025-10-31T04:00:00
4265,2563,26,251,Lipid Panel,2025-10-21,221,mg/dL,Normal,2025-10-22T04:00:00
4266,2564,26,252,Lipid Panel,2025-12-26,225,mg/dL,Normal,2025-12-28T22:00:00
4267,2564,26,255,Thyroid Panel,2025-11-14,3.8,mIU/L,Normal,2025-11-15T14:00:00
4268,2565,26,257,Thyroid Panel,2025-06-18,2.0,mIU/L,Normal,2025-06-19T02:00:00
4269,2565,26,251,Complete Blood Count,2025-02-25,16.6,g/dL,Normal,2025-02-25T22:00:00
4270,2566,26,251,Complete Blood Count,2026-01-03,11.6,g/dL,Normal,2026-01-04T03:00:00
4271,2566,26,255,Thyroid Panel,2026-01-22,0.6,mIU/L,Normal,2026-01-22T17:00:00
4272,2567,26,255,Lipid Panel,2025-12-07,241,mg/dL,Abnormal,2025-12-08T14:00:00
4273,2568,26,254,HbA1c,2025-02-21,8.0,%,Normal,2025-02-22T06:00:00
4274,2568,26,260,Thyroid Panel,2025-05-16,6.4,mIU/L,Abnormal,2025-05-16T17:00:00
4275,2569,26,257,Basic Metabolic Panel,2025-01-20,92,mg/dL,Critical,2025-01-20T16:00:00
4276,2569,26,259,Complete Blood Count,2025-01-06,8.9,g/dL,Normal,2025-01-07T06:00:00
4277,2569,26,260,Complete Blood Count,2025-01-25,14.9,g/dL,Normal,2025-01-27T18:00:00
4278,2570,26,253,Complete Blood Count,2025-10-15,9.4,g/dL,Abnormal,2025-10-17T17:00:00
4279,2570,26,257,Complete Blood Count,2025-10-06,11.6,g/dL,Abnormal,2025-10-06T14:00:00
4280,2570,26,252,Thyroid Panel,2025-05-07,4.9,mIU/L,Normal,2025-05-08T06:00:00
4281,2571,26,254,HbA1c,2026-01-16,7.8,%,Normal,2026-01-18T23:00:00
4282,2571,26,259,HbA1c,2025-01-31,10.3,%,Normal,2025-02-01T01:00:00
4283,2571,26,252,Basic Metabolic Panel,2025-12-23,72,mg/dL,Normal,2025-12-24T18:00:00
4284,2572,26,258,Thyroid Panel,2025-10-06,1.1,mIU/L,Normal,2025-10-07T12:00:00
4285,2572,26,256,Basic Metabolic Panel,2025-12-26,77,mg/dL,Normal,2025-12-28T20:00:00
4286,2573,26,254,Lipid Panel,2025-10-26,145,mg/dL,Normal,2025-10-28T07:00:00
4287,2574,26,251,Lipid Panel,2025-08-26,197,mg/dL,Abnormal,2025-08-28T06:00:00
4288,2574,26,253,Thyroid Panel,2025-12-02,4.6,mIU/L,Normal,2025-12-02T17:00:00
4289,2575,26,259,Basic Metabolic Panel,2025-06-12,103,mg/dL,Abnormal,2025-06-12T20:00:00
4290,2576,26,252,Thyroid Panel,2025-08-12,1.9,mIU/L,Abnormal,2025-08-13T18:00:00
4291,2576,26,256,Basic Metabolic Panel,2025-05-31,113,mg/dL,Normal,2025-06-02T19:00:00
4292,2576,26,260,Complete Blood Count,2025-02-10,10.1,g/dL,Abnormal,2025-02-10T14:00:00
4293,2577,26,260,Complete Blood Count,2025-07-14,13.9,g/dL,Abnormal,2025-07-14T19:00:00
4294,2578,26,253,Lipid Panel,2025-03-02,158,mg/dL,Normal,2025-03-03T10:00:00
4295,2578,26,251,Complete Blood Count,2025-02-12,14.4,g/dL,Normal,2025-02-14T22:00:00
4296,2578,26,256,Complete Blood Count,2025-12-06,11.7,g/dL,Critical,2025-12-07T15:00:00
4297,2579,26,252,Basic Metabolic Panel,2025-05-10,135,mg/dL,Normal,2025-05-12T16:00:00
4298,2580,26,256,Lipid Panel,2026-01-14,247,mg/dL,Abnormal,2026-01-15T07:00:00
4299,2581,26,256,HbA1c,2025-02-03,7.7,%,Abnormal,2025-02-05T23:00:00
4300,2582,26,260,Thyroid Panel,2025-09-27,2.4,mIU/L,Abnormal,2025-09-29T22:00:00
4301,2582,26,257,Basic Metabolic Panel,2025-09-17,101,mg/dL,Critical,2025-09-19T00:00:00
4302,2583,26,251,Complete Blood Count,2025-10-30,11.3,g/dL,Abnormal,2025-11-01T04:00:00
4303,2583,26,256,Basic Metabolic Panel,2025-06-28,122,mg/dL,Normal,2025-07-01T00:00:00
4304,2584,26,256,HbA1c,2025-06-01,9.6,%,Normal,2025-06-03T20:00:00
4305,2585,26,258,Complete Blood Count,2025-07-19,12.1,g/dL,Normal,2025-07-20T13:00:00
4306,2585,26,256,Basic Metabolic Panel,2025-01-14,111,mg/dL,Normal,2025-01-15T04:00:00
4307,2585,26,251,Basic Metabolic Panel,2025-12-06,67,mg/dL,Normal,2025-12-06T14:00:00
4308,2586,26,255,Complete Blood Count,2025-01-03,15.5,g/dL,Normal,2025-01-05T16:00:00
4309,2586,26,257,Lipid Panel,2025-01-21,186,mg/dL,Abnormal,2025-01-23T14:00:00
4310,2586,26,258,Complete Blood Count,2025-01-02,15.9,g/dL,Critical,2025-01-04T04:00:00
4311,2587,26,259,Thyroid Panel,2025-05-20,0.8,mIU/L,Abnormal,2025-05-22T15:00:00
4312,2588,26,259,Lipid Panel,2025-08-30,121,mg/dL,Normal,2025-08-31T14:00:00
4313,2589,26,252,Complete Blood Count,2025-12-04,11.2,g/dL,Normal,2025-12-04T22:00:00
4314,2589,26,253,Thyroid Panel,2025-03-31,1.4,mIU/L,Normal,2025-04-01T23:00:00
4315,2590,26,255,Basic Metabolic Panel,2025-03-21,106,mg/dL,Normal,2025-03-22T21:00:00
4316,2591,26,260,Thyroid Panel,2025-01-01,2.6,mIU/L,Normal,2025-01-02T05:00:00
4317,2591,26,259,HbA1c,2025-03-01,7.4,%,Normal,2025-03-02T02:00:00
4318,2591,26,252,Complete Blood Count,2025-06-27,16.4,g/dL,Normal,2025-06-29T06:00:00
4319,2592,26,256,Lipid Panel,2025-08-15,201,mg/dL,Normal,2025-08-17T23:00:00
4320,2592,26,259,Thyroid Panel,2025-01-04,1.3,mIU/L,Critical,2025-01-06T14:00:00
4321,2592,26,255,Complete Blood Count,2025-12-07,13.8,g/dL,Critical,2025-12-08T11:00:00
4322,2593,26,251,Thyroid Panel,2025-09-26,6.1,mIU/L,Normal,2025-09-27T03:00:00
4323,2593,26,259,Complete Blood Count,2025-01-13,15.7,g/dL,Normal,2025-01-15T21:00:00
4324,2594,26,256,Lipid Panel,2025-02-09,197,mg/dL,Normal,2025-02-11T03:00:00
4325,2594,26,253,Thyroid Panel,2025-02-18,6.2,mIU/L,Normal,2025-02-20T23:00:00
4326,2595,26,259,Basic Metabolic Panel,2025-05-28,123,mg/dL,Abnormal,2025-05-30T10:00:00
4327,2596,26,251,Lipid Panel,2025-11-25,141,mg/dL,Normal,2025-11-26T20:00:00
4328,2597,26,254,Complete Blood Count,2026-01-23,11.5,g/dL,Normal,2026-01-24T10:00:00
4329,2597,26,259,Complete Blood Count,2025-04-27,14.1,g/dL,Normal,2025-04-28T17:00:00
4330,2597,26,252,Lipid Panel,2025-04-24,144,mg/dL,Normal,2025-04-26T16:00:00
4331,2598,26,258,HbA1c,2025-05-03,10.6,%,Abnormal,2025-05-05T16:00:00
4332,2598,26,260,Thyroid Panel,2025-06-19,0.4,mIU/L,Normal,2025-06-20T23:00:00
4333,2599,26,258,HbA1c,2025-06-06,8.4,%,Abnormal,2025-06-08T08:00:00
4334,2600,26,255,Lipid Panel,2026-01-13,267,mg/dL,Abnormal,2026-01-13T12:00:00
4335,2600,26,260,Basic Metabolic Panel,2025-11-23,137,mg/dL,Normal,2025-11-23T15:00:00
4336,2601,27,263,Thyroid Panel,2025-10-06,5.0,mIU/L,Normal,2025-10-07T15:00:00
4337,2602,27,261,Basic Metabolic Panel,2025-08-04,107,mg/dL,Normal,2025-08-05T17:00:00
4338,2603,27,265,HbA1c,2025-01-23,7.4,%,Normal,2025-01-23T17:00:00
4339,2604,27,267,Complete Blood Count,2025-08-03,16.3,g/dL,Normal,2025-08-05T06:00:00
4340,2605,27,269,Complete Blood Count,2025-04-23,9.3,g/dL,Normal,2025-04-25T04:00:00
4341,2606,27,268,Basic Metabolic Panel,2025-11-24,85,mg/dL,Abnormal,2025-11-26T03:00:00
4342,2607,27,265,Basic Metabolic Panel,2025-04-03,128,mg/dL,Abnormal,2025-04-04T08:00:00
4343,2608,27,269,HbA1c,2025-05-04,8.9,%,Normal,2025-05-06T11:00:00
4344,2608,27,265,Lipid Panel,2025-06-04,174,mg/dL,Normal,2025-06-05T20:00:00
4345,2609,27,262,Basic Metabolic Panel,2025-06-07,81,mg/dL,Abnormal,2025-06-07T19:00:00
4346,2610,27,267,Thyroid Panel,2025-10-01,1.1,mIU/L,Normal,2025-10-02T09:00:00
4347,2611,27,270,Complete Blood Count,2025-09-13,11.5,g/dL,Abnormal,2025-09-15T00:00:00
4348,2612,27,265,Lipid Panel,2025-08-20,214,mg/dL,Normal,2025-08-20T15:00:00
4349,2613,27,264,Lipid Panel,2025-06-23,278,mg/dL,Normal,2025-06-25T07:00:00
4350,2613,27,266,Lipid Panel,2025-02-12,176,mg/dL,Normal,2025-02-13T08:00:00
4351,2614,27,263,Thyroid Panel,2025-01-24,3.3,mIU/L,Normal,2025-01-25T05:00:00
4352,2614,27,263,Thyroid Panel,2025-04-05,3.7,mIU/L,Abnormal,2025-04-07T21:00:00
4353,2614,27,270,Thyroid Panel,2025-03-22,1.0,mIU/L,Normal,2025-03-22T18:00:00
4354,2615,27,270,Lipid Panel,2025-01-14,153,mg/dL,Normal,2025-01-15T07:00:00
4355,2615,27,268,Thyroid Panel,2025-04-01,7.4,mIU/L,Normal,2025-04-03T21:00:00
4356,2615,27,264,Thyroid Panel,2025-07-27,1.7,mIU/L,Normal,2025-07-28T12:00:00
4357,2616,27,261,Basic Metabolic Panel,2025-03-06,93,mg/dL,Normal,2025-03-08T16:00:00
4358,2617,27,264,Complete Blood Count,2025-10-28,15.6,g/dL,Normal,2025-10-28T22:00:00
4359,2618,27,266,Complete Blood Count,2025-01-24,9.7,g/dL,Normal,2025-01-25T14:00:00
4360,2619,27,262,Thyroid Panel,2025-05-05,2.1,mIU/L,Normal,2025-05-06T01:00:00
4361,2619,27,264,Basic Metabolic Panel,2025-02-13,127,mg/dL,Normal,2025-02-15T02:00:00
4362,2620,27,261,Lipid Panel,2025-11-28,268,mg/dL,Normal,2025-11-29T09:00:00
4363,2621,27,263,HbA1c,2026-01-03,6.9,%,Normal,2026-01-05T07:00:00
4364,2622,27,269,HbA1c,2025-11-04,6.8,%,Normal,2025-11-05T07:00:00
4365,2623,27,270,Lipid Panel,2025-01-01,178,mg/dL,Abnormal,2025-01-02T06:00:00
4366,2624,27,264,Lipid Panel,2025-02-12,179,mg/dL,Normal,2025-02-13T12:00:00
4367,2625,27,269,Complete Blood Count,2025-07-12,10.6,g/dL,Normal,2025-07-13T06:00:00
4368,2626,27,264,Basic Metabolic Panel,2026-01-14,66,mg/dL,Normal,2026-01-14T19:00:00
4369,2627,27,266,Lipid Panel,2025-12-25,277,mg/dL,Normal,2025-12-27T22:00:00
4370,2627,27,262,Basic Metabolic Panel,2025-08-08,128,mg/dL,Abnormal,2025-08-09T14:00:00
4371,2627,27,266,Complete Blood Count,2025-12-04,11.1,g/dL,Normal,2025-12-05T18:00:00
4372,2628,27,262,Lipid Panel,2025-10-22,126,mg/dL,Normal,2025-10-22T22:00:00
4373,2628,27,266,Basic Metabolic Panel,2025-01-29,135,mg/dL,Normal,2025-01-30T14:00:00
4374,2629,27,270,Complete Blood Count,2025-05-06,9.4,g/dL,Normal,2025-05-06T16:00:00
4375,2629,27,267,Basic Metabolic Panel,2025-12-15,135,mg/dL,Normal,2025-12-17T23:00:00
4376,2630,27,268,Basic Metabolic Panel,2025-06-21,91,mg/dL,Normal,2025-06-22T03:00:00
4377,2631,27,268,Complete Blood Count,2025-10-27,12.9,g/dL,Normal,2025-10-27T21:00:00
4378,2632,27,269,HbA1c,2025-07-08,8.7,%,Normal,2025-07-09T14:00:00
4379,2633,27,262,HbA1c,2025-11-07,10.0,%,Normal,2025-11-08T07:00:00
4380,2634,27,264,Basic Metabolic Panel,2026-01-31,108,mg/dL,Normal,2026-02-02T22:00:00
4381,2635,27,270,Lipid Panel,2025-12-26,182,mg/dL,Normal,2025-12-28T08:00:00
4382,2635,27,263,HbA1c,2025-11-03,7.3,%,Normal,2025-11-05T06:00:00
4383,2636,27,267,Thyroid Panel,2025-09-03,1.9,mIU/L,Critical,2025-09-05T12:00:00
4384,2636,27,265,Complete Blood Count,2025-10-11,12.4,g/dL,Abnormal,2025-10-12T00:00:00
4385,2636,27,268,Basic Metabolic Panel,2025-10-19,108,mg/dL,Abnormal,2025-10-19T16:00:00
4386,2637,27,264,Thyroid Panel,2025-02-18,1.4,mIU/L,Abnormal,2025-02-18T18:00:00
4387,2638,27,261,Basic Metabolic Panel,2025-03-25,110,mg/dL,Normal,2025-03-27T08:00:00
4388,2638,27,265,Lipid Panel,2025-08-16,230,mg/dL,Abnormal,2025-08-18T19:00:00
4389,2639,27,266,Complete Blood Count,2025-09-07,15.2,g/dL,Critical,2025-09-07T23:00:00
4390,2640,27,266,Lipid Panel,2025-09-08,183,mg/dL,Abnormal,2025-09-11T00:00:00
4391,2641,27,266,Basic Metabolic Panel,2025-07-30,125,mg/dL,Normal,2025-07-31T04:00:00
4392,2641,27,269,HbA1c,2025-03-23,8.3,%,Normal,2025-03-23T22:00:00
4393,2642,27,265,HbA1c,2025-01-12,9.9,%,Normal,2025-01-13T07:00:00
4394,2642,27,263,HbA1c,2025-07-31,4.5,%,Normal,2025-08-02T01:00:00
4395,2643,27,266,Basic Metabolic Panel,2025-06-20,133,mg/dL,Normal,2025-06-22T18:00:00
4396,2643,27,261,Basic Metabolic Panel,2026-01-20,81,mg/dL,Abnormal,2026-01-21T16:00:00
4397,2644,27,263,Thyroid Panel,2026-01-14,7.6,mIU/L,Abnormal,2026-01-15T08:00:00
4398,2644,27,270,Basic Metabolic Panel,2025-04-21,139,mg/dL,Normal,2025-04-22T04:00:00
4399,2645,27,263,Complete Blood Count,2025-02-26,9.2,g/dL,Normal,2025-02-27T07:00:00
4400,2646,27,266,Complete Blood Count,2025-04-11,9.7,g/dL,Abnormal,2025-04-12T06:00:00
4401,2646,27,268,Thyroid Panel,2025-12-20,7.9,mIU/L,Abnormal,2025-12-22T23:00:00
4402,2647,27,261,HbA1c,2025-09-10,10.4,%,Normal,2025-09-12T10:00:00
4403,2647,27,263,HbA1c,2025-09-24,5.3,%,Normal,2025-09-25T06:00:00
4404,2648,27,261,Lipid Panel,2025-11-29,178,mg/dL,Normal,2025-12-01T03:00:00
4405,2649,27,268,Thyroid Panel,2025-03-15,5.5,mIU/L,Normal,2025-03-17T13:00:00
4406,2650,27,263,Complete Blood Count,2025-12-24,16.3,g/dL,Normal,2025-12-26T09:00:00
4407,2651,27,267,Basic Metabolic Panel,2026-01-28,116,mg/dL,Normal,2026-01-30T10:00:00
4408,2652,27,267,Lipid Panel,2025-09-24,155,mg/dL,Normal,2025-09-25T15:00:00
4409,2653,27,263,Lipid Panel,2025-01-26,126,mg/dL,Abnormal,2025-01-28T21:00:00
4410,2654,27,265,Thyroid Panel,2025-03-06,7.4,mIU/L,Abnormal,2025-03-07T12:00:00
4411,2654,27,269,Lipid Panel,2026-01-21,172,mg/dL,Normal,2026-01-22T01:00:00
4412,2655,27,270,Basic Metabolic Panel,2025-09-18,67,mg/dL,Critical,2025-09-18T22:00:00
4413,2656,27,270,Basic Metabolic Panel,2026-01-06,128,mg/dL,Normal,2026-01-08T11:00:00
4414,2656,27,264,Basic Metabolic Panel,2025-06-21,66,mg/dL,Normal,2025-06-23T04:00:00
4415,2657,27,265,Basic Metabolic Panel,2025-01-13,82,mg/dL,Critical,2025-01-14T23:00:00
4416,2657,27,267,HbA1c,2025-01-27,8.2,%,Abnormal,2025-01-27T19:00:00
4417,2658,27,270,HbA1c,2025-02-17,9.5,%,Normal,2025-02-19T22:00:00
4418,2659,27,261,Complete Blood Count,2025-06-19,8.7,g/dL,Normal,2025-06-20T06:00:00
4419,2660,27,269,Complete Blood Count,2025-01-25,12.9,g/dL,Critical,2025-01-26T01:00:00
4420,2661,27,270,Complete Blood Count,2025-11-23,10.6,g/dL,Normal,2025-11-23T16:00:00
4421,2661,27,261,HbA1c,2025-06-28,6.1,%,Normal,2025-06-29T13:00:00
4422,2662,27,262,Lipid Panel,2025-04-08,204,mg/dL,Normal,2025-04-09T21:00:00
4423,2662,27,262,HbA1c,2025-04-22,7.8,%,Normal,2025-04-23T18:00:00
4424,2663,27,269,Complete Blood Count,2025-11-16,9.8,g/dL,Normal,2025-11-18T04:00:00
4425,2664,27,269,HbA1c,2025-08-18,7.0,%,Normal,2025-08-18T19:00:00
4426,2664,27,268,Thyroid Panel,2025-02-16,2.3,mIU/L,Normal,2025-02-18T23:00:00
4427,2664,27,263,Basic Metabolic Panel,2025-07-27,78,mg/dL,Normal,2025-07-29T21:00:00
4428,2665,27,264,Basic Metabolic Panel,2025-08-12,78,mg/dL,Normal,2025-08-12T17:00:00
4429,2665,27,269,Basic Metabolic Panel,2025-09-22,119,mg/dL,Normal,2025-09-23T15:00:00
4430,2666,27,268,Basic Metabolic Panel,2025-07-02,121,mg/dL,Abnormal,2025-07-04T01:00:00
4431,2666,27,269,Lipid Panel,2025-03-23,170,mg/dL,Normal,2025-03-24T14:00:00
4432,2667,27,266,Complete Blood Count,2025-10-02,11.0,g/dL,Normal,2025-10-03T01:00:00
4433,2667,27,265,HbA1c,2025-02-04,8.7,%,Normal,2025-02-06T01:00:00
4434,2667,27,266,Basic Metabolic Panel,2025-10-07,84,mg/dL,Normal,2025-10-08T11:00:00
4435,2668,27,264,Thyroid Panel,2026-01-30,5.4,mIU/L,Normal,2026-02-01T12:00:00
4436,2668,27,265,Lipid Panel,2025-07-24,219,mg/dL,Normal,2025-07-26T06:00:00
4437,2668,27,268,Basic Metabolic Panel,2025-10-14,107,mg/dL,Normal,2025-10-14T14:00:00
4438,2669,27,265,Basic Metabolic Panel,2025-10-08,119,mg/dL,Normal,2025-10-09T19:00:00
4439,2670,27,264,Complete Blood Count,2025-09-21,9.4,g/dL,Normal,2025-09-22T09:00:00
4440,2671,27,268,Lipid Panel,2026-01-22,242,mg/dL,Normal,2026-01-23T12:00:00
4441,2671,27,269,Lipid Panel,2025-06-12,185,mg/dL,Normal,2025-06-12T16:00:00
4442,2671,27,261,Lipid Panel,2025-03-06,201,mg/dL,Normal,2025-03-08T19:00:00
4443,2672,27,267,Complete Blood Count,2025-01-03,16.7,g/dL,Normal,2025-01-05T15:00:00
4444,2672,27,264,Complete Blood Count,2025-10-16,12.8,g/dL,Normal,2025-10-18T23:00:00
4445,2672,27,261,Basic Metabolic Panel,2025-10-12,93,mg/dL,Abnormal,2025-10-14T19:00:00
4446,2673,27,268,Basic Metabolic Panel,2025-08-22,125,mg/dL,Abnormal,2025-08-24T22:00:00
4447,2674,27,262,Thyroid Panel,2025-06-13,2.6,mIU/L,Normal,2025-06-13T20:00:00
4448,2674,27,268,Thyroid Panel,2025-04-12,7.4,mIU/L,Abnormal,2025-04-12T12:00:00
4449,2675,27,268,Complete Blood Count,2025-01-25,9.3,g/dL,Normal,2025-01-27T16:00:00
4450,2676,27,263,Lipid Panel,2025-12-12,195,mg/dL,Normal,2025-12-13T06:00:00
4451,2676,27,261,HbA1c,2025-09-05,9.3,%,Abnormal,2025-09-07T18:00:00
4452,2676,27,268,Basic Metabolic Panel,2026-01-23,77,mg/dL,Abnormal,2026-01-25T03:00:00
4453,2677,27,267,Complete Blood Count,2025-10-26,14.1,g/dL,Normal,2025-10-28T04:00:00
4454,2677,27,267,HbA1c,2025-08-11,9.1,%,Abnormal,2025-08-12T10:00:00
4455,2678,27,268,Basic Metabolic Panel,2025-01-21,102,mg/dL,Normal,2025-01-23T02:00:00
4456,2679,27,269,Lipid Panel,2025-05-28,169,mg/dL,Normal,2025-05-30T13:00:00
4457,2679,27,261,Thyroid Panel,2025-03-19,5.8,mIU/L,Critical,2025-03-19T22:00:00
4458,2680,27,263,Basic Metabolic Panel,2025-04-11,111,mg/dL,Normal,2025-04-13T13:00:00
4459,2680,27,264,Lipid Panel,2025-02-15,152,mg/dL,Normal,2025-02-17T01:00:00
4460,2681,27,270,Complete Blood Count,2025-07-05,12.1,g/dL,Normal,2025-07-07T08:00:00
4461,2682,27,267,Complete Blood Count,2025-06-21,14.9,g/dL,Abnormal,2025-06-22T19:00:00
4462,2682,27,270,Complete Blood Count,2025-06-18,8.7,g/dL,Abnormal,2025-06-18T14:00:00
4463,2683,27,262,Basic Metabolic Panel,2025-08-03,84,mg/dL,Normal,2025-08-03T12:00:00
4464,2684,27,267,HbA1c,2026-01-03,8.1,%,Normal,2026-01-04T01:00:00
4465,2685,27,266,Thyroid Panel,2025-10-12,3.8,mIU/L,Abnormal,2025-10-14T22:00:00
4466,2685,27,264,HbA1c,2025-09-14,6.4,%,Normal,2025-09-16T09:00:00
4467,2686,27,262,Thyroid Panel,2025-05-26,1.7,mIU/L,Normal,2025-05-28T00:00:00
4468,2687,27,265,Basic Metabolic Panel,2025-12-30,96,mg/dL,Critical,2025-12-31T20:00:00
4469,2687,27,267,HbA1c,2025-05-03,8.9,%,Normal,2025-05-05T15:00:00
4470,2688,27,262,Basic Metabolic Panel,2025-12-03,82,mg/dL,Normal,2025-12-04T14:00:00
4471,2688,27,263,Thyroid Panel,2025-07-21,1.4,mIU/L,Normal,2025-07-22T22:00:00
4472,2688,27,270,Lipid Panel,2025-12-09,247,mg/dL,Normal,2025-12-09T20:00:00
4473,2689,27,261,Lipid Panel,2025-10-07,125,mg/dL,Normal,2025-10-08T13:00:00
4474,2690,27,267,Complete Blood Count,2025-10-29,10.9,g/dL,Normal,2025-10-29T13:00:00
4475,2691,27,264,Lipid Panel,2025-02-28,246,mg/dL,Critical,2025-03-01T13:00:00
4476,2692,27,261,Lipid Panel,2025-06-13,180,mg/dL,Normal,2025-06-15T21:00:00
4477,2693,27,264,Basic Metabolic Panel,2025-01-07,90,mg/dL,Abnormal,2025-01-07T17:00:00
4478,2693,27,261,Complete Blood Count,2025-09-27,13.3,g/dL,Normal,2025-09-29T16:00:00
4479,2694,27,269,Basic Metabolic Panel,2025-02-28,131,mg/dL,Normal,2025-03-02T10:00:00
4480,2695,27,269,Complete Blood Count,2025-11-26,9.6,g/dL,Normal,2025-11-29T00:00:00
4481,2695,27,265,Complete Blood Count,2025-11-04,11.0,g/dL,Normal,2025-11-06T12:00:00
4482,2695,27,261,Thyroid Panel,2025-01-26,6.0,mIU/L,Normal,2025-01-28T23:00:00
4483,2696,27,268,Basic Metabolic Panel,2025-02-15,119,mg/dL,Abnormal,2025-02-16T03:00:00
4484,2697,27,269,Complete Blood Count,2025-02-12,12.6,g/dL,Critical,2025-02-12T20:00:00
4485,2698,27,267,Thyroid Panel,2026-01-25,0.8,mIU/L,Normal,2026-01-27T00:00:00
4486,2698,27,268,HbA1c,2025-01-02,9.5,%,Normal,2025-01-04T19:00:00
4487,2699,27,262,Complete Blood Count,2025-06-28,8.3,g/dL,Normal,2025-06-30T07:00:00
4488,2699,27,264,Lipid Panel,2025-11-10,122,mg/dL,Normal,2025-11-11T15:00:00
4489,2700,27,268,Thyroid Panel,2025-03-13,4.2,mIU/L,Normal,2025-03-13T18:00:00
4490,2701,28,275,Lipid Panel,2025-11-07,228,mg/dL,Normal,2025-11-08T02:00:00
4491,2701,28,277,HbA1c,2026-01-23,8.7,%,Normal,2026-01-25T10:00:00
4492,2701,28,278,Basic Metabolic Panel,2025-12-20,126,mg/dL,Normal,2025-12-22T19:00:00
4493,2702,28,277,Lipid Panel,2025-10-05,255,mg/dL,Critical,2025-10-07T15:00:00
4494,2703,28,274,Basic Metabolic Panel,2025-09-27,134,mg/dL,Normal,2025-09-29T21:00:00
4495,2704,28,272,Basic Metabolic Panel,2025-08-24,85,mg/dL,Normal,2025-08-26T23:00:00
4496,2705,28,273,Basic Metabolic Panel,2025-08-11,120,mg/dL,Normal,2025-08-12T16:00:00
4497,2705,28,279,Complete Blood Count,2025-12-19,13.1,g/dL,Normal,2025-12-20T00:00:00
4498,2706,28,277,HbA1c,2025-10-09,5.6,%,Normal,2025-10-11T22:00:00
4499,2707,28,279,Thyroid Panel,2025-05-30,0.3,mIU/L,Normal,2025-06-01T01:00:00
4500,2707,28,276,Thyroid Panel,2025-03-11,4.4,mIU/L,Normal,2025-03-12T08:00:00
4501,2708,28,278,Lipid Panel,2025-06-15,231,mg/dL,Abnormal,2025-06-17T02:00:00
4502,2709,28,271,Thyroid Panel,2025-10-13,6.8,mIU/L,Critical,2025-10-14T11:00:00
4503,2710,28,276,Complete Blood Count,2025-12-30,16.3,g/dL,Critical,2026-01-02T00:00:00
4504,2710,28,272,Basic Metabolic Panel,2025-07-18,78,mg/dL,Normal,2025-07-19T09:00:00
4505,2711,28,280,Complete Blood Count,2025-03-13,16.6,g/dL,Critical,2025-03-15T01:00:00
4506,2711,28,276,Basic Metabolic Panel,2025-02-17,109,mg/dL,Normal,2025-02-18T22:00:00
4507,2712,28,272,HbA1c,2025-01-21,7.9,%,Abnormal,2025-01-21T15:00:00
4508,2713,28,271,Complete Blood Count,2025-04-05,14.5,g/dL,Normal,2025-04-06T04:00:00
4509,2714,28,273,Thyroid Panel,2025-10-15,7.6,mIU/L,Abnormal,2025-10-17T17:00:00
4510,2714,28,276,Basic Metabolic Panel,2025-11-17,71,mg/dL,Normal,2025-11-18T02:00:00
4511,2715,28,280,Lipid Panel,2025-03-05,124,mg/dL,Abnormal,2025-03-05T18:00:00
4512,2715,28,273,HbA1c,2025-02-02,8.6,%,Normal,2025-02-04T05:00:00
4513,2716,28,271,Basic Metabolic Panel,2025-03-29,100,mg/dL,Abnormal,2025-03-31T00:00:00
4514,2716,28,271,Basic Metabolic Panel,2025-03-18,109,mg/dL,Normal,2025-03-18T23:00:00
4515,2717,28,277,Thyroid Panel,2025-03-02,1.9,mIU/L,Normal,2025-03-04T04:00:00
4516,2717,28,277,Lipid Panel,2025-01-07,130,mg/dL,Critical,2025-01-09T14:00:00
4517,2717,28,274,Complete Blood Count,2025-05-14,16.5,g/dL,Normal,2025-05-16T14:00:00
4518,2718,28,277,Lipid Panel,2025-12-26,186,mg/dL,Normal,2025-12-28T15:00:00
4519,2719,28,278,HbA1c,2025-12-24,11.0,%,Normal,2025-12-26T15:00:00
4520,2720,28,272,HbA1c,2025-12-06,6.5,%,Normal,2025-12-08T02:00:00
4521,2720,28,277,Basic Metabolic Panel,2025-01-26,97,mg/dL,Normal,2025-01-28T10:00:00
4522,2720,28,278,Lipid Panel,2025-11-27,212,mg/dL,Normal,2025-11-28T07:00:00
4523,2721,28,275,HbA1c,2025-05-24,9.2,%,Normal,2025-05-25T12:00:00
4524,2722,28,279,Basic Metabolic Panel,2025-09-21,110,mg/dL,Normal,2025-09-22T00:00:00
4525,2722,28,275,Thyroid Panel,2025-06-01,1.8,mIU/L,Abnormal,2025-06-02T23:00:00
4526,2722,28,274,HbA1c,2025-08-08,8.8,%,Normal,2025-08-10T04:00:00
4527,2723,28,278,Lipid Panel,2025-07-20,231,mg/dL,Normal,2025-07-22T17:00:00
4528,2724,28,273,Complete Blood Count,2025-08-24,15.7,g/dL,Normal,2025-08-25T18:00:00
4529,2725,28,279,Thyroid Panel,2025-03-23,2.5,mIU/L,Abnormal,2025-03-25T13:00:00
4530,2726,28,280,Thyroid Panel,2025-11-29,2.0,mIU/L,Normal,2025-11-30T04:00:00
4531,2727,28,277,Thyroid Panel,2025-10-02,5.6,mIU/L,Normal,2025-10-02T14:00:00
4532,2727,28,275,HbA1c,2025-07-04,9.7,%,Normal,2025-07-06T10:00:00
4533,2727,28,273,Thyroid Panel,2025-08-26,2.4,mIU/L,Abnormal,2025-08-26T22:00:00
4534,2728,28,278,Lipid Panel,2025-03-30,191,mg/dL,Critical,2025-04-01T22:00:00
4535,2729,28,274,Thyroid Panel,2025-08-28,0.7,mIU/L,Normal,2025-08-29T16:00:00
4536,2729,28,278,Lipid Panel,2025-06-11,271,mg/dL,Normal,2025-06-12T05:00:00
4537,2730,28,271,Lipid Panel,2025-01-15,263,mg/dL,Normal,2025-01-15T16:00:00
4538,2730,28,276,Thyroid Panel,2025-02-26,7.9,mIU/L,Normal,2025-02-27T10:00:00
4539,2730,28,273,Complete Blood Count,2025-06-25,10.7,g/dL,Normal,2025-06-25T13:00:00
4540,2731,28,272,HbA1c,2025-04-27,5.9,%,Normal,2025-04-29T20:00:00
4541,2731,28,278,Thyroid Panel,2025-12-17,2.3,mIU/L,Normal,2025-12-19T07:00:00
4542,2731,28,274,Lipid Panel,2025-11-14,245,mg/dL,Abnormal,2025-11-16T18:00:00
4543,2732,28,272,Complete Blood Count,2025-05-03,9.0,g/dL,Normal,2025-05-05T06:00:00
4544,2733,28,273,Basic Metabolic Panel,2025-04-05,110,mg/dL,Normal,2025-04-07T20:00:00
4545,2734,28,279,Basic Metabolic Panel,2025-04-04,113,mg/dL,Normal,2025-04-06T15:00:00
4546,2735,28,271,Thyroid Panel,2025-04-25,3.1,mIU/L,Normal,2025-04-26T21:00:00
4547,2736,28,276,HbA1c,2025-02-11,6.4,%,Normal,2025-02-12T04:00:00
4548,2736,28,277,Complete Blood Count,2025-11-17,15.2,g/dL,Normal,2025-11-17T17:00:00
4549,2737,28,272,Basic Metabolic Panel,2025-06-26,103,mg/dL,Normal,2025-06-28T17:00:00
4550,2738,28,274,Basic Metabolic Panel,2026-01-27,69,mg/dL,Normal,2026-01-28T14:00:00
4551,2738,28,273,Thyroid Panel,2025-08-01,6.8,mIU/L,Normal,2025-08-02T17:00:00
4552,2739,28,277,Complete Blood Count,2025-03-13,17.0,g/dL,Normal,2025-03-15T18:00:00
4553,2740,28,278,HbA1c,2026-01-04,10.8,%,Abnormal,2026-01-06T10:00:00
4554,2741,28,277,HbA1c,2025-03-30,10.2,%,Normal,2025-04-01T12:00:00
4555,2741,28,279,HbA1c,2025-09-19,7.9,%,Normal,2025-09-21T14:00:00
4556,2742,28,271,Thyroid Panel,2025-01-31,5.1,mIU/L,Normal,2025-02-01T15:00:00
4557,2743,28,277,Lipid Panel,2025-05-01,125,mg/dL,Normal,2025-05-03T23:00:00
4558,2744,28,272,Basic Metabolic Panel,2025-01-31,128,mg/dL,Normal,2025-02-01T07:00:00
4559,2745,28,280,Thyroid Panel,2025-03-06,4.5,mIU/L,Normal,2025-03-08T22:00:00
4560,2745,28,277,Basic Metabolic Panel,2025-12-13,94,mg/dL,Normal,2025-12-15T15:00:00
4561,2746,28,274,HbA1c,2025-09-29,9.6,%,Normal,2025-10-01T22:00:00
4562,2747,28,275,Thyroid Panel,2025-02-16,3.0,mIU/L,Normal,2025-02-18T06:00:00
4563,2747,28,273,Complete Blood Count,2025-11-08,9.3,g/dL,Normal,2025-11-10T16:00:00
4564,2747,28,275,HbA1c,2025-12-14,4.8,%,Normal,2025-12-14T21:00:00
4565,2748,28,274,Complete Blood Count,2025-03-09,10.2,g/dL,Normal,2025-03-10T18:00:00
4566,2748,28,276,Basic Metabolic Panel,2025-08-27,113,mg/dL,Normal,2025-08-27T23:00:00
4567,2749,28,276,HbA1c,2026-01-19,8.3,%,Normal,2026-01-20T06:00:00
4568,2750,28,272,Thyroid Panel,2025-04-14,6.9,mIU/L,Normal,2025-04-16T05:00:00
4569,2751,28,280,HbA1c,2025-02-13,6.0,%,Normal,2025-02-15T20:00:00
4570,2752,28,273,Thyroid Panel,2025-03-02,4.0,mIU/L,Normal,2025-03-04T07:00:00
4571,2752,28,276,Complete Blood Count,2025-12-16,11.7,g/dL,Normal,2025-12-18T01:00:00
4572,2753,28,278,Thyroid Panel,2025-06-23,1.3,mIU/L,Normal,2025-06-25T15:00:00
4573,2753,28,278,Lipid Panel,2025-09-18,161,mg/dL,Abnormal,2025-09-18T19:00:00
4574,2754,28,280,Complete Blood Count,2026-01-10,14.7,g/dL,Normal,2026-01-11T20:00:00
4575,2755,28,273,Lipid Panel,2025-10-31,145,mg/dL,Normal,2025-11-01T23:00:00
4576,2755,28,280,Complete Blood Count,2025-08-15,15.1,g/dL,Normal,2025-08-16T01:00:00
4577,2756,28,278,Complete Blood Count,2025-07-03,15.0,g/dL,Normal,2025-07-03T20:00:00
4578,2757,28,278,Complete Blood Count,2025-05-30,12.0,g/dL,Abnormal,2025-05-31T10:00:00
4579,2757,28,280,Complete Blood Count,2025-04-11,11.4,g/dL,Normal,2025-04-11T15:00:00
4580,2758,28,271,Lipid Panel,2025-03-09,121,mg/dL,Normal,2025-03-11T13:00:00
4581,2759,28,279,Lipid Panel,2025-09-11,263,mg/dL,Normal,2025-09-12T23:00:00
4582,2759,28,274,HbA1c,2025-01-29,8.6,%,Normal,2025-01-29T22:00:00
4583,2760,28,278,Basic Metabolic Panel,2025-05-02,71,mg/dL,Abnormal,2025-05-04T05:00:00
4584,2760,28,275,Complete Blood Count,2026-01-04,13.4,g/dL,Normal,2026-01-06T14:00:00
4585,2761,28,278,HbA1c,2025-02-05,6.4,%,Abnormal,2025-02-06T22:00:00
4586,2762,28,277,Thyroid Panel,2025-01-23,4.2,mIU/L,Abnormal,2025-01-23T16:00:00
4587,2763,28,273,Basic Metabolic Panel,2025-02-06,87,mg/dL,Abnormal,2025-02-06T15:00:00
4588,2763,28,276,Complete Blood Count,2025-05-24,10.2,g/dL,Normal,2025-05-25T12:00:00
4589,2764,28,273,Lipid Panel,2025-02-20,120,mg/dL,Normal,2025-02-21T03:00:00
4590,2764,28,279,Lipid Panel,2025-05-01,212,mg/dL,Normal,2025-05-01T23:00:00
4591,2765,28,274,Complete Blood Count,2025-12-11,15.9,g/dL,Normal,2025-12-12T12:00:00
4592,2765,28,277,Lipid Panel,2025-01-05,226,mg/dL,Normal,2025-01-06T03:00:00
4593,2766,28,272,Basic Metabolic Panel,2026-01-13,96,mg/dL,Normal,2026-01-14T12:00:00
4594,2766,28,278,Thyroid Panel,2025-06-06,4.9,mIU/L,Normal,2025-06-08T05:00:00
4595,2767,28,271,Complete Blood Count,2025-03-08,8.2,g/dL,Normal,2025-03-08T17:00:00
4596,2768,28,271,Basic Metabolic Panel,2025-08-22,66,mg/dL,Normal,2025-08-22T19:00:00
4597,2768,28,275,Thyroid Panel,2025-01-15,3.1,mIU/L,Normal,2025-01-17T14:00:00
4598,2769,28,280,HbA1c,2025-04-21,5.2,%,Normal,2025-04-22T17:00:00
4599,2769,28,276,Complete Blood Count,2025-10-27,14.9,g/dL,Normal,2025-10-29T12:00:00
4600,2770,28,275,HbA1c,2025-07-06,6.2,%,Normal,2025-07-07T14:00:00
4601,2771,28,277,HbA1c,2025-02-28,6.7,%,Normal,2025-03-02T02:00:00
4602,2772,28,272,Lipid Panel,2025-08-17,232,mg/dL,Normal,2025-08-19T10:00:00
4603,2773,28,279,Thyroid Panel,2025-03-14,3.5,mIU/L,Normal,2025-03-16T18:00:00
4604,2774,28,277,Complete Blood Count,2025-07-25,9.2,g/dL,Abnormal,2025-07-27T12:00:00
4605,2774,28,278,Thyroid Panel,2025-01-13,2.0,mIU/L,Normal,2025-01-14T11:00:00
4606,2775,28,272,Lipid Panel,2025-09-26,259,mg/dL,Abnormal,2025-09-27T18:00:00
4607,2776,28,271,Lipid Panel,2025-04-22,155,mg/dL,Normal,2025-04-24T07:00:00
4608,2776,28,275,Basic Metabolic Panel,2025-06-04,73,mg/dL,Abnormal,2025-06-05T07:00:00
4609,2777,28,273,Basic Metabolic Panel,2025-04-15,119,mg/dL,Normal,2025-04-17T10:00:00
4610,2777,28,275,Complete Blood Count,2025-08-23,8.6,g/dL,Abnormal,2025-08-24T14:00:00
4611,2777,28,275,Lipid Panel,2025-12-10,280,mg/dL,Normal,2025-12-10T18:00:00
4612,2778,28,274,Complete Blood Count,2025-09-30,13.4,g/dL,Normal,2025-10-02T11:00:00
4613,2779,28,277,HbA1c,2025-05-09,7.6,%,Normal,2025-05-10T12:00:00
4614,2779,28,279,Thyroid Panel,2025-09-19,3.3,mIU/L,Normal,2025-09-21T21:00:00
4615,2779,28,271,Lipid Panel,2025-10-10,216,mg/dL,Abnormal,2025-10-11T23:00:00
4616,2780,28,271,HbA1c,2025-09-07,8.0,%,Normal,2025-09-09T07:00:00
4617,2781,28,277,Lipid Panel,2026-01-27,140,mg/dL,Normal,2026-01-28T10:00:00
4618,2781,28,273,Lipid Panel,2025-02-28,272,mg/dL,Normal,2025-03-02T06:00:00
4619,2782,28,271,Basic Metabolic Panel,2025-11-03,107,mg/dL,Normal,2025-11-04T02:00:00
4620,2783,28,275,Complete Blood Count,2025-12-18,11.4,g/dL,Normal,2025-12-18T21:00:00
4621,2784,28,278,Lipid Panel,2025-09-20,152,mg/dL,Normal,2025-09-20T22:00:00
4622,2785,28,274,Complete Blood Count,2025-02-28,8.8,g/dL,Normal,2025-03-01T16:00:00
4623,2786,28,277,Complete Blood Count,2025-09-03,15.6,g/dL,Normal,2025-09-04T09:00:00
4624,2786,28,279,Thyroid Panel,2026-01-08,5.9,mIU/L,Normal,2026-01-09T21:00:00
4625,2787,28,278,HbA1c,2025-08-18,8.3,%,Normal,2025-08-20T03:00:00
4626,2787,28,276,Lipid Panel,2025-02-24,154,mg/dL,Normal,2025-02-25T19:00:00
4627,2788,28,277,HbA1c,2025-07-02,10.9,%,Abnormal,2025-07-03T21:00:00
4628,2789,28,279,Complete Blood Count,2025-01-05,17.0,g/dL,Normal,2025-01-06T15:00:00
4629,2789,28,274,HbA1c,2025-05-05,7.1,%,Critical,2025-05-05T18:00:00
4630,2790,28,272,Lipid Panel,2025-08-25,272,mg/dL,Abnormal,2025-08-26T11:00:00
4631,2791,28,273,Basic Metabolic Panel,2025-08-03,78,mg/dL,Normal,2025-08-05T02:00:00
4632,2792,28,278,Thyroid Panel,2025-02-15,4.2,mIU/L,Abnormal,2025-02-17T00:00:00
4633,2793,28,280,Thyroid Panel,2025-01-28,7.1,mIU/L,Normal,2025-01-29T13:00:00
4634,2794,28,271,Complete Blood Count,2025-11-26,14.9,g/dL,Normal,2025-11-28T16:00:00
4635,2794,28,272,Basic Metabolic Panel,2025-06-28,128,mg/dL,Abnormal,2025-06-29T00:00:00
4636,2794,28,273,Complete Blood Count,2025-12-20,11.5,g/dL,Normal,2025-12-21T00:00:00
4637,2795,28,274,Complete Blood Count,2025-09-27,12.2,g/dL,Normal,2025-09-28T09:00:00
4638,2796,28,271,HbA1c,2025-01-29,9.0,%,Normal,2025-01-30T03:00:00
4639,2797,28,276,HbA1c,2025-06-20,6.9,%,Normal,2025-06-21T20:00:00
4640,2798,28,274,Thyroid Panel,2025-10-08,7.4,mIU/L,Abnormal,2025-10-10T12:00:00
4641,2798,28,273,Basic Metabolic Panel,2026-01-11,100,mg/dL,Normal,2026-01-12T01:00:00
4642,2799,28,276,HbA1c,2025-05-20,5.2,%,Abnormal,2025-05-20T16:00:00
4643,2800,28,273,HbA1c,2025-02-04,8.1,%,Abnormal,2025-02-06T04:00:00
4644,2800,28,275,Basic Metabolic Panel,2025-04-02,118,mg/dL,Critical,2025-04-04T21:00:00
4645,2801,29,283,Lipid Panel,2025-01-20,223,mg/dL,Normal,2025-01-20T19:00:00
4646,2801,29,287,Lipid Panel,2025-11-03,266,mg/dL,Normal,2025-11-04T04:00:00
4647,2802,29,284,Thyroid Panel,2025-04-30,2.2,mIU/L,Normal,2025-04-30T18:00:00
4648,2803,29,281,Thyroid Panel,2026-01-31,2.2,mIU/L,Normal,2026-02-02T15:00:00
4649,2804,29,286,Thyroid Panel,2025-10-28,0.7,mIU/L,Normal,2025-10-29T15:00:00
4650,2805,29,290,Thyroid Panel,2025-11-19,3.9,mIU/L,Abnormal,2025-11-20T05:00:00
4651,2806,29,290,Thyroid Panel,2025-12-26,7.0,mIU/L,Normal,2025-12-26T18:00:00
4652,2807,29,284,HbA1c,2026-01-25,8.7,%,Normal,2026-01-27T23:00:00
4653,2807,29,287,Thyroid Panel,2025-04-16,0.8,mIU/L,Critical,2025-04-17T01:00:00
4654,2808,29,287,Basic Metabolic Panel,2025-09-02,68,mg/dL,Normal,2025-09-04T08:00:00
4655,2809,29,284,HbA1c,2025-12-28,10.8,%,Normal,2025-12-30T22:00:00
4656,2810,29,283,Lipid Panel,2025-02-18,189,mg/dL,Normal,2025-02-20T08:00:00
4657,2811,29,284,Complete Blood Count,2025-05-06,11.7,g/dL,Abnormal,2025-05-06T23:00:00
4658,2811,29,287,HbA1c,2025-01-08,6.5,%,Abnormal,2025-01-08T18:00:00
4659,2811,29,282,HbA1c,2025-03-28,6.4,%,Abnormal,2025-03-29T06:00:00
4660,2812,29,285,Lipid Panel,2025-03-22,127,mg/dL,Normal,2025-03-24T08:00:00
4661,2812,29,286,Complete Blood Count,2025-06-07,14.3,g/dL,Normal,2025-06-08T16:00:00
4662,2813,29,282,Complete Blood Count,2025-09-21,14.0,g/dL,Normal,2025-09-22T15:00:00
4663,2813,29,286,Basic Metabolic Panel,2025-01-05,100,mg/dL,Abnormal,2025-01-07T03:00:00
4664,2814,29,285,Basic Metabolic Panel,2025-04-09,109,mg/dL,Normal,2025-04-11T03:00:00
4665,2815,29,284,Basic Metabolic Panel,2025-06-13,69,mg/dL,Abnormal,2025-06-14T07:00:00
4666,2815,29,283,HbA1c,2025-02-17,10.0,%,Normal,2025-02-19T07:00:00
4667,2816,29,283,Basic Metabolic Panel,2025-12-08,74,mg/dL,Abnormal,2025-12-10T21:00:00
4668,2817,29,284,HbA1c,2025-11-12,7.0,%,Normal,2025-11-13T05:00:00
4669,2818,29,283,Complete Blood Count,2025-03-31,13.7,g/dL,Normal,2025-04-01T03:00:00
4670,2818,29,287,Basic Metabolic Panel,2025-12-06,139,mg/dL,Critical,2025-12-08T23:00:00
4671,2819,29,283,Thyroid Panel,2025-04-29,3.0,mIU/L,Normal,2025-04-30T22:00:00
4672,2819,29,290,HbA1c,2025-02-03,5.1,%,Abnormal,2025-02-05T04:00:00
4673,2820,29,284,Thyroid Panel,2025-11-15,5.5,mIU/L,Normal,2025-11-17T14:00:00
4674,2820,29,285,Lipid Panel,2025-12-01,191,mg/dL,Abnormal,2025-12-03T04:00:00
4675,2821,29,287,Basic Metabolic Panel,2025-09-20,87,mg/dL,Normal,2025-09-22T11:00:00
4676,2822,29,284,HbA1c,2025-10-03,8.9,%,Normal,2025-10-05T02:00:00
4677,2823,29,284,Basic Metabolic Panel,2025-02-22,112,mg/dL,Critical,2025-02-25T00:00:00
4678,2824,29,287,Thyroid Panel,2025-01-20,2.3,mIU/L,Normal,2025-01-21T20:00:00
4679,2824,29,286,HbA1c,2025-05-08,5.6,%,Normal,2025-05-10T10:00:00
4680,2825,29,290,Lipid Panel,2025-06-18,261,mg/dL,Normal,2025-06-19T09:00:00
4681,2826,29,286,Complete Blood Count,2025-06-27,13.2,g/dL,Critical,2025-06-27T22:00:00
4682,2827,29,289,Thyroid Panel,2025-11-08,7.9,mIU/L,Abnormal,2025-11-09T05:00:00
4683,2827,29,288,Complete Blood Count,2025-08-07,10.2,g/dL,Abnormal,2025-08-09T15:00:00
4684,2827,29,287,HbA1c,2025-06-15,6.6,%,Normal,2025-06-17T02:00:00
4685,2828,29,287,HbA1c,2025-08-23,4.8,%,Abnormal,2025-08-23T19:00:00
4686,2828,29,289,Lipid Panel,2025-01-20,121,mg/dL,Normal,2025-01-22T12:00:00
4687,2828,29,290,HbA1c,2025-10-09,6.3,%,Critical,2025-10-10T20:00:00
4688,2829,29,285,HbA1c,2025-11-09,9.3,%,Normal,2025-11-11T05:00:00
4689,2830,29,287,Basic Metabolic Panel,2025-10-29,122,mg/dL,Normal,2025-10-30T22:00:00
4690,2831,29,281,Basic Metabolic Panel,2025-08-23,78,mg/dL,Abnormal,2025-08-25T08:00:00
4691,2832,29,287,Thyroid Panel,2025-05-14,0.7,mIU/L,Normal,2025-05-16T03:00:00
4692,2832,29,282,Complete Blood Count,2026-01-24,8.2,g/dL,Abnormal,2026-01-25T01:00:00
4693,2833,29,288,Complete Blood Count,2025-09-03,11.0,g/dL,Normal,2025-09-05T17:00:00
4694,2834,29,286,Complete Blood Count,2025-02-09,13.9,g/dL,Abnormal,2025-02-10T22:00:00
4695,2835,29,281,Complete Blood Count,2025-12-06,11.5,g/dL,Normal,2025-12-07T06:00:00
4696,2836,29,283,Lipid Panel,2025-12-22,192,mg/dL,Critical,2025-12-23T01:00:00
4697,2836,29,286,Thyroid Panel,2025-08-11,7.1,mIU/L,Normal,2025-08-13T00:00:00
4698,2836,29,281,HbA1c,2025-01-09,6.6,%,Normal,2025-01-11T05:00:00
4699,2837,29,290,Lipid Panel,2025-06-25,244,mg/dL,Normal,2025-06-26T07:00:00
4700,2838,29,285,Lipid Panel,2025-08-11,263,mg/dL,Normal,2025-08-11T16:00:00
4701,2838,29,289,Thyroid Panel,2025-06-19,1.6,mIU/L,Normal,2025-06-21T15:00:00
4702,2839,29,281,Lipid Panel,2025-01-29,204,mg/dL,Normal,2025-01-31T19:00:00
4703,2840,29,286,Basic Metabolic Panel,2026-01-17,119,mg/dL,Abnormal,2026-01-17T23:00:00
4704,2841,29,285,Thyroid Panel,2025-02-06,7.9,mIU/L,Normal,2025-02-08T04:00:00
4705,2841,29,284,Thyroid Panel,2025-10-21,5.3,mIU/L,Abnormal,2025-10-22T03:00:00
4706,2841,29,287,Thyroid Panel,2025-12-10,7.0,mIU/L,Normal,2025-12-11T12:00:00
4707,2842,29,284,Complete Blood Count,2025-02-13,14.5,g/dL,Abnormal,2025-02-13T13:00:00
4708,2842,29,283,Basic Metabolic Panel,2025-10-23,135,mg/dL,Normal,2025-10-24T12:00:00
4709,2843,29,290,Lipid Panel,2026-01-24,120,mg/dL,Normal,2026-01-25T06:00:00
4710,2844,29,286,Lipid Panel,2025-08-24,245,mg/dL,Normal,2025-08-25T10:00:00
4711,2844,29,288,Complete Blood Count,2025-07-18,16.0,g/dL,Normal,2025-07-19T08:00:00
4712,2845,29,284,Basic Metabolic Panel,2025-05-10,92,mg/dL,Normal,2025-05-11T07:00:00
4713,2846,29,290,HbA1c,2025-11-03,7.1,%,Abnormal,2025-11-04T12:00:00
4714,2847,29,284,Complete Blood Count,2025-12-12,12.8,g/dL,Normal,2025-12-12T21:00:00
4715,2847,29,286,Basic Metabolic Panel,2025-02-15,118,mg/dL,Abnormal,2025-02-16T18:00:00
4716,2848,29,281,Basic Metabolic Panel,2025-03-05,93,mg/dL,Normal,2025-03-07T20:00:00
4717,2848,29,285,HbA1c,2025-08-08,7.5,%,Normal,2025-08-08T23:00:00
4718,2849,29,287,Lipid Panel,2025-08-16,220,mg/dL,Normal,2025-08-17T22:00:00
4719,2849,29,281,Thyroid Panel,2025-10-11,5.0,mIU/L,Abnormal,2025-10-13T22:00:00
4720,2849,29,288,Basic Metabolic Panel,2025-09-11,98,mg/dL,Abnormal,2025-09-13T13:00:00
4721,2850,29,285,Lipid Panel,2025-09-15,193,mg/dL,Normal,2025-09-17T09:00:00
4722,2850,29,290,HbA1c,2025-08-17,10.0,%,Normal,2025-08-19T11:00:00
4723,2851,29,281,Lipid Panel,2025-07-19,241,mg/dL,Normal,2025-07-20T17:00:00
4724,2852,29,281,HbA1c,2025-01-12,10.2,%,Normal,2025-01-14T19:00:00
4725,2853,29,282,HbA1c,2025-06-29,8.4,%,Normal,2025-06-30T00:00:00
4726,2854,29,288,Lipid Panel,2025-01-31,173,mg/dL,Normal,2025-02-02T03:00:00
4727,2855,29,281,Thyroid Panel,2026-01-14,6.9,mIU/L,Abnormal,2026-01-14T14:00:00
4728,2855,29,286,Basic Metabolic Panel,2026-01-07,110,mg/dL,Normal,2026-01-08T20:00:00
4729,2856,29,285,HbA1c,2025-06-20,6.1,%,Normal,2025-06-22T05:00:00
4730,2856,29,286,Lipid Panel,2025-04-03,207,mg/dL,Normal,2025-04-05T22:00:00
4731,2857,29,287,Basic Metabolic Panel,2025-11-20,69,mg/dL,Abnormal,2025-11-22T07:00:00
4732,2857,29,281,Complete Blood Count,2025-01-15,10.3,g/dL,Critical,2025-01-17T18:00:00
4733,2858,29,282,Complete Blood Count,2025-06-07,14.6,g/dL,Critical,2025-06-09T01:00:00
4734,2858,29,286,Basic Metabolic Panel,2025-02-10,74,mg/dL,Normal,2025-02-12T02:00:00
4735,2859,29,290,Thyroid Panel,2025-06-10,6.0,mIU/L,Normal,2025-06-10T17:00:00
4736,2859,29,282,HbA1c,2026-01-19,7.8,%,Abnormal,2026-01-20T16:00:00
4737,2860,29,287,Complete Blood Count,2025-06-06,10.8,g/dL,Normal,2025-06-07T18:00:00
4738,2861,29,289,Basic Metabolic Panel,2025-09-07,130,mg/dL,Normal,2025-09-09T06:00:00
4739,2861,29,288,Thyroid Panel,2025-12-10,3.5,mIU/L,Abnormal,2025-12-12T05:00:00
4740,2861,29,287,Thyroid Panel,2025-12-29,7.1,mIU/L,Normal,2025-12-31T03:00:00
4741,2862,29,283,HbA1c,2025-11-04,7.1,%,Normal,2025-11-06T01:00:00
4742,2863,29,290,Complete Blood Count,2025-03-26,10.5,g/dL,Normal,2025-03-28T08:00:00
4743,2863,29,284,Complete Blood Count,2025-10-22,14.6,g/dL,Normal,2025-10-24T09:00:00
4744,2864,29,285,Complete Blood Count,2025-09-04,10.8,g/dL,Normal,2025-09-06T07:00:00
4745,2865,29,283,Lipid Panel,2025-05-10,137,mg/dL,Normal,2025-05-10T15:00:00
4746,2865,29,284,Complete Blood Count,2025-07-12,12.8,g/dL,Normal,2025-07-12T14:00:00
4747,2866,29,284,Lipid Panel,2025-10-30,261,mg/dL,Normal,2025-11-01T17:00:00
4748,2867,29,289,HbA1c,2025-08-22,5.6,%,Abnormal,2025-08-23T07:00:00
4749,2868,29,281,Lipid Panel,2025-11-07,203,mg/dL,Normal,2025-11-08T04:00:00
4750,2868,29,281,Lipid Panel,2025-09-16,177,mg/dL,Normal,2025-09-17T18:00:00
4751,2869,29,282,Thyroid Panel,2025-12-16,7.4,mIU/L,Abnormal,2025-12-18T08:00:00
4752,2869,29,287,Basic Metabolic Panel,2025-09-12,104,mg/dL,Normal,2025-09-13T18:00:00
4753,2870,29,284,HbA1c,2025-12-12,5.0,%,Normal,2025-12-13T00:00:00
4754,2871,29,286,Lipid Panel,2025-08-03,188,mg/dL,Normal,2025-08-05T13:00:00
4755,2872,29,286,Lipid Panel,2025-09-27,279,mg/dL,Normal,2025-09-29T13:00:00
4756,2872,29,283,Complete Blood Count,2025-11-05,12.4,g/dL,Normal,2025-11-06T08:00:00
4757,2873,29,290,Complete Blood Count,2025-09-25,15.3,g/dL,Abnormal,2025-09-26T07:00:00
4758,2873,29,282,Lipid Panel,2025-07-12,261,mg/dL,Normal,2025-07-13T09:00:00
4759,2874,29,282,Basic Metabolic Panel,2025-06-26,123,mg/dL,Normal,2025-06-28T12:00:00
4760,2874,29,284,Thyroid Panel,2025-02-19,1.9,mIU/L,Normal,2025-02-21T01:00:00
4761,2875,29,290,Complete Blood Count,2026-01-02,12.9,g/dL,Normal,2026-01-04T12:00:00
4762,2875,29,281,Lipid Panel,2025-02-03,256,mg/dL,Normal,2025-02-05T16:00:00
4763,2876,29,285,Lipid Panel,2025-03-30,275,mg/dL,Abnormal,2025-03-31T07:00:00
4764,2877,29,290,HbA1c,2026-01-17,8.2,%,Normal,2026-01-19T17:00:00
4765,2878,29,281,Thyroid Panel,2025-02-22,6.0,mIU/L,Normal,2025-02-22T23:00:00
4766,2878,29,286,Lipid Panel,2025-04-09,240,mg/dL,Normal,2025-04-10T06:00:00
4767,2879,29,287,Complete Blood Count,2025-02-12,9.8,g/dL,Abnormal,2025-02-13T09:00:00
4768,2880,29,284,Complete Blood Count,2025-06-14,16.6,g/dL,Normal,2025-06-15T02:00:00
4769,2881,29,285,HbA1c,2025-08-14,4.6,%,Normal,2025-08-15T22:00:00
4770,2882,29,281,Thyroid Panel,2026-01-15,8.0,mIU/L,Normal,2026-01-16T14:00:00
4771,2882,29,289,HbA1c,2025-06-10,8.8,%,Normal,2025-06-11T08:00:00
4772,2883,29,287,Lipid Panel,2025-06-16,198,mg/dL,Normal,2025-06-18T20:00:00
4773,2883,29,289,Lipid Panel,2025-10-30,272,mg/dL,Normal,2025-10-30T18:00:00
4774,2884,29,290,HbA1c,2025-01-29,6.7,%,Normal,2025-01-30T14:00:00
4775,2884,29,282,Thyroid Panel,2025-02-22,7.4,mIU/L,Normal,2025-02-22T13:00:00
4776,2884,29,282,Basic Metabolic Panel,2025-12-20,113,mg/dL,Normal,2025-12-22T03:00:00
4777,2885,29,289,Lipid Panel,2025-12-07,160,mg/dL,Normal,2025-12-08T04:00:00
4778,2886,29,287,Thyroid Panel,2025-09-15,1.4,mIU/L,Normal,2025-09-17T23:00:00
4779,2886,29,282,Basic Metabolic Panel,2025-11-23,110,mg/dL,Normal,2025-11-24T13:00:00
4780,2887,29,290,Thyroid Panel,2025-03-16,6.3,mIU/L,Normal,2025-03-16T13:00:00
4781,2887,29,285,Basic Metabolic Panel,2025-12-29,138,mg/dL,Abnormal,2025-12-29T17:00:00
4782,2888,29,290,Lipid Panel,2025-12-05,155,mg/dL,Normal,2025-12-07T15:00:00
4783,2889,29,286,Basic Metabolic Panel,2026-01-25,81,mg/dL,Normal,2026-01-25T20:00:00
4784,2889,29,288,Complete Blood Count,2025-03-22,14.3,g/dL,Normal,2025-03-22T21:00:00
4785,2889,29,288,HbA1c,2025-11-12,8.1,%,Abnormal,2025-11-13T19:00:00
4786,2890,29,284,Thyroid Panel,2025-03-04,3.9,mIU/L,Normal,2025-03-04T21:00:00
4787,2891,29,286,Lipid Panel,2025-06-19,131,mg/dL,Critical,2025-06-21T07:00:00
4788,2892,29,281,Lipid Panel,2025-07-24,252,mg/dL,Abnormal,2025-07-24T13:00:00
4789,2892,29,281,HbA1c,2025-03-30,8.1,%,Critical,2025-04-01T14:00:00
4790,2892,29,283,HbA1c,2025-07-03,4.6,%,Normal,2025-07-05T18:00:00
4791,2893,29,288,Basic Metabolic Panel,2025-01-22,108,mg/dL,Normal,2025-01-24T09:00:00
4792,2894,29,282,Thyroid Panel,2025-10-27,7.8,mIU/L,Normal,2025-10-28T20:00:00
4793,2895,29,285,Lipid Panel,2025-02-18,129,mg/dL,Normal,2025-02-20T21:00:00
4794,2896,29,286,Basic Metabolic Panel,2025-04-23,82,mg/dL,Normal,2025-04-24T20:00:00
4795,2896,29,289,Thyroid Panel,2025-08-15,7.4,mIU/L,Abnormal,2025-08-17T10:00:00
4796,2897,29,290,Thyroid Panel,2025-02-07,6.7,mIU/L,Normal,2025-02-08T01:00:00
4797,2898,29,287,Lipid Panel,2025-10-30,155,mg/dL,Abnormal,2025-10-30T13:00:00
4798,2898,29,282,Lipid Panel,2025-07-15,262,mg/dL,Critical,2025-07-15T12:00:00
4799,2898,29,288,Thyroid Panel,2026-01-21,2.4,mIU/L,Abnormal,2026-01-22T16:00:00
4800,2899,29,290,Thyroid Panel,2025-09-18,0.4,mIU/L,Normal,2025-09-18T13:00:00
4801,2900,29,285,Thyroid Panel,2026-01-27,4.8,mIU/L,Abnormal,2026-01-28T08:00:00
4802,2901,30,300,HbA1c,2025-10-29,6.5,%,Abnormal,2025-10-31T09:00:00
4803,2901,30,295,Basic Metabolic Panel,2026-01-10,137,mg/dL,Critical,2026-01-10T15:00:00
4804,2902,30,298,Lipid Panel,2025-05-03,263,mg/dL,Normal,2025-05-05T01:00:00
4805,2903,30,297,Basic Metabolic Panel,2025-11-24,92,mg/dL,Abnormal,2025-11-24T15:00:00
4806,2904,30,294,Lipid Panel,2025-09-10,220,mg/dL,Abnormal,2025-09-10T12:00:00
4807,2905,30,299,Thyroid Panel,2025-11-17,3.4,mIU/L,Abnormal,2025-11-18T21:00:00
4808,2906,30,296,Basic Metabolic Panel,2025-10-31,84,mg/dL,Normal,2025-11-02T21:00:00
4809,2907,30,299,Lipid Panel,2025-09-27,160,mg/dL,Normal,2025-09-29T21:00:00
4810,2907,30,299,Complete Blood Count,2025-02-26,14.8,g/dL,Normal,2025-02-27T21:00:00
4811,2908,30,294,Complete Blood Count,2025-09-19,11.9,g/dL,Normal,2025-09-20T20:00:00
4812,2909,30,295,Basic Metabolic Panel,2025-07-29,127,mg/dL,Normal,2025-07-31T04:00:00
4813,2909,30,291,Thyroid Panel,2025-05-23,7.6,mIU/L,Abnormal,2025-05-24T08:00:00
4814,2910,30,295,HbA1c,2025-10-22,8.2,%,Normal,2025-10-23T18:00:00
4815,2911,30,296,Lipid Panel,2025-09-02,140,mg/dL,Abnormal,2025-09-03T08:00:00
4816,2912,30,296,Thyroid Panel,2025-09-15,5.1,mIU/L,Normal,2025-09-17T08:00:00
4817,2912,30,295,Thyroid Panel,2025-05-22,5.8,mIU/L,Critical,2025-05-22T17:00:00
4818,2913,30,295,Thyroid Panel,2025-03-22,3.3,mIU/L,Normal,2025-03-23T15:00:00
4819,2914,30,292,Thyroid Panel,2025-08-06,5.1,mIU/L,Normal,2025-08-07T04:00:00
4820,2914,30,295,Thyroid Panel,2025-06-12,3.4,mIU/L,Abnormal,2025-06-12T16:00:00
4821,2915,30,297,HbA1c,2025-11-10,10.3,%,Normal,2025-11-11T13:00:00
4822,2915,30,300,Basic Metabolic Panel,2026-01-05,95,mg/dL,Abnormal,2026-01-05T12:00:00
4823,2916,30,294,HbA1c,2025-04-05,9.3,%,Abnormal,2025-04-05T15:00:00
4824,2917,30,294,Complete Blood Count,2026-01-13,8.8,g/dL,Normal,2026-01-14T08:00:00
4825,2918,30,293,Lipid Panel,2025-03-16,191,mg/dL,Normal,2025-03-16T20:00:00
4826,2918,30,299,Lipid Panel,2026-01-31,198,mg/dL,Normal,2026-02-02T06:00:00
4827,2919,30,297,Thyroid Panel,2025-11-18,0.7,mIU/L,Abnormal,2025-11-19T21:00:00
4828,2920,30,291,Complete Blood Count,2025-09-17,15.2,g/dL,Normal,2025-09-17T14:00:00
4829,2921,30,294,HbA1c,2025-02-06,8.1,%,Abnormal,2025-02-08T17:00:00
4830,2921,30,294,Basic Metabolic Panel,2025-07-11,95,mg/dL,Abnormal,2025-07-13T14:00:00
4831,2922,30,298,Complete Blood Count,2025-06-17,16.4,g/dL,Normal,2025-06-18T04:00:00
4832,2923,30,296,Lipid Panel,2025-03-20,269,mg/dL,Normal,2025-03-22T21:00:00
4833,2923,30,300,Basic Metabolic Panel,2025-05-17,127,mg/dL,Abnormal,2025-05-19T23:00:00
4834,2923,30,297,Lipid Panel,2025-03-11,246,mg/dL,Normal,2025-03-11T15:00:00
4835,2924,30,297,HbA1c,2025-02-02,8.6,%,Normal,2025-02-02T18:00:00
4836,2924,30,293,Thyroid Panel,2025-06-28,6.6,mIU/L,Normal,2025-06-29T14:00:00
4837,2925,30,293,Thyroid Panel,2025-01-22,3.1,mIU/L,Critical,2025-01-22T22:00:00
4838,2925,30,296,HbA1c,2025-11-29,9.2,%,Normal,2025-12-01T17:00:00
4839,2926,30,291,Basic Metabolic Panel,2025-06-24,123,mg/dL,Normal,2025-06-26T19:00:00
4840,2926,30,293,Complete Blood Count,2025-07-17,16.2,g/dL,Normal,2025-07-17T23:00:00
4841,2927,30,300,HbA1c,2025-11-25,7.1,%,Normal,2025-11-26T20:00:00
4842,2928,30,291,Basic Metabolic Panel,2025-11-09,136,mg/dL,Abnormal,2025-11-11T13:00:00
4843,2928,30,298,HbA1c,2025-10-16,5.0,%,Normal,2025-10-18T08:00:00
4844,2929,30,299,Complete Blood Count,2025-07-11,12.1,g/dL,Normal,2025-07-12T11:00:00
4845,2930,30,295,HbA1c,2025-06-07,5.1,%,Abnormal,2025-06-09T02:00:00
4846,2930,30,296,Lipid Panel,2025-08-08,145,mg/dL,Normal,2025-08-10T22:00:00
4847,2931,30,299,Lipid Panel,2025-11-26,252,mg/dL,Normal,2025-11-27T09:00:00
4848,2931,30,298,HbA1c,2025-08-11,7.4,%,Normal,2025-08-12T10:00:00
4849,2932,30,291,Basic Metabolic Panel,2025-07-05,67,mg/dL,Normal,2025-07-06T08:00:00
4850,2933,30,294,HbA1c,2026-01-28,5.9,%,Normal,2026-01-29T15:00:00
4851,2933,30,298,Complete Blood Count,2025-07-30,11.0,g/dL,Normal,2025-08-01T15:00:00
4852,2934,30,291,Thyroid Panel,2025-11-10,2.3,mIU/L,Abnormal,2025-11-12T18:00:00
4853,2934,30,298,Basic Metabolic Panel,2025-06-02,95,mg/dL,Normal,2025-06-04T19:00:00
4854,2934,30,294,HbA1c,2025-08-27,8.4,%,Critical,2025-08-27T19:00:00
4855,2935,30,292,Complete Blood Count,2025-11-26,16.5,g/dL,Normal,2025-11-27T04:00:00
4856,2935,30,294,HbA1c,2025-05-15,8.5,%,Normal,2025-05-16T03:00:00
4857,2936,30,295,Thyroid Panel,2025-03-30,4.0,mIU/L,Critical,2025-03-31T10:00:00
4858,2936,30,298,Thyroid Panel,2025-05-11,2.9,mIU/L,Normal,2025-05-11T18:00:00
4859,2937,30,298,HbA1c,2025-10-01,5.1,%,Abnormal,2025-10-02T09:00:00
4860,2938,30,294,Thyroid Panel,2025-03-19,5.4,mIU/L,Abnormal,2025-03-20T03:00:00
4861,2939,30,296,HbA1c,2026-02-01,8.1,%,Abnormal,2026-02-03T07:00:00
4862,2939,30,296,Basic Metabolic Panel,2025-09-07,103,mg/dL,Critical,2025-09-08T11:00:00
4863,2940,30,297,Basic Metabolic Panel,2025-03-21,70,mg/dL,Abnormal,2025-03-23T14:00:00
4864,2941,30,295,Complete Blood Count,2025-07-30,15.0,g/dL,Normal,2025-07-30T22:00:00
4865,2941,30,295,Basic Metabolic Panel,2025-06-03,65,mg/dL,Normal,2025-06-03T13:00:00
4866,2942,30,300,Basic Metabolic Panel,2025-05-11,77,mg/dL,Critical,2025-05-13T10:00:00
4867,2943,30,298,Lipid Panel,2025-03-05,194,mg/dL,Normal,2025-03-06T23:00:00
4868,2943,30,296,Thyroid Panel,2025-01-22,2.9,mIU/L,Abnormal,2025-01-23T21:00:00
4869,2944,30,295,HbA1c,2025-07-26,9.1,%,Normal,2025-07-26T14:00:00
4870,2945,30,300,Basic Metabolic Panel,2025-01-10,77,mg/dL,Normal,2025-01-10T16:00:00
4871,2946,30,291,Complete Blood Count,2025-08-13,14.8,g/dL,Normal,2025-08-15T11:00:00
4872,2946,30,297,Basic Metabolic Panel,2025-11-27,138,mg/dL,Normal,2025-11-28T05:00:00
4873,2947,30,297,Thyroid Panel,2025-09-28,1.7,mIU/L,Normal,2025-09-29T08:00:00
4874,2948,30,293,Complete Blood Count,2025-07-06,14.7,g/dL,Abnormal,2025-07-08T01:00:00
4875,2949,30,299,Thyroid Panel,2025-07-25,3.6,mIU/L,Normal,2025-07-27T07:00:00
4876,2950,30,297,Basic Metabolic Panel,2025-07-08,95,mg/dL,Normal,2025-07-10T20:00:00
4877,2950,30,296,Thyroid Panel,2025-01-24,4.9,mIU/L,Normal,2025-01-25T19:00:00
4878,2950,30,293,Lipid Panel,2025-10-03,256,mg/dL,Normal,2025-10-04T01:00:00
4879,2951,30,294,Lipid Panel,2025-02-24,208,mg/dL,Normal,2025-02-26T12:00:00
4880,2952,30,295,Lipid Panel,2025-11-06,132,mg/dL,Abnormal,2025-11-07T17:00:00
4881,2953,30,298,HbA1c,2025-04-27,10.8,%,Normal,2025-04-28T15:00:00
4882,2954,30,294,HbA1c,2026-01-31,7.6,%,Normal,2026-02-02T10:00:00
4883,2954,30,298,Complete Blood Count,2025-05-18,16.6,g/dL,Critical,2025-05-19T21:00:00
4884,2955,30,291,Complete Blood Count,2025-12-11,16.2,g/dL,Normal,2025-12-13T10:00:00
4885,2956,30,297,HbA1c,2025-03-20,8.1,%,Abnormal,2025-03-21T12:00:00
4886,2957,30,296,Lipid Panel,2025-05-02,226,mg/dL,Abnormal,2025-05-04T21:00:00
4887,2957,30,300,HbA1c,2025-02-04,9.1,%,Abnormal,2025-02-04T21:00:00
4888,2958,30,299,Basic Metabolic Panel,2025-10-26,119,mg/dL,Normal,2025-10-26T18:00:00
4889,2958,30,293,Lipid Panel,2025-03-27,170,mg/dL,Normal,2025-03-27T16:00:00
4890,2958,30,293,HbA1c,2025-07-13,10.1,%,Critical,2025-07-13T17:00:00
4891,2959,30,299,Thyroid Panel,2025-03-17,6.5,mIU/L,Normal,2025-03-19T17:00:00
4892,2959,30,300,HbA1c,2026-01-24,7.1,%,Normal,2026-01-26T12:00:00
4893,2960,30,295,Basic Metabolic Panel,2025-12-25,112,mg/dL,Normal,2025-12-26T01:00:00
4894,2960,30,296,HbA1c,2025-02-09,6.4,%,Normal,2025-02-09T19:00:00
4895,2960,30,299,HbA1c,2025-07-15,5.1,%,Normal,2025-07-17T22:00:00
4896,2961,30,291,HbA1c,2025-04-16,5.4,%,Abnormal,2025-04-17T23:00:00
4897,2961,30,299,Complete Blood Count,2025-04-21,14.2,g/dL,Abnormal,2025-04-22T16:00:00
4898,2962,30,299,HbA1c,2025-10-02,9.6,%,Abnormal,2025-10-04T13:00:00
4899,2962,30,298,Complete Blood Count,2025-12-10,10.3,g/dL,Normal,2025-12-10T20:00:00
4900,2963,30,295,Thyroid Panel,2025-05-05,2.2,mIU/L,Normal,2025-05-06T08:00:00
4901,2963,30,291,Complete Blood Count,2025-08-15,9.0,g/dL,Normal,2025-08-15T22:00:00
4902,2963,30,297,Complete Blood Count,2025-09-18,9.8,g/dL,Abnormal,2025-09-19T18:00:00
4903,2964,30,295,Basic Metabolic Panel,2025-01-24,126,mg/dL,Normal,2025-01-26T10:00:00
4904,2965,30,298,Basic Metabolic Panel,2025-10-06,78,mg/dL,Abnormal,2025-10-07T03:00:00
4905,2965,30,297,Lipid Panel,2025-07-11,274,mg/dL,Normal,2025-07-11T12:00:00
4906,2965,30,298,Complete Blood Count,2025-04-05,13.7,g/dL,Normal,2025-04-05T18:00:00
4907,2966,30,299,Thyroid Panel,2025-07-22,6.8,mIU/L,Normal,2025-07-23T23:00:00
4908,2967,30,299,Basic Metabolic Panel,2025-04-24,138,mg/dL,Normal,2025-04-24T14:00:00
4909,2968,30,293,Basic Metabolic Panel,2025-12-02,103,mg/dL,Abnormal,2025-12-03T09:00:00
4910,2968,30,295,Thyroid Panel,2025-06-02,3.6,mIU/L,Normal,2025-06-02T18:00:00
4911,2969,30,291,HbA1c,2025-12-17,9.2,%,Normal,2025-12-19T12:00:00
4912,2970,30,297,HbA1c,2025-10-19,9.7,%,Critical,2025-10-19T14:00:00
4913,2970,30,298,Complete Blood Count,2025-03-08,10.1,g/dL,Abnormal,2025-03-09T09:00:00
4914,2971,30,300,Basic Metabolic Panel,2025-03-05,71,mg/dL,Normal,2025-03-06T23:00:00
4915,2971,30,296,Thyroid Panel,2025-04-07,4.7,mIU/L,Critical,2025-04-08T13:00:00
4916,2971,30,293,Thyroid Panel,2025-01-06,3.3,mIU/L,Normal,2025-01-07T17:00:00
4917,2972,30,296,Lipid Panel,2025-11-03,137,mg/dL,Normal,2025-11-04T03:00:00
4918,2973,30,293,HbA1c,2025-07-25,10.7,%,Normal,2025-07-27T14:00:00
4919,2974,30,297,Thyroid Panel,2026-01-23,6.0,mIU/L,Normal,2026-01-23T13:00:00
4920,2975,30,296,HbA1c,2025-03-14,7.8,%,Abnormal,2025-03-16T19:00:00
4921,2975,30,300,Lipid Panel,2026-01-31,170,mg/dL,Normal,2026-02-01T11:00:00
4922,2976,30,295,Lipid Panel,2025-11-24,279,mg/dL,Normal,2025-11-24T17:00:00
4923,2976,30,296,Basic Metabolic Panel,2025-06-17,95,mg/dL,Normal,2025-06-19T18:00:00
4924,2977,30,295,Basic Metabolic Panel,2025-04-22,138,mg/dL,Normal,2025-04-24T13:00:00
4925,2978,30,291,Lipid Panel,2025-06-05,140,mg/dL,Abnormal,2025-06-05T15:00:00
4926,2979,30,293,Thyroid Panel,2025-02-14,2.2,mIU/L,Normal,2025-02-16T00:00:00
4927,2979,30,299,Thyroid Panel,2025-10-17,5.7,mIU/L,Normal,2025-10-19T01:00:00
4928,2980,30,300,Basic Metabolic Panel,2025-09-10,77,mg/dL,Normal,2025-09-12T23:00:00
4929,2981,30,291,Lipid Panel,2025-06-26,128,mg/dL,Normal,2025-06-27T14:00:00
4930,2981,30,291,Thyroid Panel,2025-03-08,2.6,mIU/L,Abnormal,2025-03-09T04:00:00
4931,2981,30,297,Complete Blood Count,2025-07-20,11.0,g/dL,Normal,2025-07-21T04:00:00
4932,2982,30,299,Thyroid Panel,2025-05-03,2.8,mIU/L,Normal,2025-05-04T16:00:00
4933,2983,30,299,Basic Metabolic Panel,2025-08-23,116,mg/dL,Abnormal,2025-08-24T17:00:00
4934,2984,30,291,Complete Blood Count,2025-04-25,11.5,g/dL,Normal,2025-04-26T07:00:00
4935,2985,30,300,Basic Metabolic Panel,2025-02-10,94,mg/dL,Abnormal,2025-02-12T04:00:00
4936,2985,30,294,Complete Blood Count,2025-04-01,10.0,g/dL,Normal,2025-04-02T04:00:00
4937,2985,30,297,Basic Metabolic Panel,2026-01-22,107,mg/dL,Abnormal,2026-01-23T19:00:00
4938,2986,30,296,Complete Blood Count,2025-06-04,15.0,g/dL,Normal,2025-06-05T22:00:00
4939,2987,30,291,Thyroid Panel,2025-08-13,2.6,mIU/L,Abnormal,2025-08-15T10:00:00
4940,2987,30,292,Thyroid Panel,2025-06-26,1.0,mIU/L,Normal,2025-06-27T12:00:00
4941,2988,30,295,Lipid Panel,2025-01-27,243,mg/dL,Normal,2025-01-28T17:00:00
4942,2989,30,296,Thyroid Panel,2025-06-03,5.8,mIU/L,Normal,2025-06-05T15:00:00
4943,2989,30,292,Complete Blood Count,2025-09-05,9.0,g/dL,Normal,2025-09-07T00:00:00
4944,2990,30,298,HbA1c,2026-01-16,6.4,%,Normal,2026-01-17T10:00:00
4945,2991,30,299,Thyroid Panel,2025-03-19,6.4,mIU/L,Normal,2025-03-19T22:00:00
4946,2992,30,295,Thyroid Panel,2025-12-15,2.9,mIU/L,Abnormal,2025-12-15T13:00:00
4947,2992,30,300,Complete Blood Count,2025-05-13,13.5,g/dL,Normal,2025-05-15T07:00:00
4948,2993,30,297,Complete Blood Count,2025-07-14,15.6,g/dL,Normal,2025-07-16T10:00:00
4949,2993,30,300,Lipid Panel,2025-02-04,224,mg/dL,Normal,2025-02-05T01:00:00
4950,2993,30,297,Thyroid Panel,2025-11-16,4.0,mIU/L,Abnormal,2025-11-18T13:00:00
4951,2994,30,298,Basic Metabolic Panel,2025-08-28,112,mg/dL,Abnormal,2025-08-28T14:00:00
4952,2994,30,294,Thyroid Panel,2025-07-28,4.7,mIU/L,Normal,2025-07-28T21:00:00
4953,2994,30,298,Basic Metabolic Panel,2025-04-05,140,mg/dL,Abnormal,2025-04-07T20:00:00
4954,2995,30,298,Complete Blood Count,2025-02-13,14.0,g/dL,Critical,2025-02-13T15:00:00
4955,2995,30,294,HbA1c,2025-10-11,5.3,%,Normal,2025-10-13T02:00:00
4956,2996,30,291,Basic Metabolic Panel,2025-12-01,134,mg/dL,Normal,2025-12-03T22:00:00
4957,2997,30,294,Lipid Panel,2025-01-27,181,mg/dL,Normal,2025-01-29T14:00:00
4958,2998,30,294,HbA1c,2025-01-12,6.3,%,Normal,2025-01-14T14:00:00
4959,2998,30,291,Basic Metabolic Panel,2025-05-13,137,mg/dL,Normal,2025-05-15T09:00:00
4960,2999,30,297,Thyroid Panel,2025-03-08,2.9,mIU/L,Normal,2025-03-09T00:00:00
4961,2999,30,299,Basic Metabolic Panel,2025-03-13,106,mg/dL,Normal,2025-03-15T02:00:00
4962,2999,30,293,Thyroid Panel,2025-09-04,2.9,mIU/L,Abnormal,2025-09-06T09:00:00
4963,3000,30,297,HbA1c,2025-10-12,6.1,%,Normal,2025-10-13T09:00:00
4964,3001,31,306,Lipid Panel,2025-03-01,147,mg/dL,Normal,2025-03-03T01:00:00
4965,3002,31,309,Complete Blood Count,2025-07-05,10.3,g/dL,Critical,2025-07-06T10:00:00
4966,3002,31,303,Thyroid Panel,2025-06-15,6.5,mIU/L,Critical,2025-06-16T03:00:00
4967,3003,31,305,Lipid Panel,2025-06-20,213,mg/dL,Normal,2025-06-22T15:00:00
4968,3004,31,307,Thyroid Panel,2025-08-17,4.4,mIU/L,Normal,2025-08-18T22:00:00
4969,3004,31,303,Complete Blood Count,2025-10-30,10.1,g/dL,Normal,2025-11-02T00:00:00
4970,3005,31,302,Basic Metabolic Panel,2025-02-17,69,mg/dL,Critical,2025-02-19T03:00:00
4971,3006,31,309,Basic Metabolic Panel,2025-04-17,118,mg/dL,Normal,2025-04-20T00:00:00
4972,3006,31,310,Lipid Panel,2025-08-30,258,mg/dL,Normal,2025-09-01T00:00:00
4973,3006,31,308,Lipid Panel,2025-09-12,252,mg/dL,Abnormal,2025-09-13T00:00:00
4974,3007,31,305,Lipid Panel,2025-10-18,199,mg/dL,Abnormal,2025-10-19T11:00:00
4975,3007,31,303,Thyroid Panel,2025-08-31,6.6,mIU/L,Normal,2025-09-02T22:00:00
4976,3008,31,305,Complete Blood Count,2025-05-01,11.8,g/dL,Abnormal,2025-05-02T00:00:00
4977,3009,31,309,Complete Blood Count,2025-01-10,12.2,g/dL,Normal,2025-01-11T08:00:00
4978,3009,31,301,Lipid Panel,2025-09-07,254,mg/dL,Normal,2025-09-08T07:00:00
4979,3010,31,301,Lipid Panel,2026-01-10,160,mg/dL,Normal,2026-01-12T09:00:00
4980,3011,31,308,HbA1c,2025-05-20,6.4,%,Normal,2025-05-20T16:00:00
4981,3012,31,310,Lipid Panel,2025-01-29,137,mg/dL,Abnormal,2025-01-31T19:00:00
4982,3012,31,307,Basic Metabolic Panel,2025-08-27,81,mg/dL,Normal,2025-08-28T08:00:00
4983,3013,31,302,HbA1c,2025-12-15,5.6,%,Normal,2025-12-17T07:00:00
4984,3014,31,303,Complete Blood Count,2026-01-05,10.1,g/dL,Normal,2026-01-06T13:00:00
4985,3015,31,306,HbA1c,2025-04-07,9.3,%,Normal,2025-04-08T00:00:00
4986,3015,31,306,Thyroid Panel,2025-03-14,7.6,mIU/L,Normal,2025-03-16T21:00:00
4987,3016,31,307,Thyroid Panel,2025-01-06,5.7,mIU/L,Normal,2025-01-07T15:00:00
4988,3016,31,302,HbA1c,2025-11-01,6.7,%,Normal,2025-11-01T21:00:00
4989,3017,31,302,HbA1c,2025-09-30,9.3,%,Normal,2025-10-01T09:00:00
4990,3018,31,308,Complete Blood Count,2025-01-23,8.9,g/dL,Normal,2025-01-25T10:00:00
4991,3019,31,310,Basic Metabolic Panel,2025-01-15,81,mg/dL,Normal,2025-01-17T03:00:00
4992,3020,31,303,Complete Blood Count,2025-10-15,9.1,g/dL,Normal,2025-10-15T21:00:00
4993,3021,31,303,Lipid Panel,2025-12-27,178,mg/dL,Critical,2025-12-27T21:00:00
4994,3021,31,308,Complete Blood Count,2025-10-22,15.5,g/dL,Abnormal,2025-10-24T05:00:00
4995,3022,31,310,HbA1c,2025-10-31,7.8,%,Normal,2025-11-02T22:00:00
4996,3022,31,309,HbA1c,2025-03-05,10.4,%,Normal,2025-03-05T16:00:00
4997,3023,31,310,Basic Metabolic Panel,2025-05-25,75,mg/dL,Normal,2025-05-27T02:00:00
4998,3024,31,308,HbA1c,2025-08-24,9.9,%,Normal,2025-08-25T07:00:00
4999,3025,31,305,Lipid Panel,2025-10-15,196,mg/dL,Normal,2025-10-17T15:00:00
5000,3026,31,307,Lipid Panel,2025-03-08,218,mg/dL,Normal,2025-03-09T10:00:00
5001,3027,31,309,Lipid Panel,2025-04-02,137,mg/dL,Normal,2025-04-03T07:00:00
5002,3027,31,308,Basic Metabolic Panel,2026-01-24,95,mg/dL,Normal,2026-01-26T23:00:00
5003,3028,31,308,Basic Metabolic Panel,2026-01-20,86,mg/dL,Normal,2026-01-21T04:00:00
5004,3028,31,305,Lipid Panel,2025-06-05,207,mg/dL,Abnormal,2025-06-07T03:00:00
5005,3029,31,303,Thyroid Panel,2025-07-12,7.8,mIU/L,Normal,2025-07-13T11:00:00
5006,3029,31,306,Basic Metabolic Panel,2025-04-25,104,mg/dL,Normal,2025-04-27T21:00:00
5007,3030,31,301,Lipid Panel,2025-10-20,277,mg/dL,Abnormal,2025-10-20T15:00:00
5008,3030,31,304,HbA1c,2025-11-28,10.5,%,Normal,2025-11-28T13:00:00
5009,3031,31,308,Thyroid Panel,2025-01-26,7.0,mIU/L,Normal,2025-01-28T04:00:00
5010,3032,31,305,Complete Blood Count,2025-08-03,13.4,g/dL,Normal,2025-08-05T08:00:00
5011,3033,31,307,Lipid Panel,2025-03-27,193,mg/dL,Normal,2025-03-28T13:00:00
5012,3034,31,303,Lipid Panel,2025-05-14,213,mg/dL,Normal,2025-05-16T02:00:00
5013,3034,31,301,Lipid Panel,2025-11-03,225,mg/dL,Normal,2025-11-04T02:00:00
5014,3035,31,305,Complete Blood Count,2025-12-14,16.2,g/dL,Normal,2025-12-15T09:00:00
5015,3035,31,304,Complete Blood Count,2025-02-28,16.5,g/dL,Normal,2025-03-02T12:00:00
5016,3036,31,307,HbA1c,2025-05-13,10.4,%,Critical,2025-05-14T19:00:00
5017,3036,31,306,Basic Metabolic Panel,2025-01-07,138,mg/dL,Normal,2025-01-09T20:00:00
5018,3037,31,305,Lipid Panel,2025-04-25,276,mg/dL,Critical,2025-04-26T01:00:00
5019,3038,31,305,Basic Metabolic Panel,2025-03-25,104,mg/dL,Normal,2025-03-25T22:00:00
5020,3038,31,304,HbA1c,2025-12-17,8.5,%,Abnormal,2025-12-18T14:00:00
5021,3039,31,308,Complete Blood Count,2025-05-08,16.8,g/dL,Normal,2025-05-10T19:00:00
5022,3040,31,303,Basic Metabolic Panel,2026-01-15,85,mg/dL,Normal,2026-01-16T07:00:00
5023,3040,31,304,Basic Metabolic Panel,2025-01-06,106,mg/dL,Abnormal,2025-01-06T14:00:00
5024,3041,31,310,Complete Blood Count,2025-12-27,13.2,g/dL,Normal,2025-12-29T04:00:00
5025,3042,31,308,Basic Metabolic Panel,2025-11-27,73,mg/dL,Normal,2025-11-28T07:00:00
5026,3043,31,308,Lipid Panel,2025-06-12,203,mg/dL,Normal,2025-06-13T04:00:00
5027,3044,31,305,Lipid Panel,2025-03-05,183,mg/dL,Normal,2025-03-06T13:00:00
5028,3045,31,301,Basic Metabolic Panel,2025-07-06,121,mg/dL,Abnormal,2025-07-08T15:00:00
5029,3045,31,310,Lipid Panel,2025-04-11,279,mg/dL,Critical,2025-04-12T07:00:00
5030,3046,31,307,Thyroid Panel,2025-06-13,0.4,mIU/L,Normal,2025-06-15T18:00:00
5031,3046,31,310,Lipid Panel,2025-03-31,208,mg/dL,Normal,2025-04-01T20:00:00
5032,3047,31,306,Basic Metabolic Panel,2025-05-08,90,mg/dL,Abnormal,2025-05-10T16:00:00
5033,3047,31,309,Complete Blood Count,2025-05-07,16.0,g/dL,Critical,2025-05-07T13:00:00
5034,3048,31,306,Lipid Panel,2025-01-26,173,mg/dL,Critical,2025-01-26T23:00:00
5035,3049,31,302,Lipid Panel,2025-05-31,159,mg/dL,Normal,2025-06-02T12:00:00
5036,3050,31,310,Thyroid Panel,2026-01-01,3.2,mIU/L,Normal,2026-01-03T16:00:00
5037,3051,31,304,HbA1c,2025-02-07,4.8,%,Normal,2025-02-08T13:00:00
5038,3052,31,303,HbA1c,2025-01-15,5.1,%,Abnormal,2025-01-16T19:00:00
5039,3053,31,306,HbA1c,2025-09-13,8.0,%,Abnormal,2025-09-13T15:00:00
5040,3054,31,305,Complete Blood Count,2025-03-19,10.5,g/dL,Normal,2025-03-21T21:00:00
5041,3054,31,305,HbA1c,2025-02-06,7.1,%,Normal,2025-02-06T17:00:00
5042,3054,31,303,HbA1c,2025-02-14,9.8,%,Normal,2025-02-14T20:00:00
5043,3055,31,301,Basic Metabolic Panel,2025-02-08,131,mg/dL,Normal,2025-02-10T01:00:00
5044,3055,31,304,HbA1c,2025-06-28,10.4,%,Abnormal,2025-06-30T09:00:00
5045,3056,31,305,Thyroid Panel,2026-01-26,7.7,mIU/L,Normal,2026-01-26T16:00:00
5046,3056,31,308,Complete Blood Count,2025-09-12,11.0,g/dL,Abnormal,2025-09-14T18:00:00
5047,3057,31,302,Basic Metabolic Panel,2025-04-29,120,mg/dL,Critical,2025-04-29T23:00:00
5048,3058,31,303,HbA1c,2025-01-09,7.2,%,Abnormal,2025-01-11T17:00:00
5049,3058,31,302,Basic Metabolic Panel,2025-02-08,82,mg/dL,Normal,2025-02-10T06:00:00
5050,3059,31,306,Basic Metabolic Panel,2025-06-11,95,mg/dL,Normal,2025-06-11T20:00:00
5051,3059,31,301,Basic Metabolic Panel,2025-02-07,120,mg/dL,Normal,2025-02-08T08:00:00
5052,3060,31,306,Thyroid Panel,2025-07-17,4.6,mIU/L,Abnormal,2025-07-18T20:00:00
5053,3061,31,307,Thyroid Panel,2025-02-09,3.7,mIU/L,Normal,2025-02-10T07:00:00
5054,3061,31,304,Basic Metabolic Panel,2025-09-16,68,mg/dL,Abnormal,2025-09-16T14:00:00
5055,3062,31,302,Complete Blood Count,2025-05-26,8.7,g/dL,Abnormal,2025-05-28T12:00:00
5056,3062,31,302,Complete Blood Count,2025-11-04,14.6,g/dL,Normal,2025-11-04T21:00:00
5057,3063,31,309,Thyroid Panel,2025-11-01,1.1,mIU/L,Normal,2025-11-02T01:00:00
5058,3063,31,307,Complete Blood Count,2025-05-05,11.5,g/dL,Normal,2025-05-06T23:00:00
5059,3064,31,309,Basic Metabolic Panel,2026-01-11,133,mg/dL,Normal,2026-01-12T10:00:00
5060,3065,31,306,Basic Metabolic Panel,2025-06-29,70,mg/dL,Normal,2025-07-01T04:00:00
5061,3065,31,310,Basic Metabolic Panel,2025-07-24,107,mg/dL,Normal,2025-07-26T12:00:00
5062,3066,31,307,Basic Metabolic Panel,2025-09-26,87,mg/dL,Normal,2025-09-26T14:00:00
5063,3066,31,303,Basic Metabolic Panel,2025-01-01,85,mg/dL,Normal,2025-01-03T10:00:00
5064,3067,31,305,Basic Metabolic Panel,2025-11-20,84,mg/dL,Normal,2025-11-21T00:00:00
5065,3067,31,306,Basic Metabolic Panel,2025-01-10,101,mg/dL,Normal,2025-01-11T17:00:00
5066,3068,31,301,Thyroid Panel,2026-01-29,2.0,mIU/L,Normal,2026-01-30T13:00:00
5067,3068,31,309,Thyroid Panel,2025-10-19,4.8,mIU/L,Normal,2025-10-20T11:00:00
5068,3069,31,305,Thyroid Panel,2025-07-30,4.5,mIU/L,Abnormal,2025-07-31T17:00:00
5069,3070,31,308,HbA1c,2025-08-11,8.2,%,Normal,2025-08-12T12:00:00
5070,3071,31,308,HbA1c,2025-10-15,4.9,%,Abnormal,2025-10-16T09:00:00
5071,3071,31,302,Complete Blood Count,2025-07-01,11.8,g/dL,Normal,2025-07-02T15:00:00
5072,3072,31,306,Basic Metabolic Panel,2025-06-05,91,mg/dL,Critical,2025-06-06T03:00:00
5073,3072,31,302,Thyroid Panel,2025-11-17,0.7,mIU/L,Normal,2025-11-19T05:00:00
5074,3073,31,303,Complete Blood Count,2025-03-10,14.5,g/dL,Normal,2025-03-11T10:00:00
5075,3073,31,306,Basic Metabolic Panel,2026-01-24,107,mg/dL,Normal,2026-01-26T14:00:00
5076,3074,31,308,Basic Metabolic Panel,2025-01-10,95,mg/dL,Normal,2025-01-12T07:00:00
5077,3074,31,307,Basic Metabolic Panel,2025-09-04,136,mg/dL,Normal,2025-09-04T18:00:00
5078,3075,31,307,Complete Blood Count,2025-10-08,11.3,g/dL,Normal,2025-10-09T18:00:00
5079,3076,31,302,Lipid Panel,2025-12-07,187,mg/dL,Normal,2025-12-07T15:00:00
5080,3077,31,305,HbA1c,2025-12-03,6.6,%,Critical,2025-12-03T15:00:00
5081,3078,31,301,Thyroid Panel,2026-01-04,8.0,mIU/L,Normal,2026-01-04T14:00:00
5082,3079,31,309,Lipid Panel,2025-09-11,265,mg/dL,Normal,2025-09-12T13:00:00
5083,3079,31,304,Thyroid Panel,2025-03-11,4.2,mIU/L,Normal,2025-03-12T07:00:00
5084,3080,31,301,Lipid Panel,2025-05-08,192,mg/dL,Normal,2025-05-09T21:00:00
5085,3081,31,301,Complete Blood Count,2025-05-30,13.2,g/dL,Normal,2025-05-31T02:00:00
5086,3081,31,310,HbA1c,2025-04-26,8.5,%,Normal,2025-04-26T13:00:00
5087,3082,31,305,Complete Blood Count,2025-10-18,11.9,g/dL,Critical,2025-10-20T00:00:00
5088,3082,31,307,HbA1c,2025-07-31,10.9,%,Normal,2025-08-02T12:00:00
5089,3082,31,309,Thyroid Panel,2025-04-10,4.1,mIU/L,Normal,2025-04-11T10:00:00
5090,3083,31,307,Lipid Panel,2025-06-22,157,mg/dL,Normal,2025-06-22T21:00:00
5091,3083,31,306,Basic Metabolic Panel,2025-01-03,72,mg/dL,Normal,2025-01-03T22:00:00
5092,3084,31,304,HbA1c,2025-07-15,4.8,%,Normal,2025-07-17T11:00:00
5093,3085,31,302,Lipid Panel,2025-02-10,212,mg/dL,Normal,2025-02-12T06:00:00
5094,3085,31,310,Complete Blood Count,2025-02-22,15.4,g/dL,Normal,2025-02-24T23:00:00
5095,3085,31,303,Thyroid Panel,2025-01-07,7.1,mIU/L,Normal,2025-01-08T09:00:00
5096,3086,31,301,Thyroid Panel,2025-04-03,6.5,mIU/L,Normal,2025-04-04T01:00:00
5097,3087,31,309,HbA1c,2025-09-06,9.5,%,Normal,2025-09-08T04:00:00
5098,3088,31,307,Lipid Panel,2025-02-12,226,mg/dL,Normal,2025-02-13T08:00:00
5099,3088,31,307,Thyroid Panel,2025-10-10,2.8,mIU/L,Abnormal,2025-10-12T15:00:00
5100,3089,31,305,HbA1c,2025-03-16,5.5,%,Abnormal,2025-03-16T22:00:00
5101,3089,31,305,Thyroid Panel,2025-10-02,1.4,mIU/L,Abnormal,2025-10-03T22:00:00
5102,3089,31,304,Complete Blood Count,2025-08-25,10.2,g/dL,Normal,2025-08-26T03:00:00
5103,3090,31,301,Lipid Panel,2025-02-26,138,mg/dL,Normal,2025-02-28T22:00:00
5104,3091,31,307,Basic Metabolic Panel,2025-03-04,140,mg/dL,Normal,2025-03-06T22:00:00
5105,3091,31,302,Thyroid Panel,2025-12-09,6.2,mIU/L,Normal,2025-12-11T00:00:00
5106,3092,31,301,HbA1c,2025-02-17,7.5,%,Normal,2025-02-19T19:00:00
5107,3093,31,302,Complete Blood Count,2025-11-12,15.3,g/dL,Abnormal,2025-11-12T20:00:00
5108,3093,31,307,Thyroid Panel,2025-06-05,1.4,mIU/L,Normal,2025-06-07T10:00:00
5109,3094,31,304,HbA1c,2025-01-24,4.9,%,Normal,2025-01-25T02:00:00
5110,3094,31,305,Complete Blood Count,2025-02-05,9.8,g/dL,Normal,2025-02-06T21:00:00
5111,3095,31,309,Complete Blood Count,2025-06-25,10.8,g/dL,Normal,2025-06-27T22:00:00
5112,3095,31,304,Lipid Panel,2025-11-22,200,mg/dL,Normal,2025-11-22T19:00:00
5113,3095,31,310,Complete Blood Count,2025-08-19,10.8,g/dL,Normal,2025-08-19T14:00:00
5114,3096,31,310,HbA1c,2025-07-17,9.7,%,Normal,2025-07-18T17:00:00
5115,3097,31,309,Basic Metabolic Panel,2025-04-19,132,mg/dL,Normal,2025-04-19T16:00:00
5116,3097,31,302,HbA1c,2025-07-01,9.8,%,Abnormal,2025-07-03T12:00:00
5117,3098,31,308,Lipid Panel,2025-08-23,159,mg/dL,Normal,2025-08-24T08:00:00
5118,3099,31,305,Complete Blood Count,2025-05-18,12.1,g/dL,Normal,2025-05-18T13:00:00
5119,3100,31,308,HbA1c,2025-11-18,6.2,%,Normal,2025-11-20T01:00:00
5120,3100,31,309,Basic Metabolic Panel,2025-11-06,65,mg/dL,Normal,2025-11-09T00:00:00
5121,3100,31,310,Complete Blood Count,2025-07-21,14.4,g/dL,Critical,2025-07-23T11:00:00
5122,3101,32,312,Lipid Panel,2025-06-03,223,mg/dL,Normal,2025-06-03T16:00:00
5123,3101,32,317,Complete Blood Count,2025-08-07,10.0,g/dL,Abnormal,2025-08-09T12:00:00
5124,3102,32,312,Thyroid Panel,2025-09-08,0.7,mIU/L,Critical,2025-09-10T23:00:00
5125,3103,32,311,Complete Blood Count,2025-10-01,8.2,g/dL,Normal,2025-10-03T02:00:00
5126,3104,32,317,Complete Blood Count,2025-04-26,9.5,g/dL,Normal,2025-04-27T13:00:00
5127,3105,32,311,Complete Blood Count,2025-05-29,10.5,g/dL,Normal,2025-06-01T00:00:00
5128,3105,32,318,Thyroid Panel,2025-10-15,2.6,mIU/L,Abnormal,2025-10-16T12:00:00
5129,3105,32,320,Thyroid Panel,2025-09-18,4.9,mIU/L,Normal,2025-09-19T04:00:00
5130,3106,32,314,Basic Metabolic Panel,2025-01-13,78,mg/dL,Critical,2025-01-13T15:00:00
5131,3107,32,318,Complete Blood Count,2025-08-16,14.8,g/dL,Critical,2025-08-17T19:00:00
5132,3108,32,314,Basic Metabolic Panel,2025-10-21,105,mg/dL,Normal,2025-10-23T22:00:00
5133,3108,32,314,Lipid Panel,2025-08-16,129,mg/dL,Normal,2025-08-17T21:00:00
5134,3109,32,312,Basic Metabolic Panel,2025-10-21,78,mg/dL,Abnormal,2025-10-23T09:00:00
5135,3109,32,311,Complete Blood Count,2025-01-13,10.5,g/dL,Critical,2025-01-13T22:00:00
5136,3109,32,315,HbA1c,2025-07-02,6.4,%,Abnormal,2025-07-03T09:00:00
5137,3110,32,315,Lipid Panel,2025-04-30,179,mg/dL,Normal,2025-05-02T06:00:00
5138,3111,32,320,Basic Metabolic Panel,2025-07-11,108,mg/dL,Normal,2025-07-14T00:00:00
5139,3112,32,312,Basic Metabolic Panel,2025-04-19,68,mg/dL,Normal,2025-04-21T10:00:00
5140,3112,32,314,Complete Blood Count,2026-01-23,15.9,g/dL,Normal,2026-01-23T15:00:00
5141,3113,32,320,Thyroid Panel,2025-11-17,1.7,mIU/L,Critical,2025-11-18T13:00:00
5142,3113,32,314,Basic Metabolic Panel,2026-01-14,79,mg/dL,Normal,2026-01-16T03:00:00
5143,3114,32,314,Complete Blood Count,2025-04-21,17.0,g/dL,Abnormal,2025-04-23T00:00:00
5144,3114,32,317,Lipid Panel,2025-09-17,189,mg/dL,Abnormal,2025-09-18T19:00:00
5145,3115,32,314,Thyroid Panel,2025-09-27,6.6,mIU/L,Abnormal,2025-09-28T12:00:00
5146,3116,32,314,Thyroid Panel,2025-09-03,1.5,mIU/L,Abnormal,2025-09-05T06:00:00
5147,3116,32,319,Basic Metabolic Panel,2025-05-14,76,mg/dL,Normal,2025-05-16T08:00:00
5148,3116,32,314,HbA1c,2025-03-05,8.2,%,Abnormal,2025-03-07T21:00:00
5149,3117,32,317,Basic Metabolic Panel,2025-08-09,69,mg/dL,Normal,2025-08-09T12:00:00
5150,3117,32,319,Complete Blood Count,2025-04-28,12.3,g/dL,Normal,2025-04-30T16:00:00
5151,3117,32,320,Lipid Panel,2026-01-03,150,mg/dL,Normal,2026-01-03T19:00:00
5152,3118,32,317,Thyroid Panel,2025-04-07,4.6,mIU/L,Abnormal,2025-04-09T23:00:00
5153,3119,32,317,HbA1c,2025-10-31,7.1,%,Normal,2025-11-01T22:00:00
5154,3119,32,318,Complete Blood Count,2025-06-01,8.9,g/dL,Critical,2025-06-03T06:00:00
5155,3120,32,316,Basic Metabolic Panel,2025-04-29,65,mg/dL,Abnormal,2025-05-01T02:00:00
5156,3120,32,315,Lipid Panel,2025-12-23,241,mg/dL,Critical,2025-12-25T17:00:00
5157,3121,32,317,Basic Metabolic Panel,2025-03-19,139,mg/dL,Normal,2025-03-20T11:00:00
5158,3121,32,320,Complete Blood Count,2025-11-15,11.0,g/dL,Normal,2025-11-17T23:00:00
5159,3122,32,311,Complete Blood Count,2025-02-26,14.0,g/dL,Abnormal,2025-02-28T06:00:00
5160,3122,32,311,Complete Blood Count,2025-08-06,15.4,g/dL,Normal,2025-08-06T16:00:00
5161,3122,32,320,Basic Metabolic Panel,2025-10-15,89,mg/dL,Abnormal,2025-10-16T04:00:00
5162,3123,32,320,Thyroid Panel,2025-02-14,0.9,mIU/L,Normal,2025-02-16T18:00:00
5163,3123,32,311,Thyroid Panel,2025-12-02,4.2,mIU/L,Normal,2025-12-04T12:00:00
5164,3123,32,315,Basic Metabolic Panel,2025-11-16,138,mg/dL,Abnormal,2025-11-16T15:00:00
5165,3124,32,319,Basic Metabolic Panel,2025-03-07,126,mg/dL,Normal,2025-03-08T00:00:00
5166,3124,32,314,Complete Blood Count,2025-12-07,8.6,g/dL,Normal,2025-12-08T04:00:00
5167,3125,32,318,Lipid Panel,2025-07-31,280,mg/dL,Abnormal,2025-08-02T18:00:00
5168,3126,32,316,Basic Metabolic Panel,2025-11-07,73,mg/dL,Normal,2025-11-07T20:00:00
5169,3127,32,319,Thyroid Panel,2025-03-13,1.3,mIU/L,Normal,2025-03-13T13:00:00
5170,3128,32,319,Basic Metabolic Panel,2025-03-04,101,mg/dL,Normal,2025-03-05T18:00:00
5171,3128,32,314,Complete Blood Count,2025-07-31,9.4,g/dL,Abnormal,2025-08-01T04:00:00
5172,3129,32,317,Thyroid Panel,2025-09-17,2.1,mIU/L,Normal,2025-09-18T00:00:00
5173,3129,32,320,Thyroid Panel,2025-08-25,0.8,mIU/L,Normal,2025-08-26T15:00:00
5174,3130,32,313,Lipid Panel,2025-12-08,267,mg/dL,Abnormal,2025-12-08T16:00:00
5175,3130,32,314,Lipid Panel,2025-03-13,207,mg/dL,Abnormal,2025-03-15T14:00:00
5176,3131,32,317,Basic Metabolic Panel,2025-03-31,78,mg/dL,Abnormal,2025-04-01T12:00:00
5177,3132,32,320,HbA1c,2025-11-16,8.4,%,Normal,2025-11-18T00:00:00
5178,3133,32,313,HbA1c,2025-11-11,5.7,%,Abnormal,2025-11-12T14:00:00
5179,3133,32,315,HbA1c,2025-05-23,8.9,%,Critical,2025-05-25T12:00:00
5180,3133,32,317,Thyroid Panel,2025-02-27,3.6,mIU/L,Critical,2025-03-01T19:00:00
5181,3134,32,315,Lipid Panel,2025-01-24,176,mg/dL,Normal,2025-01-25T15:00:00
5182,3135,32,319,Complete Blood Count,2025-09-13,10.9,g/dL,Normal,2025-09-14T18:00:00
5183,3135,32,316,HbA1c,2025-11-01,9.1,%,Normal,2025-11-03T07:00:00
5184,3136,32,317,Lipid Panel,2025-09-29,243,mg/dL,Critical,2025-09-30T18:00:00
5185,3136,32,311,Lipid Panel,2025-10-23,211,mg/dL,Normal,2025-10-23T18:00:00
5186,3137,32,315,Basic Metabolic Panel,2025-08-28,95,mg/dL,Normal,2025-08-28T22:00:00
5187,3138,32,317,Basic Metabolic Panel,2025-04-21,67,mg/dL,Normal,2025-04-21T21:00:00
5188,3139,32,312,Thyroid Panel,2025-03-31,6.4,mIU/L,Normal,2025-04-02T03:00:00
5189,3139,32,320,Thyroid Panel,2025-09-08,4.7,mIU/L,Abnormal,2025-09-09T17:00:00
5190,3140,32,320,Lipid Panel,2025-07-03,274,mg/dL,Abnormal,2025-07-04T19:00:00
5191,3140,32,316,HbA1c,2025-11-26,4.9,%,Normal,2025-11-28T16:00:00
5192,3141,32,315,Complete Blood Count,2025-09-03,8.7,g/dL,Normal,2025-09-05T07:00:00
5193,3141,32,317,Basic Metabolic Panel,2025-04-22,66,mg/dL,Normal,2025-04-24T09:00:00
5194,3142,32,316,Basic Metabolic Panel,2025-08-09,124,mg/dL,Normal,2025-08-09T18:00:00
5195,3143,32,319,HbA1c,2025-03-24,9.2,%,Normal,2025-03-25T01:00:00
5196,3144,32,319,Complete Blood Count,2025-05-08,11.3,g/dL,Abnormal,2025-05-08T14:00:00
5197,3144,32,319,Lipid Panel,2025-03-27,267,mg/dL,Normal,2025-03-29T04:00:00
5198,3145,32,313,Thyroid Panel,2025-03-29,3.9,mIU/L,Normal,2025-03-31T15:00:00
5199,3145,32,318,Thyroid Panel,2025-02-12,4.3,mIU/L,Normal,2025-02-12T22:00:00
5200,3146,32,317,HbA1c,2025-05-29,9.5,%,Normal,2025-05-30T22:00:00
5201,3147,32,318,Lipid Panel,2025-02-02,121,mg/dL,Normal,2025-02-04T03:00:00
5202,3148,32,315,Lipid Panel,2025-08-29,259,mg/dL,Abnormal,2025-08-30T04:00:00
5203,3149,32,313,Basic Metabolic Panel,2026-01-26,120,mg/dL,Normal,2026-01-28T20:00:00
5204,3150,32,312,Lipid Panel,2026-01-10,279,mg/dL,Normal,2026-01-12T10:00:00
5205,3151,32,311,Complete Blood Count,2025-02-11,16.6,g/dL,Normal,2025-02-11T14:00:00
5206,3152,32,319,HbA1c,2025-03-07,9.1,%,Abnormal,2025-03-08T15:00:00
5207,3152,32,314,Complete Blood Count,2025-08-03,8.1,g/dL,Critical,2025-08-03T12:00:00
5208,3153,32,314,HbA1c,2026-01-17,4.7,%,Normal,2026-01-19T05:00:00
5209,3154,32,314,HbA1c,2025-11-24,8.9,%,Normal,2025-11-25T05:00:00
5210,3155,32,314,Thyroid Panel,2025-08-11,1.2,mIU/L,Normal,2025-08-13T13:00:00
5211,3156,32,319,Complete Blood Count,2025-02-27,15.8,g/dL,Normal,2025-03-01T19:00:00
5212,3156,32,317,Lipid Panel,2025-08-05,151,mg/dL,Abnormal,2025-08-07T17:00:00
5213,3157,32,317,Thyroid Panel,2025-12-13,3.9,mIU/L,Normal,2025-12-14T07:00:00
5214,3158,32,311,HbA1c,2025-05-10,6.9,%,Critical,2025-05-10T16:00:00
5215,3159,32,317,Basic Metabolic Panel,2025-10-25,98,mg/dL,Normal,2025-10-26T17:00:00
5216,3160,32,315,HbA1c,2025-06-19,9.6,%,Normal,2025-06-20T23:00:00
5217,3160,32,316,Complete Blood Count,2025-06-03,12.4,g/dL,Normal,2025-06-03T21:00:00
5218,3161,32,313,Thyroid Panel,2025-03-08,0.3,mIU/L,Normal,2025-03-09T06:00:00
5219,3162,32,316,Complete Blood Count,2025-07-28,13.9,g/dL,Normal,2025-07-30T03:00:00
5220,3163,32,312,Lipid Panel,2025-06-18,151,mg/dL,Normal,2025-06-20T17:00:00
5221,3163,32,316,HbA1c,2025-05-06,5.5,%,Normal,2025-05-08T08:00:00
5222,3164,32,319,Complete Blood Count,2025-10-08,10.9,g/dL,Critical,2025-10-09T00:00:00
5223,3164,32,318,HbA1c,2025-05-19,6.0,%,Normal,2025-05-21T11:00:00
5224,3165,32,315,Basic Metabolic Panel,2025-03-31,116,mg/dL,Normal,2025-04-03T00:00:00
5225,3165,32,314,Thyroid Panel,2026-01-31,3.1,mIU/L,Normal,2026-01-31T18:00:00
5226,3166,32,313,HbA1c,2025-12-18,6.6,%,Abnormal,2025-12-19T15:00:00
5227,3166,32,318,Basic Metabolic Panel,2025-10-10,134,mg/dL,Normal,2025-10-11T22:00:00
5228,3166,32,311,Lipid Panel,2025-08-16,141,mg/dL,Normal,2025-08-17T05:00:00
5229,3167,32,314,Complete Blood Count,2025-07-03,10.3,g/dL,Abnormal,2025-07-05T15:00:00
5230,3168,32,319,Complete Blood Count,2025-10-31,14.4,g/dL,Normal,2025-11-01T18:00:00
5231,3168,32,319,Basic Metabolic Panel,2025-06-08,73,mg/dL,Abnormal,2025-06-10T16:00:00
5232,3168,32,313,Thyroid Panel,2025-04-23,7.9,mIU/L,Critical,2025-04-24T11:00:00
5233,3169,32,315,HbA1c,2025-04-03,8.4,%,Normal,2025-04-03T14:00:00
5234,3170,32,320,Basic Metabolic Panel,2025-06-14,121,mg/dL,Normal,2025-06-15T16:00:00
5235,3170,32,320,Complete Blood Count,2025-04-07,9.0,g/dL,Normal,2025-04-09T14:00:00
5236,3171,32,319,Lipid Panel,2025-12-29,124,mg/dL,Abnormal,2025-12-30T07:00:00
5237,3171,32,318,Basic Metabolic Panel,2025-08-15,83,mg/dL,Normal,2025-08-17T19:00:00
5238,3172,32,312,Complete Blood Count,2025-01-01,17.0,g/dL,Normal,2025-01-02T23:00:00
5239,3172,32,316,Thyroid Panel,2025-01-20,4.7,mIU/L,Abnormal,2025-01-22T15:00:00
5240,3173,32,313,Lipid Panel,2025-04-16,149,mg/dL,Normal,2025-04-17T00:00:00
5241,3173,32,319,Thyroid Panel,2025-02-01,6.3,mIU/L,Abnormal,2025-02-01T12:00:00
5242,3173,32,314,HbA1c,2025-12-15,7.5,%,Normal,2025-12-17T11:00:00
5243,3174,32,320,Thyroid Panel,2026-01-05,4.8,mIU/L,Normal,2026-01-06T02:00:00
5244,3174,32,318,HbA1c,2025-02-24,7.0,%,Normal,2025-02-26T11:00:00
5245,3175,32,320,Thyroid Panel,2025-09-03,6.1,mIU/L,Abnormal,2025-09-05T00:00:00
5246,3176,32,313,Basic Metabolic Panel,2025-11-21,78,mg/dL,Critical,2025-11-23T22:00:00
5247,3176,32,317,Complete Blood Count,2025-04-23,16.2,g/dL,Normal,2025-04-24T01:00:00
5248,3177,32,319,Thyroid Panel,2025-03-16,5.5,mIU/L,Normal,2025-03-17T20:00:00
5249,3178,32,319,Thyroid Panel,2025-09-20,4.2,mIU/L,Normal,2025-09-22T05:00:00
5250,3178,32,315,Lipid Panel,2025-08-28,267,mg/dL,Normal,2025-08-29T13:00:00
5251,3179,32,320,Complete Blood Count,2025-08-29,13.8,g/dL,Normal,2025-08-30T03:00:00
5252,3180,32,320,Thyroid Panel,2026-01-08,6.8,mIU/L,Abnormal,2026-01-10T05:00:00
5253,3181,32,316,Basic Metabolic Panel,2025-06-08,97,mg/dL,Normal,2025-06-09T05:00:00
5254,3181,32,311,Basic Metabolic Panel,2025-10-25,116,mg/dL,Abnormal,2025-10-27T21:00:00
5255,3182,32,313,Basic Metabolic Panel,2025-05-26,108,mg/dL,Normal,2025-05-28T05:00:00
5256,3182,32,318,HbA1c,2025-02-25,11.0,%,Normal,2025-02-27T08:00:00
5257,3183,32,315,Lipid Panel,2025-10-24,207,mg/dL,Abnormal,2025-10-26T05:00:00
5258,3183,32,314,Thyroid Panel,2025-11-17,4.3,mIU/L,Abnormal,2025-11-19T04:00:00
5259,3183,32,320,Complete Blood Count,2025-11-07,12.2,g/dL,Abnormal,2025-11-09T09:00:00
5260,3184,32,316,Thyroid Panel,2025-08-19,6.9,mIU/L,Abnormal,2025-08-20T20:00:00
5261,3184,32,318,HbA1c,2025-10-10,7.2,%,Normal,2025-10-10T16:00:00
5262,3184,32,319,HbA1c,2025-04-22,11.0,%,Normal,2025-04-23T07:00:00
5263,3185,32,314,Complete Blood Count,2025-11-30,17.0,g/dL,Normal,2025-12-02T06:00:00
5264,3186,32,318,Basic Metabolic Panel,2025-02-18,114,mg/dL,Critical,2025-02-20T20:00:00
5265,3186,32,314,HbA1c,2025-11-25,8.8,%,Normal,2025-11-27T04:00:00
5266,3187,32,314,Basic Metabolic Panel,2025-03-22,139,mg/dL,Normal,2025-03-22T21:00:00
5267,3187,32,319,HbA1c,2025-05-01,6.3,%,Normal,2025-05-03T21:00:00
5268,3188,32,320,HbA1c,2025-10-11,5.3,%,Normal,2025-10-12T09:00:00
5269,3188,32,311,Lipid Panel,2025-02-14,177,mg/dL,Critical,2025-02-16T12:00:00
5270,3189,32,317,HbA1c,2025-08-23,5.8,%,Normal,2025-08-24T03:00:00
5271,3190,32,316,Complete Blood Count,2025-08-19,10.6,g/dL,Normal,2025-08-19T21:00:00
5272,3190,32,311,Lipid Panel,2025-03-07,155,mg/dL,Normal,2025-03-08T03:00:00
5273,3191,32,315,Basic Metabolic Panel,2025-01-18,107,mg/dL,Normal,2025-01-20T01:00:00
5274,3192,32,316,HbA1c,2025-01-22,9.0,%,Critical,2025-01-24T22:00:00
5275,3193,32,317,Complete Blood Count,2025-02-07,12.2,g/dL,Normal,2025-02-08T00:00:00
5276,3194,32,316,Thyroid Panel,2025-08-29,2.4,mIU/L,Normal,2025-08-31T15:00:00
5277,3195,32,312,Thyroid Panel,2025-12-06,4.6,mIU/L,Normal,2025-12-08T02:00:00
5278,3195,32,313,Basic Metabolic Panel,2025-08-03,66,mg/dL,Normal,2025-08-04T08:00:00
5279,3196,32,312,Lipid Panel,2025-03-18,163,mg/dL,Critical,2025-03-20T22:00:00
5280,3196,32,314,Complete Blood Count,2025-06-01,11.3,g/dL,Normal,2025-06-02T06:00:00
5281,3197,32,314,Complete Blood Count,2025-07-09,16.4,g/dL,Normal,2025-07-10T11:00:00
5282,3197,32,316,Thyroid Panel,2025-03-06,2.9,mIU/L,Normal,2025-03-07T14:00:00
5283,3198,32,311,Basic Metabolic Panel,2025-09-07,128,mg/dL,Normal,2025-09-09T13:00:00
5284,3199,32,315,Lipid Panel,2025-11-27,179,mg/dL,Normal,2025-11-27T20:00:00
5285,3199,32,314,Thyroid Panel,2025-02-01,5.9,mIU/L,Normal,2025-02-02T04:00:00
5286,3200,32,311,Thyroid Panel,2026-01-15,1.7,mIU/L,Normal,2026-01-17T16:00:00
5287,3201,33,323,Basic Metabolic Panel,2025-01-09,137,mg/dL,Critical,2025-01-09T23:00:00
5288,3201,33,323,Lipid Panel,2025-10-16,135,mg/dL,Normal,2025-10-17T16:00:00
5289,3202,33,321,Basic Metabolic Panel,2025-08-23,78,mg/dL,Normal,2025-08-25T13:00:00
5290,3203,33,328,Complete Blood Count,2025-02-04,16.3,g/dL,Normal,2025-02-05T09:00:00
5291,3204,33,321,Lipid Panel,2025-04-17,269,mg/dL,Normal,2025-04-18T04:00:00
5292,3205,33,327,Thyroid Panel,2025-03-25,4.0,mIU/L,Normal,2025-03-27T22:00:00
5293,3206,33,322,Thyroid Panel,2025-12-18,5.3,mIU/L,Abnormal,2025-12-19T03:00:00
5294,3207,33,330,Complete Blood Count,2025-03-22,14.7,g/dL,Abnormal,2025-03-24T00:00:00
5295,3207,33,330,Lipid Panel,2025-01-02,148,mg/dL,Normal,2025-01-04T18:00:00
5296,3208,33,322,Lipid Panel,2025-08-02,164,mg/dL,Abnormal,2025-08-02T14:00:00
5297,3209,33,323,Lipid Panel,2025-04-30,250,mg/dL,Normal,2025-05-02T05:00:00
5298,3209,33,325,Lipid Panel,2025-01-28,236,mg/dL,Normal,2025-01-29T08:00:00
5299,3209,33,329,HbA1c,2025-10-05,7.7,%,Abnormal,2025-10-06T22:00:00
5300,3210,33,329,Lipid Panel,2025-07-24,135,mg/dL,Normal,2025-07-25T00:00:00
5301,3210,33,329,Complete Blood Count,2025-03-27,16.6,g/dL,Critical,2025-03-28T14:00:00
5302,3211,33,325,HbA1c,2025-08-03,7.2,%,Normal,2025-08-04T11:00:00
5303,3211,33,326,Lipid Panel,2025-09-09,189,mg/dL,Normal,2025-09-10T14:00:00
5304,3212,33,321,Basic Metabolic Panel,2025-08-14,98,mg/dL,Normal,2025-08-14T21:00:00
5305,3212,33,325,HbA1c,2025-08-25,5.6,%,Normal,2025-08-26T01:00:00
5306,3213,33,325,Basic Metabolic Panel,2025-10-08,128,mg/dL,Normal,2025-10-10T21:00:00
5307,3214,33,321,Thyroid Panel,2025-06-12,2.4,mIU/L,Normal,2025-06-13T18:00:00
5308,3215,33,321,Basic Metabolic Panel,2025-03-14,76,mg/dL,Normal,2025-03-16T21:00:00
5309,3215,33,329,Thyroid Panel,2025-03-20,3.8,mIU/L,Normal,2025-03-21T22:00:00
5310,3216,33,321,Thyroid Panel,2025-03-17,1.3,mIU/L,Normal,2025-03-19T21:00:00
5311,3217,33,327,HbA1c,2025-01-14,5.3,%,Normal,2025-01-14T12:00:00
5312,3217,33,328,Complete Blood Count,2025-08-06,13.8,g/dL,Normal,2025-08-06T14:00:00
5313,3218,33,327,Thyroid Panel,2025-04-14,4.3,mIU/L,Normal,2025-04-14T16:00:00
5314,3218,33,327,Basic Metabolic Panel,2025-08-30,104,mg/dL,Normal,2025-09-01T19:00:00
5315,3219,33,322,Lipid Panel,2025-10-26,239,mg/dL,Normal,2025-10-27T21:00:00
5316,3220,33,323,HbA1c,2025-12-17,5.4,%,Normal,2025-12-18T11:00:00
5317,3221,33,325,Complete Blood Count,2025-01-10,15.5,g/dL,Normal,2025-01-10T17:00:00
5318,3222,33,330,Thyroid Panel,2025-10-12,5.5,mIU/L,Normal,2025-10-12T13:00:00
5319,3223,33,322,Basic Metabolic Panel,2025-12-21,65,mg/dL,Abnormal,2025-12-22T20:00:00
5320,3224,33,328,Complete Blood Count,2025-01-21,11.3,g/dL,Normal,2025-01-22T18:00:00
5321,3224,33,322,Complete Blood Count,2025-05-27,12.2,g/dL,Normal,2025-05-27T15:00:00
5322,3225,33,329,Thyroid Panel,2025-08-15,3.2,mIU/L,Normal,2025-08-17T02:00:00
5323,3226,33,325,Basic Metabolic Panel,2025-12-09,75,mg/dL,Normal,2025-12-09T15:00:00
5324,3226,33,322,Complete Blood Count,2025-10-20,8.3,g/dL,Normal,2025-10-22T23:00:00
5325,3227,33,321,Complete Blood Count,2026-01-13,12.5,g/dL,Normal,2026-01-14T11:00:00
5326,3227,33,323,Complete Blood Count,2025-03-18,11.4,g/dL,Normal,2025-03-19T10:00:00
5327,3228,33,323,Lipid Panel,2025-03-31,278,mg/dL,Normal,2025-03-31T14:00:00
5328,3228,33,323,Thyroid Panel,2025-08-29,7.2,mIU/L,Abnormal,2025-08-30T11:00:00
5329,3229,33,328,HbA1c,2025-12-12,8.7,%,Normal,2025-12-14T08:00:00
5330,3229,33,326,Lipid Panel,2025-08-05,273,mg/dL,Normal,2025-08-06T08:00:00
5331,3230,33,328,HbA1c,2026-01-25,6.2,%,Normal,2026-01-25T22:00:00
5332,3230,33,327,Thyroid Panel,2025-05-13,6.2,mIU/L,Normal,2025-05-15T06:00:00
5333,3231,33,322,Basic Metabolic Panel,2025-02-27,101,mg/dL,Abnormal,2025-02-28T10:00:00
5334,3232,33,325,Complete Blood Count,2025-12-15,16.5,g/dL,Normal,2025-12-17T18:00:00
5335,3233,33,324,Lipid Panel,2025-11-10,237,mg/dL,Normal,2025-11-12T13:00:00
5336,3233,33,328,Basic Metabolic Panel,2026-01-15,115,mg/dL,Abnormal,2026-01-17T00:00:00
5337,3233,33,330,Basic Metabolic Panel,2025-10-01,113,mg/dL,Abnormal,2025-10-01T19:00:00
5338,3234,33,321,Thyroid Panel,2025-09-12,2.8,mIU/L,Normal,2025-09-14T13:00:00
5339,3234,33,328,HbA1c,2025-01-24,8.4,%,Normal,2025-01-26T15:00:00
5340,3234,33,325,Thyroid Panel,2025-09-22,5.9,mIU/L,Normal,2025-09-23T20:00:00
5341,3235,33,330,Complete Blood Count,2025-04-19,12.6,g/dL,Abnormal,2025-04-21T16:00:00
5342,3236,33,323,HbA1c,2025-12-12,9.3,%,Normal,2025-12-13T10:00:00
5343,3236,33,325,HbA1c,2025-11-13,4.7,%,Normal,2025-11-15T00:00:00
5344,3237,33,325,HbA1c,2025-06-12,9.5,%,Critical,2025-06-12T21:00:00
5345,3238,33,322,Complete Blood Count,2025-02-16,16.1,g/dL,Critical,2025-02-18T08:00:00
5346,3238,33,329,HbA1c,2025-02-06,9.7,%,Normal,2025-02-07T22:00:00
5347,3239,33,329,Thyroid Panel,2026-01-08,4.6,mIU/L,Normal,2026-01-09T08:00:00
5348,3239,33,323,Complete Blood Count,2025-10-23,10.2,g/dL,Normal,2025-10-24T14:00:00
5349,3240,33,321,Basic Metabolic Panel,2025-11-30,90,mg/dL,Normal,2025-12-01T05:00:00
5350,3240,33,329,Complete Blood Count,2025-01-21,15.9,g/dL,Normal,2025-01-23T20:00:00
5351,3241,33,327,HbA1c,2025-11-12,5.5,%,Normal,2025-11-15T00:00:00
5352,3241,33,323,Complete Blood Count,2025-06-19,11.0,g/dL,Normal,2025-06-20T06:00:00
5353,3242,33,330,Thyroid Panel,2025-09-05,7.0,mIU/L,Abnormal,2025-09-07T22:00:00
5354,3243,33,330,Lipid Panel,2026-01-24,136,mg/dL,Normal,2026-01-26T15:00:00
5355,3243,33,325,Thyroid Panel,2025-05-24,5.9,mIU/L,Normal,2025-05-25T16:00:00
5356,3243,33,321,HbA1c,2025-05-07,5.6,%,Normal,2025-05-09T23:00:00
5357,3244,33,329,HbA1c,2025-04-03,8.9,%,Normal,2025-04-03T17:00:00
5358,3245,33,323,Basic Metabolic Panel,2025-10-02,108,mg/dL,Abnormal,2025-10-02T15:00:00
5359,3246,33,323,Thyroid Panel,2025-04-03,6.7,mIU/L,Normal,2025-04-04T15:00:00
5360,3247,33,327,Thyroid Panel,2025-09-23,7.4,mIU/L,Normal,2025-09-25T05:00:00
5361,3247,33,330,Thyroid Panel,2025-08-29,4.3,mIU/L,Normal,2025-08-30T09:00:00
5362,3247,33,326,Thyroid Panel,2025-08-20,2.3,mIU/L,Normal,2025-08-22T12:00:00
5363,3248,33,325,Complete Blood Count,2025-11-09,9.0,g/dL,Critical,2025-11-11T23:00:00
5364,3249,33,330,Lipid Panel,2025-01-02,226,mg/dL,Normal,2025-01-04T08:00:00
5365,3249,33,330,Basic Metabolic Panel,2025-12-23,88,mg/dL,Normal,2025-12-24T17:00:00
5366,3250,33,330,Lipid Panel,2025-07-12,184,mg/dL,Normal,2025-07-14T21:00:00
5367,3250,33,330,Complete Blood Count,2025-05-23,9.0,g/dL,Critical,2025-05-25T17:00:00
5368,3250,33,325,HbA1c,2025-05-05,7.6,%,Abnormal,2025-05-06T15:00:00
5369,3251,33,327,Complete Blood Count,2025-02-05,16.3,g/dL,Normal,2025-02-06T11:00:00
5370,3251,33,327,Lipid Panel,2025-12-26,153,mg/dL,Normal,2025-12-28T22:00:00
5371,3252,33,328,Complete Blood Count,2025-06-21,13.9,g/dL,Normal,2025-06-23T03:00:00
5372,3252,33,321,HbA1c,2025-02-22,10.8,%,Normal,2025-02-23T12:00:00
5373,3252,33,323,Basic Metabolic Panel,2025-05-04,103,mg/dL,Normal,2025-05-05T03:00:00
5374,3253,33,323,Basic Metabolic Panel,2025-10-02,73,mg/dL,Normal,2025-10-03T14:00:00
5375,3253,33,323,HbA1c,2025-06-30,6.4,%,Normal,2025-07-01T14:00:00
5376,3254,33,322,Lipid Panel,2025-02-09,280,mg/dL,Normal,2025-02-10T01:00:00
5377,3255,33,329,Lipid Panel,2025-09-07,262,mg/dL,Abnormal,2025-09-08T22:00:00
5378,3256,33,327,Basic Metabolic Panel,2025-06-13,74,mg/dL,Abnormal,2025-06-15T08:00:00
5379,3257,33,329,HbA1c,2025-07-12,7.8,%,Normal,2025-07-13T02:00:00
5380,3258,33,325,Complete Blood Count,2025-01-15,12.7,g/dL,Normal,2025-01-15T22:00:00
5381,3259,33,329,Lipid Panel,2025-03-13,206,mg/dL,Critical,2025-03-13T16:00:00
5382,3259,33,329,Thyroid Panel,2025-10-27,3.2,mIU/L,Abnormal,2025-10-27T14:00:00
5383,3260,33,330,HbA1c,2026-01-01,7.0,%,Normal,2026-01-03T02:00:00
5384,3261,33,329,Thyroid Panel,2025-12-21,7.2,mIU/L,Normal,2025-12-23T17:00:00
5385,3262,33,321,HbA1c,2025-05-05,5.5,%,Normal,2025-05-05T17:00:00
5386,3263,33,323,Thyroid Panel,2025-08-24,4.5,mIU/L,Abnormal,2025-08-24T17:00:00
5387,3263,33,323,Lipid Panel,2025-01-09,160,mg/dL,Abnormal,2025-01-10T01:00:00
5388,3264,33,329,Basic Metabolic Panel,2025-03-06,102,mg/dL,Normal,2025-03-08T14:00:00
5389,3264,33,328,Thyroid Panel,2025-08-07,3.3,mIU/L,Normal,2025-08-10T00:00:00
5390,3264,33,326,Lipid Panel,2025-03-15,240,mg/dL,Normal,2025-03-16T21:00:00
5391,3265,33,321,Lipid Panel,2025-01-04,158,mg/dL,Critical,2025-01-05T20:00:00
5392,3266,33,329,Lipid Panel,2025-08-13,188,mg/dL,Critical,2025-08-13T17:00:00
5393,3267,33,323,Thyroid Panel,2025-04-24,2.1,mIU/L,Normal,2025-04-25T05:00:00
5394,3268,33,326,Basic Metabolic Panel,2025-06-25,96,mg/dL,Normal,2025-06-27T21:00:00
5395,3269,33,323,Basic Metabolic Panel,2025-11-26,128,mg/dL,Abnormal,2025-11-28T09:00:00
5396,3270,33,326,Lipid Panel,2025-09-29,206,mg/dL,Abnormal,2025-09-30T10:00:00
5397,3271,33,321,Lipid Panel,2025-04-23,238,mg/dL,Normal,2025-04-25T11:00:00
5398,3272,33,323,Thyroid Panel,2025-08-18,3.0,mIU/L,Abnormal,2025-08-20T23:00:00
5399,3272,33,325,Lipid Panel,2025-01-22,185,mg/dL,Abnormal,2025-01-24T12:00:00
5400,3273,33,326,HbA1c,2025-07-30,6.4,%,Normal,2025-07-31T21:00:00
5401,3274,33,324,Thyroid Panel,2025-08-23,6.4,mIU/L,Normal,2025-08-25T05:00:00
5402,3274,33,322,Complete Blood Count,2025-10-13,11.7,g/dL,Abnormal,2025-10-14T22:00:00
5403,3275,33,330,Basic Metabolic Panel,2025-07-24,101,mg/dL,Normal,2025-07-26T19:00:00
5404,3276,33,327,HbA1c,2025-01-06,7.0,%,Critical,2025-01-07T07:00:00
5405,3277,33,325,Basic Metabolic Panel,2026-01-18,128,mg/dL,Normal,2026-01-19T02:00:00
5406,3278,33,330,Complete Blood Count,2025-03-25,16.7,g/dL,Normal,2025-03-26T06:00:00
5407,3278,33,326,HbA1c,2025-12-20,8.0,%,Normal,2025-12-21T16:00:00
5408,3279,33,327,Lipid Panel,2025-12-13,181,mg/dL,Normal,2025-12-15T03:00:00
5409,3279,33,326,Thyroid Panel,2025-12-13,6.8,mIU/L,Normal,2025-12-15T17:00:00
5410,3280,33,325,Complete Blood Count,2025-01-13,12.4,g/dL,Normal,2025-01-15T04:00:00
5411,3281,33,321,Complete Blood Count,2026-01-03,9.2,g/dL,Normal,2026-01-03T15:00:00
5412,3282,33,330,Thyroid Panel,2025-03-02,0.5,mIU/L,Abnormal,2025-03-03T03:00:00
5413,3282,33,329,Basic Metabolic Panel,2026-01-24,76,mg/dL,Normal,2026-01-25T12:00:00
5414,3282,33,324,Lipid Panel,2025-08-06,211,mg/dL,Normal,2025-08-07T23:00:00
5415,3283,33,329,Complete Blood Count,2025-12-11,8.3,g/dL,Critical,2025-12-11T13:00:00
5416,3284,33,324,Lipid Panel,2025-05-24,237,mg/dL,Abnormal,2025-05-26T17:00:00
5417,3285,33,328,Complete Blood Count,2025-12-02,9.2,g/dL,Normal,2025-12-03T16:00:00
5418,3286,33,328,Complete Blood Count,2025-07-15,17.0,g/dL,Normal,2025-07-16T11:00:00
5419,3286,33,330,HbA1c,2025-10-25,7.5,%,Abnormal,2025-10-27T06:00:00
5420,3287,33,328,HbA1c,2025-11-10,8.2,%,Normal,2025-11-12T00:00:00
5421,3288,33,326,HbA1c,2025-05-03,10.3,%,Normal,2025-05-05T08:00:00
5422,3289,33,322,Basic Metabolic Panel,2025-06-03,79,mg/dL,Normal,2025-06-04T20:00:00
5423,3290,33,325,Complete Blood Count,2025-11-16,13.0,g/dL,Critical,2025-11-17T10:00:00
5424,3290,33,326,Lipid Panel,2025-03-15,213,mg/dL,Critical,2025-03-17T15:00:00
5425,3290,33,328,Thyroid Panel,2025-09-14,5.3,mIU/L,Abnormal,2025-09-14T22:00:00
5426,3291,33,326,Complete Blood Count,2025-11-09,15.9,g/dL,Abnormal,2025-11-11T04:00:00
5427,3292,33,326,Basic Metabolic Panel,2025-12-30,102,mg/dL,Normal,2025-12-31T06:00:00
5428,3293,33,324,Complete Blood Count,2025-12-07,15.1,g/dL,Normal,2025-12-07T20:00:00
5429,3294,33,330,HbA1c,2025-01-14,7.5,%,Abnormal,2025-01-15T20:00:00
5430,3295,33,325,Complete Blood Count,2026-01-09,9.7,g/dL,Normal,2026-01-10T11:00:00
5431,3295,33,324,Lipid Panel,2025-03-28,143,mg/dL,Critical,2025-03-30T11:00:00
5432,3296,33,325,Complete Blood Count,2025-03-30,14.6,g/dL,Normal,2025-04-01T01:00:00
5433,3296,33,327,Lipid Panel,2025-11-26,194,mg/dL,Abnormal,2025-11-28T17:00:00
5434,3296,33,321,Thyroid Panel,2025-04-01,2.2,mIU/L,Abnormal,2025-04-03T15:00:00
5435,3297,33,321,HbA1c,2025-12-04,9.2,%,Normal,2025-12-04T22:00:00
5436,3297,33,330,HbA1c,2025-02-01,8.3,%,Normal,2025-02-03T09:00:00
5437,3298,33,328,Thyroid Panel,2025-02-15,7.3,mIU/L,Abnormal,2025-02-15T20:00:00
5438,3298,33,324,Lipid Panel,2025-06-04,203,mg/dL,Normal,2025-06-05T14:00:00
5439,3298,33,329,Thyroid Panel,2025-02-28,1.0,mIU/L,Abnormal,2025-03-01T01:00:00
5440,3299,33,324,HbA1c,2025-12-30,9.7,%,Normal,2025-12-31T11:00:00
5441,3299,33,324,Lipid Panel,2026-01-28,273,mg/dL,Normal,2026-01-30T07:00:00
5442,3300,33,328,Basic Metabolic Panel,2025-08-01,134,mg/dL,Normal,2025-08-01T17:00:00
5443,3300,33,324,HbA1c,2025-03-01,9.8,%,Normal,2025-03-03T13:00:00
5444,3301,34,333,Thyroid Panel,2025-12-23,1.0,mIU/L,Normal,2025-12-25T09:00:00
5445,3302,34,334,Complete Blood Count,2025-10-31,8.8,g/dL,Normal,2025-11-02T18:00:00
5446,3303,34,340,Thyroid Panel,2025-01-26,7.6,mIU/L,Normal,2025-01-27T23:00:00
5447,3304,34,332,Thyroid Panel,2025-07-31,3.2,mIU/L,Abnormal,2025-08-01T07:00:00
5448,3304,34,333,Lipid Panel,2025-10-21,149,mg/dL,Normal,2025-10-21T18:00:00
5449,3305,34,331,Thyroid Panel,2025-12-10,1.5,mIU/L,Normal,2025-12-11T01:00:00
5450,3305,34,337,Thyroid Panel,2025-12-23,5.9,mIU/L,Normal,2025-12-24T01:00:00
5451,3305,34,333,Lipid Panel,2025-11-17,230,mg/dL,Normal,2025-11-18T13:00:00
5452,3306,34,332,Basic Metabolic Panel,2025-01-06,75,mg/dL,Normal,2025-01-08T18:00:00
5453,3306,34,339,Thyroid Panel,2025-02-28,1.0,mIU/L,Normal,2025-03-02T20:00:00
5454,3306,34,338,HbA1c,2025-01-16,4.7,%,Normal,2025-01-16T19:00:00
5455,3307,34,333,Complete Blood Count,2025-05-08,14.9,g/dL,Critical,2025-05-09T05:00:00
5456,3308,34,336,Basic Metabolic Panel,2025-09-10,68,mg/dL,Normal,2025-09-10T16:00:00
5457,3309,34,337,HbA1c,2026-01-02,4.9,%,Normal,2026-01-03T19:00:00
5458,3309,34,333,HbA1c,2025-12-01,9.1,%,Normal,2025-12-02T17:00:00
5459,3310,34,337,Lipid Panel,2025-07-21,150,mg/dL,Abnormal,2025-07-21T13:00:00
5460,3311,34,339,Complete Blood Count,2025-12-10,8.8,g/dL,Critical,2025-12-12T11:00:00
5461,3311,34,331,HbA1c,2025-12-20,9.5,%,Normal,2025-12-22T12:00:00
5462,3312,34,331,Lipid Panel,2025-11-10,266,mg/dL,Abnormal,2025-11-11T12:00:00
5463,3312,34,334,Complete Blood Count,2025-08-25,11.8,g/dL,Normal,2025-08-25T13:00:00
5464,3313,34,335,Basic Metabolic Panel,2025-07-23,115,mg/dL,Normal,2025-07-25T07:00:00
5465,3313,34,333,Lipid Panel,2025-12-20,175,mg/dL,Normal,2025-12-21T17:00:00
5466,3314,34,336,Thyroid Panel,2025-01-14,6.6,mIU/L,Normal,2025-01-16T01:00:00
5467,3315,34,335,Complete Blood Count,2025-04-12,13.0,g/dL,Normal,2025-04-13T03:00:00
5468,3315,34,335,Lipid Panel,2026-01-21,127,mg/dL,Normal,2026-01-22T13:00:00
5469,3315,34,339,Basic Metabolic Panel,2025-05-27,102,mg/dL,Normal,2025-05-29T20:00:00
5470,3316,34,339,Lipid Panel,2025-11-30,279,mg/dL,Normal,2025-11-30T22:00:00
5471,3316,34,336,Thyroid Panel,2025-10-23,5.9,mIU/L,Normal,2025-10-24T19:00:00
5472,3317,34,336,Thyroid Panel,2025-03-14,6.8,mIU/L,Normal,2025-03-16T07:00:00
5473,3317,34,336,HbA1c,2025-02-27,6.8,%,Normal,2025-02-28T01:00:00
5474,3318,34,340,Basic Metabolic Panel,2025-04-20,68,mg/dL,Normal,2025-04-22T22:00:00
5475,3319,34,334,Basic Metabolic Panel,2025-10-05,128,mg/dL,Abnormal,2025-10-06T23:00:00
5476,3319,34,339,Basic Metabolic Panel,2025-07-22,90,mg/dL,Normal,2025-07-24T20:00:00
5477,3319,34,334,Lipid Panel,2025-09-30,181,mg/dL,Normal,2025-09-30T13:00:00
5478,3320,34,337,HbA1c,2025-09-23,7.4,%,Normal,2025-09-24T07:00:00
5479,3320,34,335,Thyroid Panel,2025-09-03,3.6,mIU/L,Abnormal,2025-09-06T00:00:00
5480,3321,34,334,Basic Metabolic Panel,2025-03-08,76,mg/dL,Normal,2025-03-08T14:00:00
5481,3322,34,336,HbA1c,2025-10-22,10.3,%,Normal,2025-10-23T16:00:00
5482,3323,34,335,HbA1c,2025-01-03,7.8,%,Normal,2025-01-04T20:00:00
5483,3324,34,335,HbA1c,2025-07-09,9.7,%,Normal,2025-07-10T16:00:00
5484,3324,34,332,HbA1c,2025-12-26,9.1,%,Abnormal,2025-12-27T12:00:00
5485,3325,34,339,Basic Metabolic Panel,2025-02-22,80,mg/dL,Normal,2025-02-23T07:00:00
5486,3326,34,334,Basic Metabolic Panel,2025-02-15,74,mg/dL,Normal,2025-02-16T21:00:00
5487,3327,34,331,HbA1c,2025-12-30,6.7,%,Normal,2026-01-01T04:00:00
5488,3328,34,335,Lipid Panel,2025-09-14,221,mg/dL,Normal,2025-09-15T03:00:00
5489,3328,34,335,Lipid Panel,2025-08-20,247,mg/dL,Critical,2025-08-20T17:00:00
5490,3328,34,331,Lipid Panel,2025-12-13,194,mg/dL,Normal,2025-12-14T05:00:00
5491,3329,34,336,Thyroid Panel,2025-07-30,3.0,mIU/L,Normal,2025-08-01T14:00:00
5492,3330,34,331,Complete Blood Count,2025-07-31,8.8,g/dL,Critical,2025-08-02T05:00:00
5493,3331,34,333,Lipid Panel,2025-07-12,253,mg/dL,Normal,2025-07-14T15:00:00
5494,3332,34,333,Complete Blood Count,2026-01-08,13.9,g/dL,Normal,2026-01-10T13:00:00
5495,3332,34,334,Basic Metabolic Panel,2025-04-29,132,mg/dL,Normal,2025-04-30T22:00:00
5496,3332,34,331,Thyroid Panel,2025-12-14,2.8,mIU/L,Normal,2025-12-16T04:00:00
5497,3333,34,340,Lipid Panel,2025-01-16,186,mg/dL,Abnormal,2025-01-18T13:00:00
5498,3333,34,340,Complete Blood Count,2025-07-04,11.7,g/dL,Normal,2025-07-04T14:00:00
5499,3333,34,332,Lipid Panel,2025-12-21,225,mg/dL,Normal,2025-12-23T14:00:00
5500,3334,34,331,Lipid Panel,2025-09-28,190,mg/dL,Normal,2025-09-30T04:00:00
5501,3334,34,335,Lipid Panel,2025-08-26,241,mg/dL,Normal,2025-08-26T14:00:00
5502,3334,34,337,Lipid Panel,2025-10-20,244,mg/dL,Abnormal,2025-10-21T09:00:00
5503,3335,34,332,HbA1c,2025-11-01,9.8,%,Normal,2025-11-02T10:00:00
5504,3335,34,340,Basic Metabolic Panel,2025-10-22,119,mg/dL,Normal,2025-10-23T09:00:00
5505,3336,34,338,HbA1c,2025-03-08,10.0,%,Normal,2025-03-09T18:00:00
5506,3336,34,339,Complete Blood Count,2025-02-27,16.7,g/dL,Critical,2025-02-28T14:00:00
5507,3337,34,332,Basic Metabolic Panel,2025-05-19,91,mg/dL,Normal,2025-05-20T07:00:00
5508,3337,34,335,HbA1c,2025-04-30,8.3,%,Normal,2025-05-01T08:00:00
5509,3338,34,334,Thyroid Panel,2025-03-25,2.1,mIU/L,Normal,2025-03-26T15:00:00
5510,3338,34,339,Thyroid Panel,2025-02-16,4.0,mIU/L,Critical,2025-02-18T07:00:00
5511,3339,34,331,Complete Blood Count,2025-08-27,12.0,g/dL,Critical,2025-08-28T23:00:00
5512,3339,34,332,Lipid Panel,2025-05-26,279,mg/dL,Normal,2025-05-28T04:00:00
5513,3339,34,338,Basic Metabolic Panel,2026-01-13,74,mg/dL,Normal,2026-01-15T11:00:00
5514,3340,34,340,HbA1c,2025-02-16,8.1,%,Critical,2025-02-18T08:00:00
5515,3340,34,335,Lipid Panel,2025-12-28,280,mg/dL,Normal,2025-12-30T21:00:00
5516,3340,34,334,HbA1c,2026-02-01,9.1,%,Abnormal,2026-02-01T21:00:00
5517,3341,34,339,Lipid Panel,2025-09-05,174,mg/dL,Normal,2025-09-05T22:00:00
5518,3341,34,338,HbA1c,2025-12-04,10.1,%,Normal,2025-12-05T19:00:00
5519,3341,34,339,Complete Blood Count,2025-01-25,13.9,g/dL,Normal,2025-01-27T22:00:00
5520,3342,34,337,HbA1c,2025-12-31,8.6,%,Normal,2026-01-01T18:00:00
5521,3342,34,332,HbA1c,2025-03-08,7.9,%,Abnormal,2025-03-10T20:00:00
5522,3342,34,332,Thyroid Panel,2025-08-28,7.0,mIU/L,Normal,2025-08-28T14:00:00
5523,3343,34,340,HbA1c,2026-01-05,5.0,%,Normal,2026-01-07T23:00:00
5524,3343,34,340,Complete Blood Count,2025-08-02,9.0,g/dL,Normal,2025-08-02T19:00:00
5525,3344,34,335,HbA1c,2025-11-29,7.0,%,Critical,2025-11-29T17:00:00
5526,3344,34,340,Thyroid Panel,2026-01-24,2.2,mIU/L,Normal,2026-01-26T00:00:00
5527,3344,34,335,Lipid Panel,2025-09-08,197,mg/dL,Critical,2025-09-09T01:00:00
5528,3345,34,339,Thyroid Panel,2026-01-27,6.9,mIU/L,Critical,2026-01-28T09:00:00
5529,3345,34,333,Lipid Panel,2026-01-05,247,mg/dL,Normal,2026-01-07T06:00:00
5530,3346,34,338,Basic Metabolic Panel,2025-01-29,65,mg/dL,Normal,2025-01-30T18:00:00
5531,3347,34,333,HbA1c,2025-06-21,6.1,%,Normal,2025-06-23T23:00:00
5532,3347,34,332,Thyroid Panel,2025-10-09,6.7,mIU/L,Abnormal,2025-10-09T22:00:00
5533,3347,34,337,Basic Metabolic Panel,2025-10-27,138,mg/dL,Normal,2025-10-27T15:00:00
5534,3348,34,337,Complete Blood Count,2025-08-09,9.3,g/dL,Abnormal,2025-08-10T11:00:00
5535,3348,34,334,Thyroid Panel,2025-10-20,7.9,mIU/L,Critical,2025-10-22T05:00:00
5536,3349,34,337,HbA1c,2025-12-09,7.1,%,Normal,2025-12-10T21:00:00
5537,3350,34,331,Complete Blood Count,2026-01-17,9.7,g/dL,Normal,2026-01-18T18:00:00
5538,3351,34,340,Complete Blood Count,2025-05-06,12.0,g/dL,Normal,2025-05-07T19:00:00
5539,3351,34,331,Thyroid Panel,2026-01-20,5.2,mIU/L,Normal,2026-01-22T10:00:00
5540,3352,34,337,Thyroid Panel,2025-01-19,2.0,mIU/L,Abnormal,2025-01-20T19:00:00
5541,3352,34,331,Thyroid Panel,2025-09-21,7.7,mIU/L,Normal,2025-09-22T03:00:00
5542,3353,34,333,Basic Metabolic Panel,2026-01-05,127,mg/dL,Normal,2026-01-06T07:00:00
5543,3354,34,333,Thyroid Panel,2025-01-31,3.5,mIU/L,Normal,2025-02-02T18:00:00
5544,3354,34,335,HbA1c,2025-07-22,9.8,%,Normal,2025-07-23T08:00:00
5545,3354,34,337,Basic Metabolic Panel,2025-07-04,115,mg/dL,Normal,2025-07-06T07:00:00
5546,3355,34,339,Lipid Panel,2025-02-22,248,mg/dL,Critical,2025-02-23T16:00:00
5547,3355,34,335,Basic Metabolic Panel,2025-10-23,126,mg/dL,Normal,2025-10-24T10:00:00
5548,3356,34,331,Lipid Panel,2025-06-20,198,mg/dL,Normal,2025-06-22T12:00:00
5549,3356,34,333,Complete Blood Count,2025-04-02,9.7,g/dL,Normal,2025-04-03T13:00:00
5550,3356,34,334,Complete Blood Count,2026-01-16,10.0,g/dL,Normal,2026-01-17T12:00:00
5551,3357,34,336,Lipid Panel,2025-08-15,215,mg/dL,Normal,2025-08-16T02:00:00
5552,3357,34,340,Complete Blood Count,2025-08-25,17.0,g/dL,Abnormal,2025-08-27T12:00:00
5553,3357,34,335,Complete Blood Count,2025-04-27,14.6,g/dL,Normal,2025-04-28T09:00:00
5554,3358,34,333,Lipid Panel,2025-08-27,189,mg/dL,Abnormal,2025-08-28T13:00:00
5555,3358,34,336,Complete Blood Count,2025-12-29,9.1,g/dL,Normal,2025-12-30T23:00:00
5556,3359,34,340,Thyroid Panel,2025-02-01,7.9,mIU/L,Abnormal,2025-02-03T10:00:00
5557,3359,34,334,Basic Metabolic Panel,2025-11-04,117,mg/dL,Normal,2025-11-06T23:00:00
5558,3360,34,337,Lipid Panel,2025-05-13,175,mg/dL,Normal,2025-05-13T20:00:00
5559,3361,34,337,Lipid Panel,2025-04-29,253,mg/dL,Normal,2025-04-30T17:00:00
5560,3361,34,334,Basic Metabolic Panel,2025-04-06,87,mg/dL,Abnormal,2025-04-07T09:00:00
5561,3361,34,334,Complete Blood Count,2025-04-28,8.3,g/dL,Normal,2025-04-30T09:00:00
5562,3362,34,331,Complete Blood Count,2025-10-27,12.9,g/dL,Normal,2025-10-28T07:00:00
5563,3362,34,334,HbA1c,2025-01-18,10.6,%,Abnormal,2025-01-19T01:00:00
5564,3363,34,334,Lipid Panel,2026-01-25,179,mg/dL,Normal,2026-01-26T00:00:00
5565,3364,34,339,Thyroid Panel,2025-05-24,1.9,mIU/L,Normal,2025-05-25T11:00:00
5566,3364,34,332,Lipid Panel,2025-11-27,212,mg/dL,Abnormal,2025-11-28T19:00:00
5567,3365,34,331,HbA1c,2025-08-14,7.5,%,Normal,2025-08-14T18:00:00
5568,3365,34,336,Complete Blood Count,2025-08-04,12.3,g/dL,Normal,2025-08-06T00:00:00
5569,3366,34,337,HbA1c,2025-12-28,6.9,%,Normal,2025-12-29T10:00:00
5570,3366,34,333,Complete Blood Count,2025-12-07,11.3,g/dL,Normal,2025-12-09T08:00:00
5571,3367,34,340,Lipid Panel,2025-05-29,231,mg/dL,Normal,2025-05-29T13:00:00
5572,3368,34,338,Lipid Panel,2025-08-08,274,mg/dL,Normal,2025-08-09T21:00:00
5573,3368,34,340,Lipid Panel,2026-01-07,187,mg/dL,Normal,2026-01-07T20:00:00
5574,3369,34,340,Complete Blood Count,2025-08-22,10.0,g/dL,Abnormal,2025-08-24T03:00:00
5575,3369,34,338,Thyroid Panel,2025-12-13,6.9,mIU/L,Normal,2025-12-14T01:00:00
5576,3370,34,334,Lipid Panel,2025-11-01,144,mg/dL,Normal,2025-11-02T20:00:00
5577,3371,34,337,HbA1c,2025-02-11,9.7,%,Normal,2025-02-13T07:00:00
5578,3371,34,331,Lipid Panel,2025-01-06,204,mg/dL,Normal,2025-01-07T13:00:00
5579,3372,34,339,Basic Metabolic Panel,2025-07-26,69,mg/dL,Normal,2025-07-28T05:00:00
5580,3372,34,335,Basic Metabolic Panel,2025-08-30,118,mg/dL,Abnormal,2025-08-30T17:00:00
5581,3372,34,340,Thyroid Panel,2025-08-08,5.5,mIU/L,Normal,2025-08-09T03:00:00
5582,3373,34,340,Complete Blood Count,2025-01-01,16.0,g/dL,Normal,2025-01-02T02:00:00
5583,3373,34,333,HbA1c,2025-08-29,5.5,%,Normal,2025-08-30T12:00:00
5584,3374,34,336,Thyroid Panel,2025-05-04,6.1,mIU/L,Normal,2025-05-06T22:00:00
5585,3375,34,340,Basic Metabolic Panel,2025-11-02,94,mg/dL,Normal,2025-11-04T02:00:00
5586,3376,34,340,HbA1c,2025-10-12,4.5,%,Normal,2025-10-14T00:00:00
5587,3377,34,335,Basic Metabolic Panel,2025-08-11,111,mg/dL,Normal,2025-08-13T13:00:00
5588,3377,34,336,Lipid Panel,2025-08-29,139,mg/dL,Normal,2025-08-29T15:00:00
5589,3378,34,331,Lipid Panel,2025-01-09,143,mg/dL,Normal,2025-01-11T06:00:00
5590,3379,34,338,Lipid Panel,2025-12-10,217,mg/dL,Normal,2025-12-11T12:00:00
5591,3379,34,333,HbA1c,2025-12-03,9.3,%,Normal,2025-12-05T14:00:00
5592,3380,34,333,Lipid Panel,2025-05-26,172,mg/dL,Normal,2025-05-28T22:00:00
5593,3380,34,335,Thyroid Panel,2025-02-03,1.9,mIU/L,Normal,2025-02-04T15:00:00
5594,3381,34,332,Thyroid Panel,2025-11-05,1.3,mIU/L,Normal,2025-11-05T12:00:00
5595,3382,34,337,Complete Blood Count,2025-04-17,14.7,g/dL,Abnormal,2025-04-19T18:00:00
5596,3382,34,337,HbA1c,2026-01-22,6.5,%,Abnormal,2026-01-23T16:00:00
5597,3383,34,340,Lipid Panel,2025-09-21,240,mg/dL,Normal,2025-09-22T10:00:00
5598,3383,34,335,Complete Blood Count,2025-08-09,12.4,g/dL,Normal,2025-08-11T14:00:00
5599,3384,34,331,Thyroid Panel,2025-02-19,1.8,mIU/L,Normal,2025-02-21T22:00:00
5600,3384,34,336,Thyroid Panel,2025-05-27,1.1,mIU/L,Abnormal,2025-05-28T10:00:00
5601,3385,34,335,Basic Metabolic Panel,2025-10-22,120,mg/dL,Normal,2025-10-24T17:00:00
5602,3385,34,338,Lipid Panel,2025-10-04,179,mg/dL,Abnormal,2025-10-05T16:00:00
5603,3386,34,336,Lipid Panel,2025-10-21,248,mg/dL,Normal,2025-10-21T13:00:00
5604,3386,34,337,Basic Metabolic Panel,2025-02-14,109,mg/dL,Normal,2025-02-15T23:00:00
5605,3386,34,339,HbA1c,2025-08-15,9.3,%,Normal,2025-08-15T17:00:00
5606,3387,34,339,Thyroid Panel,2025-08-16,2.1,mIU/L,Normal,2025-08-17T05:00:00
5607,3387,34,335,HbA1c,2025-07-26,4.8,%,Normal,2025-07-27T20:00:00
5608,3387,34,334,Thyroid Panel,2025-03-22,0.6,mIU/L,Normal,2025-03-24T11:00:00
5609,3388,34,331,Thyroid Panel,2025-11-27,6.9,mIU/L,Abnormal,2025-11-29T01:00:00
5610,3389,34,337,Thyroid Panel,2025-03-26,7.6,mIU/L,Critical,2025-03-27T04:00:00
5611,3390,34,334,HbA1c,2025-07-27,6.1,%,Normal,2025-07-29T02:00:00
5612,3391,34,333,Complete Blood Count,2025-07-19,14.2,g/dL,Abnormal,2025-07-19T14:00:00
5613,3391,34,339,Basic Metabolic Panel,2025-01-03,73,mg/dL,Normal,2025-01-04T21:00:00
5614,3391,34,334,HbA1c,2025-08-03,10.1,%,Normal,2025-08-05T03:00:00
5615,3392,34,335,Thyroid Panel,2025-04-19,6.5,mIU/L,Normal,2025-04-20T18:00:00
5616,3393,34,338,Basic Metabolic Panel,2025-03-04,139,mg/dL,Abnormal,2025-03-06T06:00:00
5617,3394,34,332,Lipid Panel,2025-03-01,165,mg/dL,Normal,2025-03-03T15:00:00
5618,3395,34,334,Thyroid Panel,2025-07-27,6.6,mIU/L,Normal,2025-07-29T08:00:00
5619,3395,34,336,Thyroid Panel,2025-12-30,6.4,mIU/L,Abnormal,2025-12-31T20:00:00
5620,3395,34,332,Thyroid Panel,2025-01-23,7.3,mIU/L,Abnormal,2025-01-23T14:00:00
5621,3396,34,336,Thyroid Panel,2025-04-21,4.9,mIU/L,Normal,2025-04-22T01:00:00
5622,3397,34,337,Basic Metabolic Panel,2025-02-21,65,mg/dL,Normal,2025-02-23T16:00:00
5623,3397,34,336,HbA1c,2026-01-28,9.4,%,Normal,2026-01-30T19:00:00
5624,3398,34,338,Lipid Panel,2025-01-06,252,mg/dL,Critical,2025-01-06T18:00:00
5625,3398,34,331,Complete Blood Count,2025-05-31,9.7,g/dL,Normal,2025-06-02T15:00:00
5626,3399,34,339,Complete Blood Count,2025-10-14,16.2,g/dL,Normal,2025-10-14T15:00:00
5627,3400,34,332,Thyroid Panel,2025-10-18,2.6,mIU/L,Normal,2025-10-20T13:00:00
5628,3400,34,334,Basic Metabolic Panel,2025-01-19,112,mg/dL,Normal,2025-01-21T20:00:00
5629,3400,34,332,Thyroid Panel,2026-01-14,1.0,mIU/L,Normal,2026-01-16T15:00:00
5630,3401,35,350,Basic Metabolic Panel,2025-08-13,133,mg/dL,Normal,2025-08-13T17:00:00
5631,3401,35,348,Complete Blood Count,2025-10-02,12.3,g/dL,Normal,2025-10-02T12:00:00
5632,3402,35,343,Thyroid Panel,2025-12-29,6.9,mIU/L,Abnormal,2025-12-29T22:00:00
5633,3402,35,349,HbA1c,2025-12-26,4.6,%,Normal,2025-12-26T18:00:00
5634,3403,35,350,Lipid Panel,2025-03-13,173,mg/dL,Abnormal,2025-03-13T16:00:00
5635,3404,35,346,Lipid Panel,2025-01-22,154,mg/dL,Abnormal,2025-01-24T00:00:00
5636,3405,35,345,Complete Blood Count,2025-04-20,14.0,g/dL,Abnormal,2025-04-21T18:00:00
5637,3405,35,342,Basic Metabolic Panel,2025-07-05,128,mg/dL,Normal,2025-07-06T21:00:00
5638,3405,35,347,Lipid Panel,2025-05-11,234,mg/dL,Normal,2025-05-12T22:00:00
5639,3406,35,342,Lipid Panel,2026-01-15,226,mg/dL,Abnormal,2026-01-15T20:00:00
5640,3407,35,341,Basic Metabolic Panel,2025-07-09,140,mg/dL,Normal,2025-07-12T00:00:00
5641,3407,35,346,Basic Metabolic Panel,2025-03-28,76,mg/dL,Normal,2025-03-28T19:00:00
5642,3408,35,342,Thyroid Panel,2025-03-04,0.9,mIU/L,Abnormal,2025-03-06T06:00:00
5643,3409,35,344,Thyroid Panel,2025-04-24,6.8,mIU/L,Normal,2025-04-25T00:00:00
5644,3409,35,346,HbA1c,2026-01-17,8.3,%,Abnormal,2026-01-18T20:00:00
5645,3409,35,350,Lipid Panel,2025-08-08,135,mg/dL,Normal,2025-08-10T14:00:00
5646,3410,35,345,HbA1c,2025-10-12,8.4,%,Normal,2025-10-14T06:00:00
5647,3411,35,342,Complete Blood Count,2025-12-27,15.9,g/dL,Normal,2025-12-28T12:00:00
5648,3411,35,350,Basic Metabolic Panel,2025-01-25,135,mg/dL,Normal,2025-01-26T06:00:00
5649,3412,35,342,Complete Blood Count,2025-01-26,9.3,g/dL,Normal,2025-01-28T17:00:00
5650,3413,35,349,Complete Blood Count,2025-05-21,11.6,g/dL,Normal,2025-05-23T13:00:00
5651,3414,35,349,Complete Blood Count,2026-01-18,10.3,g/dL,Abnormal,2026-01-20T14:00:00
5652,3414,35,341,Thyroid Panel,2025-12-21,5.7,mIU/L,Normal,2025-12-23T03:00:00
5653,3415,35,341,Thyroid Panel,2025-05-20,6.8,mIU/L,Normal,2025-05-21T15:00:00
5654,3416,35,350,HbA1c,2025-07-26,4.7,%,Normal,2025-07-26T12:00:00
5655,3417,35,346,Thyroid Panel,2025-03-09,0.6,mIU/L,Critical,2025-03-11T08:00:00
5656,3417,35,345,HbA1c,2025-11-01,7.1,%,Normal,2025-11-02T23:00:00
5657,3418,35,349,HbA1c,2025-01-21,8.2,%,Normal,2025-01-22T19:00:00
5658,3418,35,350,HbA1c,2025-03-15,5.0,%,Normal,2025-03-17T06:00:00
5659,3419,35,350,HbA1c,2025-11-30,7.5,%,Abnormal,2025-12-01T16:00:00
5660,3420,35,344,Thyroid Panel,2025-07-27,2.5,mIU/L,Normal,2025-07-29T12:00:00
5661,3421,35,350,HbA1c,2025-02-19,5.8,%,Critical,2025-02-20T13:00:00
5662,3422,35,348,Lipid Panel,2025-11-19,254,mg/dL,Normal,2025-11-20T13:00:00
5663,3422,35,345,Basic Metabolic Panel,2025-06-13,131,mg/dL,Abnormal,2025-06-15T01:00:00
5664,3422,35,343,Basic Metabolic Panel,2025-11-08,81,mg/dL,Normal,2025-11-10T15:00:00
5665,3423,35,342,Basic Metabolic Panel,2025-03-12,114,mg/dL,Abnormal,2025-03-14T13:00:00
5666,3424,35,341,Lipid Panel,2025-11-02,198,mg/dL,Normal,2025-11-03T21:00:00
5667,3425,35,347,Thyroid Panel,2025-11-20,4.9,mIU/L,Normal,2025-11-22T14:00:00
5668,3425,35,348,Complete Blood Count,2025-07-09,9.1,g/dL,Normal,2025-07-10T12:00:00
5669,3426,35,348,HbA1c,2025-02-02,4.8,%,Normal,2025-02-04T21:00:00
5670,3427,35,343,Lipid Panel,2026-01-03,142,mg/dL,Normal,2026-01-06T00:00:00
5671,3427,35,343,HbA1c,2025-04-14,5.7,%,Normal,2025-04-15T09:00:00
5672,3427,35,347,Complete Blood Count,2025-06-14,8.0,g/dL,Abnormal,2025-06-16T11:00:00
5673,3428,35,345,Thyroid Panel,2025-02-02,3.3,mIU/L,Normal,2025-02-03T16:00:00
5674,3428,35,346,Complete Blood Count,2025-03-18,11.1,g/dL,Normal,2025-03-18T12:00:00
5675,3429,35,344,HbA1c,2025-02-14,5.8,%,Abnormal,2025-02-15T00:00:00
5676,3429,35,349,HbA1c,2025-07-31,6.9,%,Normal,2025-07-31T13:00:00
5677,3429,35,350,Lipid Panel,2025-12-06,193,mg/dL,Normal,2025-12-06T21:00:00
5678,3430,35,342,Complete Blood Count,2025-03-17,13.4,g/dL,Abnormal,2025-03-19T22:00:00
5679,3431,35,345,Lipid Panel,2025-05-22,147,mg/dL,Normal,2025-05-24T22:00:00
5680,3432,35,345,Complete Blood Count,2025-10-03,15.3,g/dL,Abnormal,2025-10-05T23:00:00
5681,3432,35,349,Lipid Panel,2025-12-22,187,mg/dL,Abnormal,2025-12-24T22:00:00
5682,3433,35,348,Basic Metabolic Panel,2026-01-26,140,mg/dL,Normal,2026-01-27T22:00:00
5683,3434,35,341,Lipid Panel,2025-02-28,144,mg/dL,Critical,2025-03-01T15:00:00
5684,3434,35,343,Lipid Panel,2025-04-22,143,mg/dL,Normal,2025-04-23T19:00:00
5685,3434,35,350,Thyroid Panel,2025-02-25,0.9,mIU/L,Normal,2025-02-27T05:00:00
5686,3435,35,350,Basic Metabolic Panel,2025-06-09,84,mg/dL,Critical,2025-06-09T22:00:00
5687,3436,35,348,Thyroid Panel,2026-01-22,6.2,mIU/L,Normal,2026-01-24T15:00:00
5688,3437,35,346,HbA1c,2025-08-20,7.8,%,Abnormal,2025-08-21T06:00:00
5689,3438,35,343,Basic Metabolic Panel,2026-01-28,92,mg/dL,Normal,2026-01-30T08:00:00
5690,3438,35,349,Thyroid Panel,2026-01-19,1.4,mIU/L,Critical,2026-01-21T12:00:00
5691,3438,35,343,HbA1c,2026-01-18,6.5,%,Normal,2026-01-18T23:00:00
5692,3439,35,346,Complete Blood Count,2025-08-27,8.6,g/dL,Normal,2025-08-28T21:00:00
5693,3440,35,349,Complete Blood Count,2025-05-08,11.0,g/dL,Normal,2025-05-09T04:00:00
5694,3440,35,344,Thyroid Panel,2025-04-06,6.0,mIU/L,Critical,2025-04-07T20:00:00
5695,3441,35,345,Basic Metabolic Panel,2025-08-31,115,mg/dL,Normal,2025-09-01T15:00:00
5696,3442,35,341,Thyroid Panel,2025-10-07,1.3,mIU/L,Normal,2025-10-08T19:00:00
5697,3443,35,349,Basic Metabolic Panel,2026-01-06,75,mg/dL,Normal,2026-01-08T06:00:00
5698,3443,35,348,HbA1c,2025-12-17,5.8,%,Abnormal,2025-12-19T17:00:00
5699,3444,35,347,Thyroid Panel,2025-04-08,3.1,mIU/L,Normal,2025-04-08T18:00:00
5700,3444,35,343,Basic Metabolic Panel,2025-02-18,81,mg/dL,Normal,2025-02-20T06:00:00
5701,3445,35,345,Complete Blood Count,2025-05-15,10.3,g/dL,Normal,2025-05-16T02:00:00
5702,3446,35,341,Basic Metabolic Panel,2025-05-23,75,mg/dL,Normal,2025-05-25T23:00:00
5703,3446,35,343,Thyroid Panel,2025-11-02,6.4,mIU/L,Critical,2025-11-03T12:00:00
5704,3447,35,348,HbA1c,2025-04-15,6.3,%,Normal,2025-04-16T01:00:00
5705,3448,35,348,Complete Blood Count,2025-12-16,15.3,g/dL,Normal,2025-12-18T18:00:00
5706,3448,35,344,Lipid Panel,2025-10-25,190,mg/dL,Normal,2025-10-27T23:00:00
5707,3449,35,350,Basic Metabolic Panel,2025-02-17,68,mg/dL,Abnormal,2025-02-17T13:00:00
5708,3449,35,344,HbA1c,2025-06-04,6.0,%,Normal,2025-06-06T02:00:00
5709,3450,35,349,HbA1c,2026-01-03,9.8,%,Normal,2026-01-04T14:00:00
5710,3451,35,349,Thyroid Panel,2025-09-01,1.0,mIU/L,Normal,2025-09-02T20:00:00
5711,3451,35,343,Complete Blood Count,2025-10-30,11.3,g/dL,Normal,2025-10-30T21:00:00
5712,3452,35,348,Basic Metabolic Panel,2025-09-21,93,mg/dL,Normal,2025-09-21T20:00:00
5713,3453,35,341,Lipid Panel,2025-03-02,174,mg/dL,Normal,2025-03-02T22:00:00
5714,3454,35,350,HbA1c,2025-01-21,6.2,%,Abnormal,2025-01-23T23:00:00
5715,3455,35,348,Lipid Panel,2025-06-09,150,mg/dL,Critical,2025-06-11T10:00:00
5716,3456,35,349,Lipid Panel,2025-10-12,221,mg/dL,Normal,2025-10-13T17:00:00
5717,3456,35,348,Basic Metabolic Panel,2025-01-04,97,mg/dL,Normal,2025-01-05T17:00:00
5718,3457,35,347,HbA1c,2025-01-02,7.1,%,Critical,2025-01-04T07:00:00
5719,3458,35,343,Lipid Panel,2025-03-21,260,mg/dL,Abnormal,2025-03-21T19:00:00
5720,3459,35,349,Lipid Panel,2025-10-25,150,mg/dL,Critical,2025-10-27T17:00:00
5721,3460,35,349,Basic Metabolic Panel,2025-03-26,133,mg/dL,Normal,2025-03-27T18:00:00
5722,3460,35,345,Basic Metabolic Panel,2025-08-07,82,mg/dL,Abnormal,2025-08-08T04:00:00
5723,3460,35,344,Thyroid Panel,2025-01-06,1.9,mIU/L,Normal,2025-01-08T22:00:00
5724,3461,35,350,Basic Metabolic Panel,2025-03-27,137,mg/dL,Abnormal,2025-03-29T06:00:00
5725,3461,35,347,Basic Metabolic Panel,2025-01-17,115,mg/dL,Normal,2025-01-19T20:00:00
5726,3462,35,344,Complete Blood Count,2025-05-10,9.6,g/dL,Abnormal,2025-05-12T05:00:00
5727,3463,35,346,Thyroid Panel,2025-05-22,6.5,mIU/L,Abnormal,2025-05-24T01:00:00
5728,3464,35,342,Thyroid Panel,2025-08-10,5.4,mIU/L,Normal,2025-08-11T10:00:00
5729,3464,35,345,Lipid Panel,2025-01-15,150,mg/dL,Normal,2025-01-17T19:00:00
5730,3465,35,349,Complete Blood Count,2025-12-29,12.3,g/dL,Normal,2025-12-29T13:00:00
5731,3466,35,344,Basic Metabolic Panel,2025-11-17,97,mg/dL,Normal,2025-11-20T00:00:00
5732,3466,35,342,Basic Metabolic Panel,2025-10-24,108,mg/dL,Critical,2025-10-25T10:00:00
5733,3467,35,349,HbA1c,2025-05-13,8.2,%,Normal,2025-05-13T22:00:00
5734,3467,35,344,Basic Metabolic Panel,2026-01-22,138,mg/dL,Critical,2026-01-23T00:00:00
5735,3468,35,347,Lipid Panel,2025-06-22,220,mg/dL,Normal,2025-06-24T00:00:00
5736,3469,35,348,Basic Metabolic Panel,2025-09-10,131,mg/dL,Normal,2025-09-11T18:00:00
5737,3470,35,346,Thyroid Panel,2025-04-17,3.6,mIU/L,Abnormal,2025-04-19T17:00:00
5738,3470,35,342,Basic Metabolic Panel,2025-11-01,97,mg/dL,Normal,2025-11-01T16:00:00
5739,3471,35,349,Complete Blood Count,2025-12-01,16.6,g/dL,Abnormal,2025-12-02T22:00:00
5740,3472,35,348,Lipid Panel,2025-04-13,169,mg/dL,Normal,2025-04-15T02:00:00
5741,3473,35,348,Basic Metabolic Panel,2025-07-06,79,mg/dL,Normal,2025-07-08T19:00:00
5742,3473,35,342,Complete Blood Count,2025-11-09,8.7,g/dL,Normal,2025-11-09T18:00:00
5743,3474,35,341,HbA1c,2026-01-19,6.3,%,Normal,2026-01-20T00:00:00
5744,3474,35,345,Basic Metabolic Panel,2026-01-24,85,mg/dL,Normal,2026-01-24T16:00:00
5745,3475,35,341,Complete Blood Count,2026-01-07,8.0,g/dL,Critical,2026-01-08T21:00:00
5746,3475,35,342,Basic Metabolic Panel,2025-08-24,97,mg/dL,Normal,2025-08-26T09:00:00
5747,3476,35,350,Thyroid Panel,2025-06-25,7.7,mIU/L,Normal,2025-06-27T21:00:00
5748,3477,35,341,Basic Metabolic Panel,2025-11-10,123,mg/dL,Normal,2025-11-13T00:00:00
5749,3477,35,348,Lipid Panel,2025-08-20,219,mg/dL,Critical,2025-08-20T23:00:00
5750,3478,35,347,Complete Blood Count,2025-04-03,8.4,g/dL,Normal,2025-04-05T12:00:00
5751,3478,35,343,Basic Metabolic Panel,2025-04-25,104,mg/dL,Normal,2025-04-27T07:00:00
5752,3479,35,347,Thyroid Panel,2025-03-23,4.7,mIU/L,Normal,2025-03-25T21:00:00
5753,3480,35,348,Complete Blood Count,2026-01-21,14.0,g/dL,Normal,2026-01-23T05:00:00
5754,3481,35,348,Thyroid Panel,2026-01-29,1.8,mIU/L,Normal,2026-01-31T20:00:00
5755,3481,35,341,Complete Blood Count,2025-06-21,9.0,g/dL,Normal,2025-06-22T07:00:00
5756,3481,35,342,Basic Metabolic Panel,2025-04-16,128,mg/dL,Abnormal,2025-04-18T04:00:00
5757,3482,35,347,Complete Blood Count,2025-10-28,15.4,g/dL,Normal,2025-10-29T15:00:00
5758,3482,35,347,Thyroid Panel,2025-10-02,4.5,mIU/L,Normal,2025-10-04T19:00:00
5759,3483,35,342,Complete Blood Count,2025-09-26,16.4,g/dL,Normal,2025-09-27T09:00:00
5760,3483,35,348,Lipid Panel,2025-09-14,208,mg/dL,Critical,2025-09-15T12:00:00
5761,3484,35,350,HbA1c,2025-12-23,9.9,%,Normal,2025-12-25T22:00:00
5762,3485,35,345,HbA1c,2025-01-27,10.2,%,Normal,2025-01-27T22:00:00
5763,3485,35,343,Basic Metabolic Panel,2025-09-10,115,mg/dL,Normal,2025-09-12T06:00:00
5764,3485,35,346,Thyroid Panel,2025-05-16,3.3,mIU/L,Normal,2025-05-18T11:00:00
5765,3486,35,347,Basic Metabolic Panel,2025-10-26,98,mg/dL,Normal,2025-10-28T04:00:00
5766,3487,35,342,HbA1c,2025-11-18,6.8,%,Abnormal,2025-11-20T15:00:00
5767,3488,35,348,HbA1c,2025-11-28,10.1,%,Abnormal,2025-11-28T14:00:00
5768,3489,35,341,HbA1c,2025-09-11,6.1,%,Normal,2025-09-11T22:00:00
5769,3490,35,345,Thyroid Panel,2025-06-11,5.0,mIU/L,Normal,2025-06-13T20:00:00
5770,3491,35,346,Complete Blood Count,2025-06-28,10.1,g/dL,Normal,2025-06-29T05:00:00
5771,3491,35,341,Basic Metabolic Panel,2025-01-04,132,mg/dL,Normal,2025-01-05T11:00:00
5772,3492,35,349,HbA1c,2025-10-25,10.5,%,Normal,2025-10-26T00:00:00
5773,3493,35,344,Basic Metabolic Panel,2025-06-05,113,mg/dL,Normal,2025-06-07T11:00:00
5774,3493,35,345,Complete Blood Count,2025-08-23,12.3,g/dL,Normal,2025-08-24T01:00:00
5775,3494,35,345,Complete Blood Count,2026-01-05,11.2,g/dL,Normal,2026-01-07T20:00:00
5776,3494,35,343,HbA1c,2025-06-10,9.9,%,Normal,2025-06-10T18:00:00
5777,3495,35,343,Basic Metabolic Panel,2025-09-22,111,mg/dL,Abnormal,2025-09-23T02:00:00
5778,3495,35,348,Thyroid Panel,2025-04-14,3.6,mIU/L,Normal,2025-04-16T21:00:00
5779,3496,35,345,Basic Metabolic Panel,2025-12-21,99,mg/dL,Critical,2025-12-23T14:00:00
5780,3497,35,347,Complete Blood Count,2025-03-11,10.2,g/dL,Normal,2025-03-13T21:00:00
5781,3498,35,350,Thyroid Panel,2025-02-27,4.0,mIU/L,Normal,2025-02-28T09:00:00
5782,3498,35,341,Thyroid Panel,2025-02-05,2.5,mIU/L,Abnormal,2025-02-05T15:00:00
5783,3499,35,348,Basic Metabolic Panel,2025-09-05,70,mg/dL,Normal,2025-09-07T15:00:00
5784,3500,35,350,HbA1c,2025-06-03,5.2,%,Normal,2025-06-04T21:00:00
5785,3500,35,348,Basic Metabolic Panel,2025-11-21,137,mg/dL,Normal,2025-11-22T18:00:00
5786,3501,36,354,Complete Blood Count,2025-05-15,11.8,g/dL,Normal,2025-05-16T04:00:00
5787,3502,36,356,HbA1c,2025-08-31,9.1,%,Normal,2025-09-01T21:00:00
5788,3503,36,351,HbA1c,2026-01-29,8.8,%,Normal,2026-01-31T05:00:00
5789,3503,36,357,Complete Blood Count,2025-08-28,9.7,g/dL,Abnormal,2025-08-28T13:00:00
5790,3503,36,359,Basic Metabolic Panel,2025-08-10,107,mg/dL,Normal,2025-08-12T12:00:00
5791,3504,36,359,Complete Blood Count,2025-11-04,16.5,g/dL,Normal,2025-11-04T23:00:00
5792,3505,36,352,Lipid Panel,2025-02-26,265,mg/dL,Normal,2025-02-26T20:00:00
5793,3505,36,358,HbA1c,2025-11-27,6.9,%,Normal,2025-11-29T01:00:00
5794,3506,36,352,Lipid Panel,2025-09-13,183,mg/dL,Critical,2025-09-14T14:00:00
5795,3507,36,356,Thyroid Panel,2025-01-06,6.3,mIU/L,Normal,2025-01-07T19:00:00
5796,3508,36,357,HbA1c,2025-01-16,5.3,%,Normal,2025-01-18T16:00:00
5797,3508,36,351,Basic Metabolic Panel,2025-08-21,69,mg/dL,Normal,2025-08-22T21:00:00
5798,3509,36,355,Basic Metabolic Panel,2026-01-10,132,mg/dL,Normal,2026-01-11T05:00:00
5799,3509,36,354,Complete Blood Count,2025-09-22,10.1,g/dL,Abnormal,2025-09-24T17:00:00
5800,3510,36,357,HbA1c,2025-12-20,8.8,%,Normal,2025-12-22T07:00:00
5801,3511,36,355,Thyroid Panel,2025-04-05,1.3,mIU/L,Normal,2025-04-06T20:00:00
5802,3512,36,352,Basic Metabolic Panel,2025-09-17,135,mg/dL,Abnormal,2025-09-18T03:00:00
5803,3513,36,355,Lipid Panel,2025-08-08,141,mg/dL,Abnormal,2025-08-09T19:00:00
5804,3513,36,356,Thyroid Panel,2025-05-17,4.2,mIU/L,Normal,2025-05-20T00:00:00
5805,3514,36,351,Thyroid Panel,2025-10-21,4.6,mIU/L,Normal,2025-10-23T21:00:00
5806,3515,36,354,Complete Blood Count,2025-04-06,9.8,g/dL,Normal,2025-04-08T04:00:00
5807,3515,36,356,Basic Metabolic Panel,2026-01-01,65,mg/dL,Normal,2026-01-03T16:00:00
5808,3516,36,360,Complete Blood Count,2025-07-05,9.1,g/dL,Normal,2025-07-05T22:00:00
5809,3517,36,351,Lipid Panel,2025-11-03,275,mg/dL,Normal,2025-11-05T06:00:00
5810,3517,36,357,Lipid Panel,2025-01-11,176,mg/dL,Abnormal,2025-01-13T02:00:00
5811,3517,36,353,Lipid Panel,2025-07-24,211,mg/dL,Normal,2025-07-25T10:00:00
5812,3518,36,354,Complete Blood Count,2025-11-26,12.0,g/dL,Normal,2025-11-28T01:00:00
5813,3519,36,351,Lipid Panel,2025-04-17,238,mg/dL,Normal,2025-04-19T23:00:00
5814,3520,36,360,HbA1c,2025-10-13,5.9,%,Normal,2025-10-15T22:00:00
5815,3521,36,353,Lipid Panel,2025-12-07,140,mg/dL,Normal,2025-12-10T00:00:00
5816,3522,36,357,Thyroid Panel,2025-01-29,1.3,mIU/L,Normal,2025-01-30T07:00:00
5817,3522,36,352,Complete Blood Count,2025-01-29,13.1,g/dL,Critical,2025-01-31T22:00:00
5818,3523,36,355,Basic Metabolic Panel,2025-09-22,92,mg/dL,Normal,2025-09-23T10:00:00
5819,3524,36,360,Basic Metabolic Panel,2025-10-28,91,mg/dL,Normal,2025-10-30T15:00:00
5820,3524,36,353,HbA1c,2025-06-18,9.9,%,Normal,2025-06-20T04:00:00
5821,3525,36,352,HbA1c,2025-10-02,10.1,%,Normal,2025-10-02T22:00:00
5822,3526,36,354,Thyroid Panel,2025-08-12,7.0,mIU/L,Normal,2025-08-14T23:00:00
5823,3526,36,353,Thyroid Panel,2025-02-20,3.0,mIU/L,Normal,2025-02-21T20:00:00
5824,3526,36,356,HbA1c,2025-12-18,8.7,%,Abnormal,2025-12-19T14:00:00
5825,3527,36,352,HbA1c,2025-10-30,10.4,%,Normal,2025-10-30T14:00:00
5826,3527,36,359,Complete Blood Count,2026-01-08,13.2,g/dL,Abnormal,2026-01-10T10:00:00
5827,3528,36,355,HbA1c,2025-08-21,9.3,%,Normal,2025-08-22T12:00:00
5828,3528,36,356,Complete Blood Count,2026-01-26,15.4,g/dL,Normal,2026-01-27T06:00:00
5829,3529,36,352,HbA1c,2025-09-19,9.3,%,Normal,2025-09-21T00:00:00
5830,3530,36,357,HbA1c,2025-06-20,4.8,%,Normal,2025-06-20T13:00:00
5831,3531,36,360,HbA1c,2025-06-30,6.8,%,Normal,2025-07-02T02:00:00
5832,3531,36,354,HbA1c,2025-09-18,10.1,%,Normal,2025-09-19T20:00:00
5833,3531,36,351,Thyroid Panel,2025-03-10,6.1,mIU/L,Normal,2025-03-12T06:00:00
5834,3532,36,356,HbA1c,2025-08-20,7.4,%,Normal,2025-08-22T04:00:00
5835,3533,36,356,Thyroid Panel,2025-07-09,7.0,mIU/L,Abnormal,2025-07-10T06:00:00
5836,3534,36,354,Thyroid Panel,2025-05-28,3.7,mIU/L,Normal,2025-05-30T11:00:00
5837,3535,36,358,Thyroid Panel,2025-01-20,3.9,mIU/L,Normal,2025-01-20T13:00:00
5838,3535,36,355,HbA1c,2025-11-04,10.3,%,Normal,2025-11-05T06:00:00
5839,3536,36,357,Basic Metabolic Panel,2026-01-04,98,mg/dL,Abnormal,2026-01-06T18:00:00
5840,3537,36,353,Lipid Panel,2025-06-24,264,mg/dL,Normal,2025-06-26T14:00:00
5841,3538,36,352,Lipid Panel,2025-07-06,204,mg/dL,Normal,2025-07-08T01:00:00
5842,3538,36,351,Lipid Panel,2025-08-09,235,mg/dL,Normal,2025-08-10T16:00:00
5843,3539,36,351,Basic Metabolic Panel,2025-03-05,103,mg/dL,Normal,2025-03-07T14:00:00
5844,3539,36,353,Basic Metabolic Panel,2025-12-14,83,mg/dL,Normal,2025-12-15T18:00:00
5845,3540,36,352,HbA1c,2025-02-27,9.8,%,Normal,2025-03-01T08:00:00
5846,3541,36,358,Complete Blood Count,2025-05-25,8.5,g/dL,Normal,2025-05-26T11:00:00
5847,3542,36,355,HbA1c,2025-06-22,6.8,%,Abnormal,2025-06-24T20:00:00
5848,3543,36,353,Complete Blood Count,2025-10-13,11.8,g/dL,Normal,2025-10-15T06:00:00
5849,3543,36,356,Basic Metabolic Panel,2025-08-01,118,mg/dL,Normal,2025-08-02T20:00:00
5850,3543,36,360,HbA1c,2025-06-04,9.4,%,Abnormal,2025-06-06T15:00:00
5851,3544,36,359,Basic Metabolic Panel,2025-05-31,71,mg/dL,Normal,2025-06-01T00:00:00
5852,3545,36,356,Basic Metabolic Panel,2025-06-14,136,mg/dL,Normal,2025-06-16T13:00:00
5853,3546,36,360,Basic Metabolic Panel,2025-04-29,139,mg/dL,Normal,2025-04-30T02:00:00
5854,3546,36,357,Complete Blood Count,2025-11-12,15.0,g/dL,Critical,2025-11-14T07:00:00
5855,3547,36,357,Complete Blood Count,2025-09-23,12.7,g/dL,Normal,2025-09-24T20:00:00
5856,3547,36,351,Complete Blood Count,2025-07-10,8.3,g/dL,Abnormal,2025-07-12T14:00:00
5857,3547,36,354,Thyroid Panel,2025-02-25,0.9,mIU/L,Abnormal,2025-02-26T11:00:00
5858,3548,36,353,Basic Metabolic Panel,2025-01-25,101,mg/dL,Normal,2025-01-25T14:00:00
5859,3549,36,354,Lipid Panel,2025-08-10,266,mg/dL,Normal,2025-08-11T03:00:00
5860,3550,36,351,Lipid Panel,2025-10-14,259,mg/dL,Normal,2025-10-16T04:00:00
5861,3551,36,352,Thyroid Panel,2025-04-19,4.4,mIU/L,Normal,2025-04-20T21:00:00
5862,3552,36,358,Thyroid Panel,2026-01-23,1.1,mIU/L,Abnormal,2026-01-24T14:00:00
5863,3552,36,357,Basic Metabolic Panel,2026-01-18,96,mg/dL,Normal,2026-01-20T20:00:00
5864,3552,36,353,Complete Blood Count,2025-06-03,12.9,g/dL,Normal,2025-06-04T20:00:00
5865,3553,36,353,Basic Metabolic Panel,2025-05-30,120,mg/dL,Normal,2025-05-31T18:00:00
5866,3554,36,357,HbA1c,2025-01-16,6.3,%,Normal,2025-01-17T04:00:00
5867,3554,36,359,Lipid Panel,2026-01-25,162,mg/dL,Normal,2026-01-26T19:00:00
5868,3555,36,354,Basic Metabolic Panel,2025-09-23,106,mg/dL,Normal,2025-09-23T17:00:00
5869,3556,36,358,HbA1c,2025-10-18,6.3,%,Normal,2025-10-18T22:00:00
5870,3556,36,359,Basic Metabolic Panel,2025-06-06,76,mg/dL,Critical,2025-06-08T23:00:00
5871,3557,36,360,Lipid Panel,2025-11-12,265,mg/dL,Normal,2025-11-14T09:00:00
5872,3558,36,356,HbA1c,2025-07-26,9.8,%,Normal,2025-07-27T07:00:00
5873,3559,36,355,Complete Blood Count,2025-11-17,16.5,g/dL,Abnormal,2025-11-18T12:00:00
5874,3560,36,351,Thyroid Panel,2025-07-12,7.5,mIU/L,Abnormal,2025-07-13T05:00:00
5875,3560,36,360,Basic Metabolic Panel,2025-08-03,114,mg/dL,Critical,2025-08-05T06:00:00
5876,3561,36,352,Thyroid Panel,2025-03-13,1.7,mIU/L,Abnormal,2025-03-15T00:00:00
5877,3561,36,353,Lipid Panel,2025-05-17,154,mg/dL,Normal,2025-05-18T12:00:00
5878,3562,36,351,Lipid Panel,2025-04-17,239,mg/dL,Normal,2025-04-18T02:00:00
5879,3563,36,355,Complete Blood Count,2025-12-12,16.8,g/dL,Normal,2025-12-14T09:00:00
5880,3563,36,359,Basic Metabolic Panel,2025-06-04,127,mg/dL,Abnormal,2025-06-06T09:00:00
5881,3564,36,356,Basic Metabolic Panel,2025-05-06,129,mg/dL,Critical,2025-05-06T15:00:00
5882,3564,36,356,HbA1c,2025-12-18,8.3,%,Abnormal,2025-12-20T15:00:00
5883,3565,36,358,Basic Metabolic Panel,2025-08-24,112,mg/dL,Normal,2025-08-25T20:00:00
5884,3566,36,351,HbA1c,2026-01-12,6.7,%,Abnormal,2026-01-12T20:00:00
5885,3566,36,358,Basic Metabolic Panel,2025-11-24,98,mg/dL,Critical,2025-11-25T04:00:00
5886,3567,36,357,Lipid Panel,2025-08-28,162,mg/dL,Normal,2025-08-28T14:00:00
5887,3568,36,357,HbA1c,2025-05-09,5.8,%,Normal,2025-05-11T15:00:00
5888,3569,36,355,Lipid Panel,2025-12-17,142,mg/dL,Normal,2025-12-18T20:00:00
5889,3570,36,352,HbA1c,2025-05-08,5.4,%,Normal,2025-05-09T08:00:00
5890,3571,36,360,Thyroid Panel,2025-12-03,3.0,mIU/L,Abnormal,2025-12-03T13:00:00
5891,3571,36,357,HbA1c,2025-05-01,8.6,%,Normal,2025-05-02T02:00:00
5892,3572,36,356,Complete Blood Count,2025-11-17,12.9,g/dL,Critical,2025-11-18T04:00:00
5893,3572,36,353,Lipid Panel,2025-09-14,264,mg/dL,Critical,2025-09-16T19:00:00
5894,3572,36,357,Basic Metabolic Panel,2025-04-06,91,mg/dL,Normal,2025-04-08T18:00:00
5895,3573,36,351,HbA1c,2025-04-15,5.3,%,Normal,2025-04-16T23:00:00
5896,3573,36,357,Complete Blood Count,2026-01-16,16.3,g/dL,Normal,2026-01-18T15:00:00
5897,3574,36,358,Complete Blood Count,2025-03-19,8.3,g/dL,Normal,2025-03-19T20:00:00
5898,3574,36,359,HbA1c,2025-12-02,6.8,%,Abnormal,2025-12-04T13:00:00
5899,3574,36,355,Thyroid Panel,2025-07-28,6.7,mIU/L,Normal,2025-07-29T11:00:00
5900,3575,36,353,Basic Metabolic Panel,2025-12-27,67,mg/dL,Normal,2025-12-27T23:00:00
5901,3576,36,352,Complete Blood Count,2025-04-21,15.2,g/dL,Abnormal,2025-04-22T08:00:00
5902,3576,36,359,Lipid Panel,2025-06-09,131,mg/dL,Abnormal,2025-06-12T00:00:00
5903,3577,36,358,HbA1c,2025-01-21,5.3,%,Normal,2025-01-22T15:00:00
5904,3577,36,360,Lipid Panel,2025-02-25,155,mg/dL,Normal,2025-02-26T13:00:00
5905,3578,36,356,Lipid Panel,2025-02-26,237,mg/dL,Critical,2025-02-27T06:00:00
5906,3579,36,353,Complete Blood Count,2025-02-12,10.6,g/dL,Normal,2025-02-14T03:00:00
5907,3580,36,352,Lipid Panel,2025-08-06,225,mg/dL,Normal,2025-08-07T14:00:00
5908,3581,36,353,Lipid Panel,2025-07-25,171,mg/dL,Abnormal,2025-07-25T17:00:00
5909,3581,36,356,HbA1c,2025-08-03,7.8,%,Normal,2025-08-05T12:00:00
5910,3581,36,358,HbA1c,2025-03-18,6.7,%,Normal,2025-03-19T14:00:00
5911,3582,36,351,Lipid Panel,2025-11-19,223,mg/dL,Normal,2025-11-21T21:00:00
5912,3583,36,358,HbA1c,2025-01-04,5.2,%,Critical,2025-01-06T20:00:00
5913,3584,36,357,Thyroid Panel,2025-08-07,4.1,mIU/L,Normal,2025-08-09T01:00:00
5914,3584,36,358,Complete Blood Count,2025-04-02,15.0,g/dL,Normal,2025-04-02T17:00:00
5915,3584,36,352,Basic Metabolic Panel,2025-12-19,123,mg/dL,Normal,2025-12-21T02:00:00
5916,3585,36,354,HbA1c,2025-04-07,9.7,%,Abnormal,2025-04-09T00:00:00
5917,3586,36,354,Complete Blood Count,2025-07-09,13.7,g/dL,Normal,2025-07-10T05:00:00
5918,3586,36,360,HbA1c,2025-08-03,10.8,%,Normal,2025-08-04T09:00:00
5919,3587,36,358,Thyroid Panel,2025-03-16,2.6,mIU/L,Normal,2025-03-18T19:00:00
5920,3588,36,351,Lipid Panel,2025-04-01,189,mg/dL,Normal,2025-04-02T13:00:00
5921,3588,36,357,Thyroid Panel,2025-11-18,6.3,mIU/L,Normal,2025-11-20T23:00:00
5922,3589,36,360,Complete Blood Count,2025-01-18,9.3,g/dL,Normal,2025-01-19T07:00:00
5923,3589,36,352,HbA1c,2025-10-06,9.1,%,Normal,2025-10-07T20:00:00
5924,3590,36,351,Thyroid Panel,2025-05-26,2.0,mIU/L,Abnormal,2025-05-27T13:00:00
5925,3591,36,354,Basic Metabolic Panel,2026-01-27,90,mg/dL,Normal,2026-01-28T03:00:00
5926,3591,36,358,HbA1c,2025-04-10,9.0,%,Abnormal,2025-04-11T17:00:00
5927,3592,36,360,Thyroid Panel,2025-03-03,7.2,mIU/L,Abnormal,2025-03-04T13:00:00
5928,3593,36,358,Basic Metabolic Panel,2025-11-24,69,mg/dL,Normal,2025-11-26T05:00:00
5929,3594,36,351,HbA1c,2025-02-26,7.4,%,Normal,2025-02-28T16:00:00
5930,3594,36,360,Lipid Panel,2025-12-15,261,mg/dL,Abnormal,2025-12-17T17:00:00
5931,3595,36,360,Basic Metabolic Panel,2025-08-18,76,mg/dL,Abnormal,2025-08-20T05:00:00
5932,3595,36,359,HbA1c,2025-02-25,7.0,%,Normal,2025-02-26T17:00:00
5933,3595,36,358,HbA1c,2025-11-06,4.7,%,Normal,2025-11-06T18:00:00
5934,3596,36,360,Lipid Panel,2026-01-26,127,mg/dL,Normal,2026-01-28T08:00:00
5935,3596,36,351,HbA1c,2025-10-29,9.2,%,Abnormal,2025-10-29T17:00:00
5936,3597,36,359,Lipid Panel,2026-01-03,183,mg/dL,Normal,2026-01-05T05:00:00
5937,3597,36,360,Lipid Panel,2025-05-28,216,mg/dL,Normal,2025-05-30T05:00:00
5938,3598,36,355,HbA1c,2025-06-29,4.8,%,Abnormal,2025-07-01T09:00:00
5939,3598,36,355,HbA1c,2026-01-14,9.9,%,Normal,2026-01-15T09:00:00
5940,3599,36,356,Basic Metabolic Panel,2025-12-06,67,mg/dL,Abnormal,2025-12-07T19:00:00
5941,3599,36,357,HbA1c,2025-05-14,4.5,%,Normal,2025-05-15T13:00:00
5942,3599,36,351,Basic Metabolic Panel,2025-11-28,133,mg/dL,Normal,2025-11-29T08:00:00
5943,3600,36,353,Basic Metabolic Panel,2025-10-25,79,mg/dL,Abnormal,2025-10-27T06:00:00
5944,3600,36,357,Complete Blood Count,2025-11-20,14.8,g/dL,Normal,2025-11-22T06:00:00
5945,3601,37,362,Complete Blood Count,2025-09-20,13.1,g/dL,Abnormal,2025-09-22T19:00:00
5946,3601,37,362,Complete Blood Count,2025-04-23,16.9,g/dL,Abnormal,2025-04-24T15:00:00
5947,3602,37,362,Thyroid Panel,2025-10-20,2.4,mIU/L,Abnormal,2025-10-20T12:00:00
5948,3602,37,362,Basic Metabolic Panel,2025-01-26,71,mg/dL,Normal,2025-01-28T19:00:00
5949,3603,37,367,Lipid Panel,2025-01-13,255,mg/dL,Critical,2025-01-14T10:00:00
5950,3604,37,369,Basic Metabolic Panel,2025-09-09,124,mg/dL,Normal,2025-09-11T18:00:00
5951,3604,37,361,Complete Blood Count,2025-10-29,10.5,g/dL,Normal,2025-10-30T17:00:00
5952,3605,37,363,Complete Blood Count,2025-06-21,8.9,g/dL,Normal,2025-06-22T15:00:00
5953,3606,37,370,Basic Metabolic Panel,2025-08-11,104,mg/dL,Critical,2025-08-11T13:00:00
5954,3606,37,368,Lipid Panel,2025-11-01,201,mg/dL,Normal,2025-11-02T11:00:00
5955,3607,37,362,Thyroid Panel,2025-03-18,6.6,mIU/L,Normal,2025-03-18T14:00:00
5956,3607,37,362,Lipid Panel,2025-07-25,214,mg/dL,Abnormal,2025-07-26T03:00:00
5957,3608,37,370,Basic Metabolic Panel,2026-01-10,101,mg/dL,Abnormal,2026-01-11T21:00:00
5958,3608,37,370,Lipid Panel,2025-01-23,210,mg/dL,Normal,2025-01-23T15:00:00
5959,3609,37,368,HbA1c,2026-01-05,10.2,%,Normal,2026-01-06T21:00:00
5960,3610,37,366,Thyroid Panel,2025-03-08,1.2,mIU/L,Normal,2025-03-10T10:00:00
5961,3611,37,365,Thyroid Panel,2025-05-25,3.8,mIU/L,Normal,2025-05-26T19:00:00
5962,3611,37,364,HbA1c,2025-11-11,10.1,%,Normal,2025-11-13T23:00:00
5963,3612,37,366,Thyroid Panel,2025-10-02,2.7,mIU/L,Normal,2025-10-03T03:00:00
5964,3612,37,370,Thyroid Panel,2026-01-20,4.8,mIU/L,Normal,2026-01-20T19:00:00
5965,3613,37,361,Complete Blood Count,2025-02-01,13.5,g/dL,Normal,2025-02-03T08:00:00
5966,3614,37,370,Complete Blood Count,2025-09-09,9.3,g/dL,Normal,2025-09-09T19:00:00
5967,3615,37,370,Thyroid Panel,2025-07-09,1.8,mIU/L,Normal,2025-07-10T03:00:00
5968,3615,37,364,Complete Blood Count,2025-10-12,10.2,g/dL,Normal,2025-10-13T18:00:00
5969,3616,37,367,Thyroid Panel,2026-01-13,1.3,mIU/L,Abnormal,2026-01-15T10:00:00
5970,3617,37,364,HbA1c,2025-04-02,10.0,%,Normal,2025-04-03T15:00:00
5971,3618,37,370,HbA1c,2025-09-09,9.5,%,Normal,2025-09-10T04:00:00
5972,3619,37,363,Thyroid Panel,2025-10-30,1.5,mIU/L,Normal,2025-11-01T18:00:00
5973,3620,37,366,Complete Blood Count,2025-10-20,12.1,g/dL,Abnormal,2025-10-20T22:00:00
5974,3621,37,364,Complete Blood Count,2025-08-24,12.0,g/dL,Normal,2025-08-25T20:00:00
5975,3622,37,361,Lipid Panel,2025-11-30,265,mg/dL,Normal,2025-12-01T05:00:00
5976,3622,37,368,HbA1c,2025-11-26,9.9,%,Normal,2025-11-28T05:00:00
5977,3622,37,366,Basic Metabolic Panel,2026-01-07,128,mg/dL,Abnormal,2026-01-08T18:00:00
5978,3623,37,368,HbA1c,2025-03-06,5.8,%,Normal,2025-03-08T06:00:00
5979,3623,37,365,HbA1c,2025-05-07,5.8,%,Critical,2025-05-08T20:00:00
5980,3624,37,366,Basic Metabolic Panel,2025-01-17,110,mg/dL,Normal,2025-01-19T18:00:00
5981,3625,37,368,Lipid Panel,2025-11-13,132,mg/dL,Normal,2025-11-14T05:00:00
5982,3625,37,364,Basic Metabolic Panel,2025-12-26,140,mg/dL,Normal,2025-12-28T18:00:00
5983,3625,37,366,Basic Metabolic Panel,2025-11-10,88,mg/dL,Normal,2025-11-11T04:00:00
5984,3626,37,367,Thyroid Panel,2025-08-24,3.2,mIU/L,Abnormal,2025-08-24T12:00:00
5985,3626,37,369,HbA1c,2025-07-24,6.6,%,Abnormal,2025-07-26T00:00:00
5986,3627,37,370,HbA1c,2025-02-24,6.2,%,Abnormal,2025-02-24T15:00:00
5987,3628,37,365,Lipid Panel,2026-01-19,244,mg/dL,Normal,2026-01-21T01:00:00
5988,3629,37,366,HbA1c,2025-03-18,10.0,%,Critical,2025-03-18T19:00:00
5989,3629,37,361,Complete Blood Count,2025-02-06,15.7,g/dL,Normal,2025-02-07T20:00:00
5990,3630,37,367,Thyroid Panel,2025-11-15,7.2,mIU/L,Normal,2025-11-17T05:00:00
5991,3630,37,363,Thyroid Panel,2025-08-18,2.2,mIU/L,Normal,2025-08-19T08:00:00
5992,3631,37,369,Complete Blood Count,2025-06-16,8.9,g/dL,Normal,2025-06-18T09:00:00
5993,3632,37,365,Basic Metabolic Panel,2025-07-22,112,mg/dL,Normal,2025-07-22T15:00:00
5994,3632,37,367,HbA1c,2025-12-18,10.0,%,Normal,2025-12-18T22:00:00
5995,3632,37,365,HbA1c,2025-05-26,10.4,%,Critical,2025-05-27T14:00:00
5996,3633,37,363,Complete Blood Count,2025-06-24,15.5,g/dL,Normal,2025-06-26T09:00:00
5997,3634,37,363,Lipid Panel,2025-10-19,183,mg/dL,Normal,2025-10-20T06:00:00
5998,3635,37,362,Basic Metabolic Panel,2025-12-08,96,mg/dL,Normal,2025-12-09T06:00:00
5999,3635,37,367,Basic Metabolic Panel,2025-11-16,72,mg/dL,Normal,2025-11-18T23:00:00
6000,3636,37,368,Complete Blood Count,2025-01-26,14.5,g/dL,Normal,2025-01-27T14:00:00
6001,3636,37,364,Thyroid Panel,2025-02-09,4.3,mIU/L,Normal,2025-02-09T15:00:00
6002,3636,37,366,Complete Blood Count,2025-06-22,11.5,g/dL,Normal,2025-06-22T20:00:00
6003,3637,37,362,Lipid Panel,2025-03-29,120,mg/dL,Normal,2025-03-29T22:00:00
6004,3637,37,362,Basic Metabolic Panel,2025-07-24,108,mg/dL,Normal,2025-07-24T16:00:00
6005,3638,37,370,HbA1c,2025-12-07,7.3,%,Normal,2025-12-09T17:00:00
6006,3639,37,366,HbA1c,2025-04-22,5.3,%,Normal,2025-04-24T07:00:00
6007,3639,37,367,HbA1c,2025-01-07,9.3,%,Normal,2025-01-07T20:00:00
6008,3640,37,370,Complete Blood Count,2025-08-09,11.0,g/dL,Abnormal,2025-08-11T08:00:00
6009,3640,37,366,Thyroid Panel,2025-11-28,1.2,mIU/L,Normal,2025-11-30T03:00:00
6010,3640,37,366,Basic Metabolic Panel,2025-03-29,135,mg/dL,Normal,2025-03-31T00:00:00
6011,3641,37,365,Thyroid Panel,2025-02-13,1.7,mIU/L,Normal,2025-02-15T16:00:00
6012,3642,37,362,HbA1c,2025-10-26,5.5,%,Normal,2025-10-28T22:00:00
6013,3643,37,365,Complete Blood Count,2026-01-20,10.6,g/dL,Normal,2026-01-20T17:00:00
6014,3643,37,369,HbA1c,2025-07-23,9.0,%,Normal,2025-07-25T21:00:00
6015,3644,37,362,HbA1c,2025-07-31,10.1,%,Normal,2025-08-01T08:00:00
6016,3645,37,363,Complete Blood Count,2025-06-04,9.0,g/dL,Normal,2025-06-06T20:00:00
6017,3645,37,361,Thyroid Panel,2025-11-28,7.2,mIU/L,Abnormal,2025-11-29T07:00:00
6018,3645,37,367,Thyroid Panel,2025-09-20,7.8,mIU/L,Normal,2025-09-21T21:00:00
6019,3646,37,365,Thyroid Panel,2025-10-05,0.9,mIU/L,Normal,2025-10-05T21:00:00
6020,3647,37,370,Complete Blood Count,2025-07-17,10.2,g/dL,Abnormal,2025-07-18T17:00:00
6021,3647,37,366,Thyroid Panel,2025-08-02,7.6,mIU/L,Critical,2025-08-03T07:00:00
6022,3647,37,370,Complete Blood Count,2025-06-10,17.0,g/dL,Abnormal,2025-06-11T00:00:00
6023,3648,37,369,Complete Blood Count,2025-02-20,16.0,g/dL,Normal,2025-02-21T00:00:00
6024,3648,37,366,Lipid Panel,2025-02-22,175,mg/dL,Normal,2025-02-23T10:00:00
6025,3649,37,363,Lipid Panel,2025-04-04,194,mg/dL,Normal,2025-04-05T22:00:00
6026,3649,37,361,Lipid Panel,2026-01-07,157,mg/dL,Abnormal,2026-01-09T20:00:00
6027,3649,37,365,Basic Metabolic Panel,2025-07-21,87,mg/dL,Abnormal,2025-07-22T18:00:00
6028,3650,37,363,Complete Blood Count,2025-06-10,17.0,g/dL,Critical,2025-06-11T03:00:00
6029,3650,37,365,Lipid Panel,2025-10-02,181,mg/dL,Normal,2025-10-03T15:00:00
6030,3651,37,368,Basic Metabolic Panel,2025-01-16,114,mg/dL,Abnormal,2025-01-17T07:00:00
6031,3652,37,364,Thyroid Panel,2025-09-10,6.1,mIU/L,Abnormal,2025-09-12T04:00:00
6032,3652,37,367,Basic Metabolic Panel,2025-06-04,125,mg/dL,Critical,2025-06-04T15:00:00
6033,3653,37,368,Basic Metabolic Panel,2025-02-08,82,mg/dL,Normal,2025-02-08T14:00:00
6034,3653,37,366,Lipid Panel,2025-12-19,194,mg/dL,Normal,2025-12-19T15:00:00
6035,3654,37,361,HbA1c,2025-01-10,10.1,%,Normal,2025-01-12T08:00:00
6036,3654,37,370,Basic Metabolic Panel,2025-05-26,83,mg/dL,Normal,2025-05-28T15:00:00
6037,3655,37,366,HbA1c,2025-06-27,5.7,%,Abnormal,2025-06-28T06:00:00
6038,3655,37,367,Thyroid Panel,2025-04-17,4.9,mIU/L,Normal,2025-04-19T01:00:00
6039,3655,37,367,Lipid Panel,2025-10-10,268,mg/dL,Normal,2025-10-11T08:00:00
6040,3656,37,362,Thyroid Panel,2025-09-19,1.6,mIU/L,Normal,2025-09-21T00:00:00
6041,3657,37,364,Lipid Panel,2025-10-09,237,mg/dL,Normal,2025-10-11T05:00:00
6042,3658,37,361,HbA1c,2025-04-29,5.7,%,Abnormal,2025-04-30T10:00:00
6043,3659,37,364,Complete Blood Count,2025-11-05,12.7,g/dL,Normal,2025-11-06T11:00:00
6044,3660,37,362,Basic Metabolic Panel,2025-10-31,139,mg/dL,Normal,2025-10-31T23:00:00
6045,3661,37,366,Lipid Panel,2025-12-29,199,mg/dL,Abnormal,2025-12-30T17:00:00
6046,3661,37,366,Complete Blood Count,2025-12-02,15.3,g/dL,Normal,2025-12-02T12:00:00
6047,3662,37,369,Thyroid Panel,2025-06-02,7.4,mIU/L,Normal,2025-06-04T00:00:00
6048,3663,37,370,Basic Metabolic Panel,2025-06-27,90,mg/dL,Normal,2025-06-28T17:00:00
6049,3663,37,367,Basic Metabolic Panel,2026-01-29,81,mg/dL,Normal,2026-01-29T16:00:00
6050,3664,37,366,Thyroid Panel,2025-11-09,3.1,mIU/L,Abnormal,2025-11-11T13:00:00
6051,3664,37,369,HbA1c,2025-05-23,9.3,%,Normal,2025-05-25T11:00:00
6052,3664,37,366,Thyroid Panel,2025-02-21,2.9,mIU/L,Abnormal,2025-02-22T00:00:00
6053,3665,37,361,HbA1c,2025-06-29,8.5,%,Normal,2025-06-30T06:00:00
6054,3665,37,367,Lipid Panel,2025-02-26,210,mg/dL,Abnormal,2025-02-28T22:00:00
6055,3666,37,362,Complete Blood Count,2025-09-12,13.4,g/dL,Normal,2025-09-13T07:00:00
6056,3666,37,364,Basic Metabolic Panel,2025-07-25,94,mg/dL,Normal,2025-07-27T12:00:00
6057,3666,37,370,Complete Blood Count,2025-06-21,16.5,g/dL,Normal,2025-06-23T10:00:00
6058,3667,37,364,Basic Metabolic Panel,2025-03-14,83,mg/dL,Normal,2025-03-15T03:00:00
6059,3668,37,368,Thyroid Panel,2025-08-27,6.4,mIU/L,Critical,2025-08-29T19:00:00
6060,3669,37,364,Lipid Panel,2025-11-21,175,mg/dL,Normal,2025-11-23T16:00:00
6061,3670,37,362,Basic Metabolic Panel,2025-09-27,73,mg/dL,Normal,2025-09-29T16:00:00
6062,3671,37,364,HbA1c,2025-06-07,10.6,%,Normal,2025-06-09T07:00:00
6063,3671,37,366,Lipid Panel,2025-02-06,150,mg/dL,Normal,2025-02-08T21:00:00
6064,3672,37,370,Basic Metabolic Panel,2026-01-23,96,mg/dL,Normal,2026-01-25T18:00:00
6065,3672,37,364,Complete Blood Count,2025-11-07,8.8,g/dL,Critical,2025-11-09T17:00:00
6066,3673,37,362,Complete Blood Count,2025-09-15,17.0,g/dL,Normal,2025-09-16T13:00:00
6067,3674,37,367,HbA1c,2025-10-25,9.6,%,Normal,2025-10-27T20:00:00
6068,3675,37,361,Lipid Panel,2025-02-18,256,mg/dL,Abnormal,2025-02-19T20:00:00
6069,3675,37,364,Basic Metabolic Panel,2025-10-08,103,mg/dL,Normal,2025-10-11T00:00:00
6070,3676,37,361,Complete Blood Count,2025-09-14,9.2,g/dL,Normal,2025-09-14T21:00:00
6071,3677,37,361,Thyroid Panel,2025-01-24,1.0,mIU/L,Normal,2025-01-24T20:00:00
6072,3677,37,367,Complete Blood Count,2025-10-09,11.8,g/dL,Normal,2025-10-10T18:00:00
6073,3678,37,364,Lipid Panel,2025-05-25,136,mg/dL,Normal,2025-05-27T00:00:00
6074,3678,37,368,Complete Blood Count,2025-03-07,9.9,g/dL,Normal,2025-03-07T13:00:00
6075,3679,37,368,HbA1c,2025-04-15,5.9,%,Normal,2025-04-16T07:00:00
6076,3679,37,362,Complete Blood Count,2025-02-03,11.7,g/dL,Normal,2025-02-05T19:00:00
6077,3680,37,367,Complete Blood Count,2025-11-19,8.6,g/dL,Normal,2025-11-20T06:00:00
6078,3681,37,366,HbA1c,2026-01-17,6.7,%,Normal,2026-01-18T17:00:00
6079,3682,37,368,Lipid Panel,2025-12-14,152,mg/dL,Normal,2025-12-15T02:00:00
6080,3683,37,368,Lipid Panel,2025-09-08,141,mg/dL,Abnormal,2025-09-09T12:00:00
6081,3684,37,369,Thyroid Panel,2025-10-14,7.2,mIU/L,Normal,2025-10-17T00:00:00
6082,3685,37,369,Basic Metabolic Panel,2025-08-05,127,mg/dL,Abnormal,2025-08-06T18:00:00
6083,3686,37,362,Lipid Panel,2025-09-03,248,mg/dL,Normal,2025-09-04T17:00:00
6084,3686,37,363,Lipid Panel,2025-10-02,275,mg/dL,Normal,2025-10-02T17:00:00
6085,3686,37,370,Lipid Panel,2025-08-22,277,mg/dL,Normal,2025-08-24T05:00:00
6086,3687,37,365,Thyroid Panel,2025-01-20,4.0,mIU/L,Normal,2025-01-21T05:00:00
6087,3688,37,366,HbA1c,2025-07-29,9.3,%,Normal,2025-07-31T23:00:00
6088,3688,37,362,Basic Metabolic Panel,2025-05-24,93,mg/dL,Normal,2025-05-24T19:00:00
6089,3689,37,361,Basic Metabolic Panel,2025-12-03,139,mg/dL,Abnormal,2025-12-04T13:00:00
6090,3689,37,361,Lipid Panel,2025-11-21,280,mg/dL,Normal,2025-11-23T14:00:00
6091,3689,37,368,HbA1c,2025-11-14,7.8,%,Abnormal,2025-11-15T00:00:00
6092,3690,37,369,HbA1c,2025-07-20,6.0,%,Normal,2025-07-22T10:00:00
6093,3691,37,365,HbA1c,2026-01-28,8.4,%,Normal,2026-01-29T03:00:00
6094,3692,37,370,HbA1c,2025-07-30,6.1,%,Normal,2025-07-31T02:00:00
6095,3693,37,368,Complete Blood Count,2025-01-28,9.3,g/dL,Normal,2025-01-30T11:00:00
6096,3693,37,362,HbA1c,2025-10-14,5.8,%,Normal,2025-10-16T06:00:00
6097,3694,37,366,HbA1c,2025-06-28,8.9,%,Normal,2025-06-30T10:00:00
6098,3695,37,366,HbA1c,2026-01-24,6.3,%,Normal,2026-01-26T18:00:00
6099,3696,37,369,Thyroid Panel,2025-08-22,5.5,mIU/L,Normal,2025-08-23T17:00:00
6100,3696,37,369,Thyroid Panel,2025-10-28,4.4,mIU/L,Abnormal,2025-10-30T23:00:00
6101,3697,37,363,Complete Blood Count,2025-01-17,14.9,g/dL,Normal,2025-01-19T11:00:00
6102,3697,37,363,Complete Blood Count,2025-01-12,16.3,g/dL,Abnormal,2025-01-14T13:00:00
6103,3698,37,362,Complete Blood Count,2025-06-01,15.0,g/dL,Normal,2025-06-02T13:00:00
6104,3699,37,368,Thyroid Panel,2025-05-24,5.6,mIU/L,Critical,2025-05-24T18:00:00
6105,3700,37,365,Thyroid Panel,2025-09-05,3.6,mIU/L,Normal,2025-09-05T17:00:00
6106,3701,38,375,Lipid Panel,2025-03-06,230,mg/dL,Normal,2025-03-08T13:00:00
6107,3702,38,378,Complete Blood Count,2025-10-16,14.3,g/dL,Normal,2025-10-17T23:00:00
6108,3702,38,372,Complete Blood Count,2025-03-02,15.2,g/dL,Normal,2025-03-03T20:00:00
6109,3703,38,374,Lipid Panel,2025-06-17,160,mg/dL,Abnormal,2025-06-18T17:00:00
6110,3703,38,375,HbA1c,2026-01-22,6.0,%,Normal,2026-01-22T13:00:00
6111,3704,38,377,Basic Metabolic Panel,2025-10-17,132,mg/dL,Abnormal,2025-10-19T03:00:00
6112,3705,38,375,Thyroid Panel,2025-12-14,6.5,mIU/L,Abnormal,2025-12-14T15:00:00
6113,3705,38,371,HbA1c,2025-04-27,9.7,%,Critical,2025-04-28T20:00:00
6114,3706,38,378,Thyroid Panel,2026-01-15,4.9,mIU/L,Critical,2026-01-16T20:00:00
6115,3706,38,380,Lipid Panel,2025-07-26,186,mg/dL,Normal,2025-07-28T17:00:00
6116,3707,38,371,HbA1c,2025-03-04,10.1,%,Critical,2025-03-04T18:00:00
6117,3708,38,371,Complete Blood Count,2026-01-29,12.6,g/dL,Normal,2026-01-30T06:00:00
6118,3708,38,374,Complete Blood Count,2025-07-02,15.3,g/dL,Normal,2025-07-04T08:00:00
6119,3709,38,379,Complete Blood Count,2025-07-08,9.5,g/dL,Normal,2025-07-10T02:00:00
6120,3710,38,371,Complete Blood Count,2025-05-04,10.2,g/dL,Abnormal,2025-05-06T21:00:00
6121,3710,38,375,Lipid Panel,2025-07-01,159,mg/dL,Normal,2025-07-03T20:00:00
6122,3711,38,375,Complete Blood Count,2025-12-19,16.8,g/dL,Normal,2025-12-20T09:00:00
6123,3711,38,373,HbA1c,2025-11-29,5.1,%,Normal,2025-12-01T06:00:00
6124,3712,38,376,HbA1c,2025-02-04,5.2,%,Normal,2025-02-04T19:00:00
6125,3713,38,371,Lipid Panel,2025-07-14,127,mg/dL,Normal,2025-07-14T12:00:00
6126,3713,38,374,Basic Metabolic Panel,2025-04-15,139,mg/dL,Abnormal,2025-04-15T15:00:00
6127,3713,38,376,Lipid Panel,2025-02-08,165,mg/dL,Normal,2025-02-10T07:00:00
6128,3714,38,377,Basic Metabolic Panel,2026-01-19,96,mg/dL,Normal,2026-01-21T12:00:00
6129,3715,38,375,Lipid Panel,2026-02-01,200,mg/dL,Normal,2026-02-02T15:00:00
6130,3716,38,372,HbA1c,2025-11-15,8.8,%,Abnormal,2025-11-17T00:00:00
6131,3716,38,375,HbA1c,2025-07-31,9.3,%,Abnormal,2025-08-02T14:00:00
6132,3717,38,376,HbA1c,2026-01-26,5.9,%,Critical,2026-01-28T13:00:00
6133,3717,38,376,Thyroid Panel,2025-07-25,7.8,mIU/L,Normal,2025-07-26T21:00:00
6134,3718,38,376,Complete Blood Count,2025-05-19,12.8,g/dL,Normal,2025-05-21T18:00:00
6135,3718,38,375,Complete Blood Count,2025-04-09,9.6,g/dL,Normal,2025-04-09T20:00:00
6136,3719,38,380,Lipid Panel,2025-09-19,209,mg/dL,Normal,2025-09-19T15:00:00
6137,3719,38,376,Lipid Panel,2025-09-23,250,mg/dL,Normal,2025-09-23T13:00:00
6138,3720,38,378,HbA1c,2025-09-12,4.8,%,Normal,2025-09-14T09:00:00
6139,3720,38,372,Thyroid Panel,2025-11-19,5.6,mIU/L,Normal,2025-11-21T16:00:00
6140,3720,38,374,HbA1c,2025-05-31,6.2,%,Normal,2025-06-02T22:00:00
6141,3721,38,378,Basic Metabolic Panel,2025-09-05,127,mg/dL,Normal,2025-09-06T04:00:00
6142,3722,38,380,Basic Metabolic Panel,2025-10-28,98,mg/dL,Normal,2025-10-29T03:00:00
6143,3722,38,377,HbA1c,2025-01-25,9.7,%,Normal,2025-01-26T15:00:00
6144,3722,38,380,Thyroid Panel,2025-03-11,7.0,mIU/L,Normal,2025-03-12T12:00:00
6145,3723,38,378,HbA1c,2025-04-17,9.7,%,Normal,2025-04-18T19:00:00
6146,3724,38,379,HbA1c,2025-05-29,10.4,%,Abnormal,2025-05-31T05:00:00
6147,3725,38,372,Lipid Panel,2025-01-12,151,mg/dL,Abnormal,2025-01-14T20:00:00
6148,3726,38,373,HbA1c,2025-07-01,6.1,%,Normal,2025-07-03T10:00:00
6149,3727,38,372,Basic Metabolic Panel,2025-10-21,72,mg/dL,Critical,2025-10-23T17:00:00
6150,3728,38,374,Lipid Panel,2025-08-28,184,mg/dL,Normal,2025-08-28T13:00:00
6151,3728,38,373,Basic Metabolic Panel,2025-07-04,82,mg/dL,Critical,2025-07-06T06:00:00
6152,3728,38,372,Basic Metabolic Panel,2025-04-14,102,mg/dL,Normal,2025-04-14T19:00:00
6153,3729,38,374,Lipid Panel,2025-01-31,215,mg/dL,Abnormal,2025-02-02T05:00:00
6154,3729,38,380,HbA1c,2025-11-21,6.1,%,Normal,2025-11-23T02:00:00
6155,3730,38,375,Lipid Panel,2025-10-13,237,mg/dL,Normal,2025-10-15T00:00:00
6156,3730,38,374,Basic Metabolic Panel,2025-09-13,76,mg/dL,Abnormal,2025-09-15T01:00:00
6157,3731,38,375,HbA1c,2025-06-06,10.5,%,Normal,2025-06-08T02:00:00
6158,3731,38,376,Thyroid Panel,2025-08-22,3.0,mIU/L,Normal,2025-08-24T10:00:00
6159,3732,38,378,Lipid Panel,2025-09-10,147,mg/dL,Abnormal,2025-09-12T09:00:00
6160,3733,38,373,Basic Metabolic Panel,2025-09-28,78,mg/dL,Normal,2025-09-29T02:00:00
6161,3733,38,373,HbA1c,2025-03-24,10.4,%,Normal,2025-03-25T01:00:00
6162,3734,38,373,Basic Metabolic Panel,2025-02-22,114,mg/dL,Normal,2025-02-23T17:00:00
6163,3735,38,371,HbA1c,2025-05-23,10.9,%,Critical,2025-05-25T10:00:00
6164,3735,38,376,HbA1c,2025-03-25,5.1,%,Normal,2025-03-26T23:00:00
6165,3736,38,372,Complete Blood Count,2025-03-11,11.2,g/dL,Abnormal,2025-03-13T09:00:00
6166,3736,38,373,Thyroid Panel,2025-03-24,5.8,mIU/L,Normal,2025-03-24T14:00:00
6167,3737,38,376,Thyroid Panel,2025-09-27,3.0,mIU/L,Critical,2025-09-29T09:00:00
6168,3737,38,378,Basic Metabolic Panel,2025-09-04,127,mg/dL,Normal,2025-09-06T14:00:00
6169,3738,38,374,HbA1c,2025-04-22,9.0,%,Abnormal,2025-04-24T22:00:00
6170,3739,38,378,Lipid Panel,2026-01-02,154,mg/dL,Normal,2026-01-03T16:00:00
6171,3739,38,374,Thyroid Panel,2026-01-18,3.5,mIU/L,Normal,2026-01-20T01:00:00
6172,3740,38,376,Complete Blood Count,2025-03-12,8.4,g/dL,Normal,2025-03-13T12:00:00
6173,3740,38,378,Lipid Panel,2025-05-12,137,mg/dL,Abnormal,2025-05-13T00:00:00
6174,3741,38,379,Basic Metabolic Panel,2025-12-08,137,mg/dL,Normal,2025-12-10T14:00:00
6175,3741,38,376,Lipid Panel,2025-02-04,247,mg/dL,Abnormal,2025-02-05T11:00:00
6176,3742,38,372,Complete Blood Count,2025-01-03,11.2,g/dL,Normal,2025-01-04T23:00:00
6177,3743,38,379,Basic Metabolic Panel,2025-01-16,93,mg/dL,Abnormal,2025-01-18T06:00:00
6178,3744,38,371,Basic Metabolic Panel,2025-04-30,91,mg/dL,Normal,2025-05-01T17:00:00
6179,3744,38,374,Complete Blood Count,2025-11-10,16.8,g/dL,Critical,2025-11-11T18:00:00
6180,3744,38,375,Complete Blood Count,2025-09-22,14.7,g/dL,Normal,2025-09-23T09:00:00
6181,3745,38,373,Basic Metabolic Panel,2025-11-07,112,mg/dL,Abnormal,2025-11-09T04:00:00
6182,3745,38,371,Thyroid Panel,2025-10-06,1.5,mIU/L,Normal,2025-10-08T09:00:00
6183,3745,38,380,Complete Blood Count,2025-03-30,12.2,g/dL,Normal,2025-03-30T13:00:00
6184,3746,38,372,Lipid Panel,2025-09-25,151,mg/dL,Abnormal,2025-09-27T01:00:00
6185,3746,38,375,HbA1c,2025-11-02,5.7,%,Normal,2025-11-04T05:00:00
6186,3747,38,371,Lipid Panel,2025-04-18,180,mg/dL,Abnormal,2025-04-18T16:00:00
6187,3747,38,380,Thyroid Panel,2025-08-26,4.3,mIU/L,Normal,2025-08-29T00:00:00
6188,3748,38,378,Thyroid Panel,2025-03-27,0.5,mIU/L,Normal,2025-03-28T00:00:00
6189,3749,38,379,Thyroid Panel,2025-08-11,0.7,mIU/L,Normal,2025-08-13T19:00:00
6190,3749,38,380,HbA1c,2025-08-27,10.6,%,Normal,2025-08-28T09:00:00
6191,3749,38,375,Complete Blood Count,2025-01-13,16.5,g/dL,Normal,2025-01-13T15:00:00
6192,3750,38,377,Basic Metabolic Panel,2025-09-22,109,mg/dL,Abnormal,2025-09-24T08:00:00
6193,3750,38,376,HbA1c,2025-06-23,8.9,%,Critical,2025-06-26T00:00:00
6194,3751,38,380,Complete Blood Count,2025-01-23,10.7,g/dL,Normal,2025-01-24T06:00:00
6195,3751,38,378,Lipid Panel,2025-07-20,183,mg/dL,Normal,2025-07-21T14:00:00
6196,3752,38,373,Basic Metabolic Panel,2025-09-14,87,mg/dL,Critical,2025-09-15T15:00:00
6197,3752,38,372,Thyroid Panel,2025-05-28,7.3,mIU/L,Normal,2025-05-30T13:00:00
6198,3753,38,374,Thyroid Panel,2025-12-06,2.4,mIU/L,Abnormal,2025-12-07T08:00:00
6199,3754,38,375,Basic Metabolic Panel,2025-02-24,83,mg/dL,Abnormal,2025-02-25T19:00:00
6200,3754,38,375,Lipid Panel,2025-11-06,195,mg/dL,Normal,2025-11-08T19:00:00
6201,3755,38,375,Complete Blood Count,2026-01-02,11.8,g/dL,Abnormal,2026-01-04T12:00:00
6202,3755,38,378,HbA1c,2025-08-15,10.8,%,Abnormal,2025-08-16T23:00:00
6203,3756,38,377,Thyroid Panel,2025-12-23,4.2,mIU/L,Abnormal,2025-12-25T21:00:00
6204,3756,38,376,Thyroid Panel,2025-05-19,2.7,mIU/L,Normal,2025-05-21T03:00:00
6205,3757,38,371,Basic Metabolic Panel,2025-08-23,120,mg/dL,Normal,2025-08-25T05:00:00
6206,3757,38,377,HbA1c,2025-09-16,10.7,%,Normal,2025-09-17T16:00:00
6207,3758,38,378,Thyroid Panel,2025-06-12,5.0,mIU/L,Normal,2025-06-13T01:00:00
6208,3758,38,371,Complete Blood Count,2025-05-23,16.7,g/dL,Normal,2025-05-25T00:00:00
6209,3759,38,377,HbA1c,2025-12-10,6.8,%,Normal,2025-12-12T02:00:00
6210,3759,38,373,HbA1c,2025-08-13,10.9,%,Normal,2025-08-14T22:00:00
6211,3760,38,375,Complete Blood Count,2025-10-29,12.3,g/dL,Normal,2025-10-30T00:00:00
6212,3761,38,379,Basic Metabolic Panel,2025-07-21,112,mg/dL,Normal,2025-07-23T14:00:00
6213,3762,38,380,Lipid Panel,2026-02-01,132,mg/dL,Critical,2026-02-03T13:00:00
6214,3762,38,374,Lipid Panel,2025-04-17,240,mg/dL,Abnormal,2025-04-18T09:00:00
6215,3762,38,372,Lipid Panel,2025-07-19,213,mg/dL,Normal,2025-07-21T21:00:00
6216,3763,38,372,Lipid Panel,2025-01-03,183,mg/dL,Normal,2025-01-03T13:00:00
6217,3764,38,379,Thyroid Panel,2025-10-28,3.0,mIU/L,Normal,2025-10-28T19:00:00
6218,3765,38,375,Lipid Panel,2025-07-18,207,mg/dL,Normal,2025-07-19T12:00:00
6219,3766,38,371,HbA1c,2025-10-03,10.5,%,Normal,2025-10-04T01:00:00
6220,3766,38,380,Complete Blood Count,2025-04-16,14.3,g/dL,Normal,2025-04-16T13:00:00
6221,3767,38,372,Lipid Panel,2025-06-23,223,mg/dL,Normal,2025-06-25T05:00:00
6222,3767,38,380,Thyroid Panel,2026-01-10,2.8,mIU/L,Normal,2026-01-12T23:00:00
6223,3767,38,380,Thyroid Panel,2025-08-16,8.0,mIU/L,Abnormal,2025-08-18T19:00:00
6224,3768,38,371,Basic Metabolic Panel,2025-08-07,70,mg/dL,Normal,2025-08-07T14:00:00
6225,3769,38,377,Complete Blood Count,2025-05-03,15.5,g/dL,Abnormal,2025-05-04T03:00:00
6226,3770,38,371,HbA1c,2025-02-10,9.3,%,Abnormal,2025-02-12T10:00:00
6227,3771,38,375,HbA1c,2025-10-14,5.8,%,Normal,2025-10-15T16:00:00
6228,3772,38,377,Lipid Panel,2025-12-26,248,mg/dL,Normal,2025-12-27T17:00:00
6229,3772,38,372,HbA1c,2025-12-29,10.3,%,Abnormal,2025-12-30T19:00:00
6230,3773,38,376,HbA1c,2025-09-14,10.8,%,Normal,2025-09-15T15:00:00
6231,3773,38,379,Lipid Panel,2026-01-25,194,mg/dL,Abnormal,2026-01-26T22:00:00
6232,3774,38,375,Lipid Panel,2025-09-17,245,mg/dL,Abnormal,2025-09-18T11:00:00
6233,3775,38,375,Complete Blood Count,2025-11-06,14.5,g/dL,Normal,2025-11-07T20:00:00
6234,3775,38,373,Basic Metabolic Panel,2025-12-29,91,mg/dL,Normal,2025-12-30T04:00:00
6235,3776,38,373,Lipid Panel,2026-01-01,172,mg/dL,Normal,2026-01-02T02:00:00
6236,3777,38,379,Lipid Panel,2025-06-10,151,mg/dL,Abnormal,2025-06-12T00:00:00
6237,3777,38,371,Basic Metabolic Panel,2025-04-19,80,mg/dL,Critical,2025-04-21T19:00:00
6238,3778,38,371,HbA1c,2025-09-19,9.2,%,Critical,2025-09-20T04:00:00
6239,3778,38,376,Basic Metabolic Panel,2025-09-05,123,mg/dL,Normal,2025-09-05T16:00:00
6240,3779,38,375,Complete Blood Count,2025-08-26,14.6,g/dL,Normal,2025-08-28T05:00:00
6241,3779,38,377,Complete Blood Count,2025-08-02,10.7,g/dL,Normal,2025-08-03T23:00:00
6242,3780,38,372,Complete Blood Count,2026-01-14,11.6,g/dL,Normal,2026-01-15T07:00:00
6243,3781,38,378,Basic Metabolic Panel,2025-07-10,116,mg/dL,Normal,2025-07-12T16:00:00
6244,3781,38,377,Basic Metabolic Panel,2025-05-09,116,mg/dL,Critical,2025-05-10T18:00:00
6245,3782,38,376,Lipid Panel,2025-09-14,122,mg/dL,Abnormal,2025-09-16T06:00:00
6246,3783,38,373,Thyroid Panel,2025-06-18,3.7,mIU/L,Normal,2025-06-20T20:00:00
6247,3784,38,378,HbA1c,2025-10-21,4.9,%,Normal,2025-10-23T03:00:00
6248,3785,38,373,Thyroid Panel,2025-09-07,4.6,mIU/L,Normal,2025-09-07T21:00:00
6249,3786,38,375,Lipid Panel,2025-01-03,162,mg/dL,Normal,2025-01-04T15:00:00
6250,3787,38,376,Complete Blood Count,2025-11-07,11.7,g/dL,Normal,2025-11-07T22:00:00
6251,3787,38,379,Basic Metabolic Panel,2025-11-27,94,mg/dL,Normal,2025-11-28T21:00:00
6252,3788,38,371,Complete Blood Count,2025-09-03,11.4,g/dL,Normal,2025-09-03T20:00:00
6253,3788,38,377,Lipid Panel,2025-01-20,269,mg/dL,Normal,2025-01-21T03:00:00
6254,3789,38,375,Lipid Panel,2025-04-10,134,mg/dL,Normal,2025-04-10T17:00:00
6255,3789,38,374,Thyroid Panel,2025-05-03,6.6,mIU/L,Abnormal,2025-05-04T03:00:00
6256,3789,38,372,Complete Blood Count,2025-09-18,16.3,g/dL,Normal,2025-09-19T04:00:00
6257,3790,38,375,Thyroid Panel,2025-06-25,4.4,mIU/L,Normal,2025-06-26T21:00:00
6258,3791,38,375,HbA1c,2025-07-21,5.5,%,Normal,2025-07-21T18:00:00
6259,3792,38,377,Thyroid Panel,2025-05-10,3.8,mIU/L,Normal,2025-05-11T10:00:00
6260,3793,38,374,HbA1c,2025-08-20,5.0,%,Abnormal,2025-08-22T00:00:00
6261,3793,38,374,Thyroid Panel,2025-02-15,3.8,mIU/L,Normal,2025-02-17T06:00:00
6262,3793,38,376,Basic Metabolic Panel,2025-11-13,119,mg/dL,Critical,2025-11-14T15:00:00
6263,3794,38,374,Thyroid Panel,2025-10-22,5.8,mIU/L,Abnormal,2025-10-23T10:00:00
6264,3795,38,377,HbA1c,2025-12-01,4.9,%,Critical,2025-12-02T22:00:00
6265,3795,38,376,Basic Metabolic Panel,2025-12-21,70,mg/dL,Normal,2025-12-21T19:00:00
6266,3796,38,372,Basic Metabolic Panel,2025-05-16,81,mg/dL,Normal,2025-05-18T19:00:00
6267,3796,38,380,HbA1c,2025-08-04,8.6,%,Critical,2025-08-06T09:00:00
6268,3797,38,377,Thyroid Panel,2025-08-09,2.5,mIU/L,Abnormal,2025-08-10T21:00:00
6269,3797,38,372,Basic Metabolic Panel,2025-08-23,140,mg/dL,Normal,2025-08-24T00:00:00
6270,3798,38,380,Complete Blood Count,2025-01-03,8.8,g/dL,Normal,2025-01-03T20:00:00
6271,3798,38,378,Complete Blood Count,2025-01-30,13.5,g/dL,Abnormal,2025-02-01T07:00:00
6272,3799,38,373,Complete Blood Count,2025-12-05,9.7,g/dL,Normal,2025-12-06T17:00:00
6273,3799,38,373,Complete Blood Count,2025-07-07,15.0,g/dL,Normal,2025-07-09T04:00:00
6274,3800,38,375,HbA1c,2025-07-15,9.3,%,Abnormal,2025-07-15T22:00:00
6275,3801,39,385,Basic Metabolic Panel,2025-03-19,88,mg/dL,Normal,2025-03-19T14:00:00
6276,3801,39,386,Basic Metabolic Panel,2025-04-22,117,mg/dL,Abnormal,2025-04-24T04:00:00
6277,3802,39,386,Complete Blood Count,2025-05-28,12.7,g/dL,Abnormal,2025-05-29T00:00:00
6278,3802,39,387,Lipid Panel,2025-05-04,202,mg/dL,Normal,2025-05-06T07:00:00
6279,3803,39,381,Lipid Panel,2025-11-26,133,mg/dL,Normal,2025-11-27T19:00:00
6280,3803,39,390,Thyroid Panel,2025-02-03,6.8,mIU/L,Normal,2025-02-05T07:00:00
6281,3803,39,383,Complete Blood Count,2025-05-25,9.3,g/dL,Normal,2025-05-26T21:00:00
6282,3804,39,386,Complete Blood Count,2025-07-08,12.4,g/dL,Abnormal,2025-07-08T12:00:00
6283,3804,39,390,Lipid Panel,2025-04-05,183,mg/dL,Normal,2025-04-06T20:00:00
6284,3805,39,390,Thyroid Panel,2025-01-13,6.4,mIU/L,Normal,2025-01-13T20:00:00
6285,3805,39,381,HbA1c,2025-04-14,10.5,%,Normal,2025-04-14T17:00:00
6286,3806,39,388,Basic Metabolic Panel,2025-12-09,77,mg/dL,Normal,2025-12-10T23:00:00
6287,3806,39,386,Lipid Panel,2026-01-23,153,mg/dL,Normal,2026-01-25T19:00:00
6288,3807,39,384,Basic Metabolic Panel,2025-07-01,120,mg/dL,Normal,2025-07-02T09:00:00
6289,3807,39,387,Complete Blood Count,2025-08-16,11.9,g/dL,Normal,2025-08-17T10:00:00
6290,3808,39,386,HbA1c,2025-02-24,8.1,%,Normal,2025-02-25T06:00:00
6291,3809,39,387,Basic Metabolic Panel,2025-02-24,119,mg/dL,Abnormal,2025-02-25T09:00:00
6292,3810,39,384,Thyroid Panel,2025-03-07,6.0,mIU/L,Normal,2025-03-09T02:00:00
6293,3811,39,381,Lipid Panel,2025-06-27,137,mg/dL,Critical,2025-06-27T15:00:00
6294,3812,39,385,Lipid Panel,2025-10-19,183,mg/dL,Normal,2025-10-19T15:00:00
6295,3813,39,389,Thyroid Panel,2025-06-19,5.3,mIU/L,Normal,2025-06-20T20:00:00
6296,3814,39,388,Basic Metabolic Panel,2025-04-21,89,mg/dL,Abnormal,2025-04-23T09:00:00
6297,3815,39,383,Thyroid Panel,2025-01-23,7.0,mIU/L,Normal,2025-01-24T02:00:00
6298,3815,39,382,Thyroid Panel,2025-08-15,1.1,mIU/L,Normal,2025-08-16T10:00:00
6299,3816,39,386,HbA1c,2025-02-14,7.5,%,Normal,2025-02-17T00:00:00
6300,3816,39,383,Complete Blood Count,2025-02-15,15.1,g/dL,Critical,2025-02-16T14:00:00
6301,3817,39,383,Complete Blood Count,2025-12-28,15.5,g/dL,Abnormal,2025-12-29T13:00:00
6302,3818,39,386,Thyroid Panel,2025-01-02,1.0,mIU/L,Normal,2025-01-04T09:00:00
6303,3818,39,385,Lipid Panel,2025-05-09,220,mg/dL,Normal,2025-05-11T20:00:00
6304,3819,39,385,Lipid Panel,2026-01-19,161,mg/dL,Normal,2026-01-21T13:00:00
6305,3820,39,390,Complete Blood Count,2025-03-22,10.3,g/dL,Abnormal,2025-03-24T08:00:00
6306,3820,39,381,Complete Blood Count,2025-03-18,12.2,g/dL,Abnormal,2025-03-18T22:00:00
6307,3821,39,387,Thyroid Panel,2025-03-22,2.1,mIU/L,Normal,2025-03-23T17:00:00
6308,3821,39,389,Basic Metabolic Panel,2025-06-13,134,mg/dL,Normal,2025-06-15T06:00:00
6309,3821,39,381,Thyroid Panel,2025-04-07,7.4,mIU/L,Abnormal,2025-04-08T22:00:00
6310,3822,39,381,Complete Blood Count,2025-01-31,13.3,g/dL,Normal,2025-02-02T06:00:00
6311,3823,39,383,HbA1c,2025-08-06,7.8,%,Critical,2025-08-08T05:00:00
6312,3823,39,388,HbA1c,2025-07-09,6.3,%,Normal,2025-07-10T23:00:00
6313,3824,39,389,HbA1c,2025-12-01,10.8,%,Normal,2025-12-01T13:00:00
6314,3825,39,387,Lipid Panel,2025-04-05,176,mg/dL,Normal,2025-04-07T09:00:00
6315,3826,39,387,Thyroid Panel,2026-01-30,2.5,mIU/L,Normal,2026-01-30T16:00:00
6316,3827,39,384,HbA1c,2025-06-10,5.3,%,Normal,2025-06-11T19:00:00
6317,3827,39,382,Thyroid Panel,2026-01-09,3.1,mIU/L,Critical,2026-01-11T17:00:00
6318,3828,39,387,HbA1c,2025-10-17,9.1,%,Abnormal,2025-10-18T11:00:00
6319,3829,39,387,Complete Blood Count,2025-11-24,8.4,g/dL,Abnormal,2025-11-26T22:00:00
6320,3830,39,384,Basic Metabolic Panel,2025-03-20,105,mg/dL,Normal,2025-03-20T23:00:00
6321,3830,39,387,HbA1c,2025-11-23,7.9,%,Normal,2025-11-23T20:00:00
6322,3830,39,390,Lipid Panel,2025-03-07,167,mg/dL,Normal,2025-03-08T08:00:00
6323,3831,39,386,Basic Metabolic Panel,2025-11-21,140,mg/dL,Abnormal,2025-11-22T11:00:00
6324,3832,39,383,Lipid Panel,2025-07-23,244,mg/dL,Normal,2025-07-24T14:00:00
6325,3833,39,383,Basic Metabolic Panel,2025-04-20,104,mg/dL,Normal,2025-04-20T15:00:00
6326,3834,39,381,Thyroid Panel,2025-09-07,0.9,mIU/L,Normal,2025-09-07T21:00:00
6327,3834,39,389,Lipid Panel,2025-01-09,151,mg/dL,Abnormal,2025-01-11T03:00:00
6328,3835,39,383,HbA1c,2025-12-10,10.3,%,Normal,2025-12-11T00:00:00
6329,3836,39,386,Complete Blood Count,2025-12-11,8.8,g/dL,Critical,2025-12-13T06:00:00
6330,3837,39,387,Lipid Panel,2025-05-14,262,mg/dL,Normal,2025-05-14T13:00:00
6331,3838,39,390,HbA1c,2025-01-28,5.8,%,Normal,2025-01-30T22:00:00
6332,3839,39,384,HbA1c,2025-07-26,9.4,%,Normal,2025-07-27T17:00:00
6333,3839,39,381,Complete Blood Count,2025-08-13,16.6,g/dL,Normal,2025-08-14T20:00:00
6334,3840,39,387,Basic Metabolic Panel,2025-11-08,113,mg/dL,Normal,2025-11-09T07:00:00
6335,3841,39,381,Thyroid Panel,2025-04-18,5.2,mIU/L,Normal,2025-04-19T21:00:00
6336,3842,39,386,Complete Blood Count,2025-06-21,12.8,g/dL,Normal,2025-06-23T01:00:00
6337,3843,39,387,Lipid Panel,2025-09-02,266,mg/dL,Normal,2025-09-04T14:00:00
6338,3843,39,387,Thyroid Panel,2025-03-16,6.1,mIU/L,Abnormal,2025-03-17T01:00:00
6339,3844,39,386,Basic Metabolic Panel,2025-09-07,85,mg/dL,Normal,2025-09-08T03:00:00
6340,3844,39,385,Basic Metabolic Panel,2026-01-03,134,mg/dL,Abnormal,2026-01-05T02:00:00
6341,3845,39,381,HbA1c,2025-04-09,7.5,%,Normal,2025-04-11T13:00:00
6342,3846,39,385,Basic Metabolic Panel,2025-07-23,118,mg/dL,Normal,2025-07-23T18:00:00
6343,3847,39,385,Thyroid Panel,2025-07-17,5.9,mIU/L,Normal,2025-07-17T17:00:00
6344,3848,39,389,Basic Metabolic Panel,2025-09-15,86,mg/dL,Normal,2025-09-17T16:00:00
6345,3848,39,389,Thyroid Panel,2025-11-12,7.7,mIU/L,Normal,2025-11-12T22:00:00
6346,3848,39,385,Thyroid Panel,2025-05-11,7.2,mIU/L,Normal,2025-05-13T20:00:00
6347,3849,39,390,HbA1c,2025-08-07,5.0,%,Abnormal,2025-08-09T03:00:00
6348,3850,39,382,Lipid Panel,2025-05-20,196,mg/dL,Abnormal,2025-05-20T15:00:00
6349,3851,39,384,Lipid Panel,2025-10-06,145,mg/dL,Normal,2025-10-07T03:00:00
6350,3851,39,382,Basic Metabolic Panel,2026-01-15,139,mg/dL,Normal,2026-01-16T00:00:00
6351,3851,39,387,Thyroid Panel,2025-03-11,0.8,mIU/L,Abnormal,2025-03-13T05:00:00
6352,3852,39,388,Basic Metabolic Panel,2025-11-20,96,mg/dL,Normal,2025-11-22T03:00:00
6353,3852,39,381,Complete Blood Count,2025-03-22,15.0,g/dL,Critical,2025-03-22T22:00:00
6354,3852,39,381,Complete Blood Count,2025-02-19,11.5,g/dL,Abnormal,2025-02-20T20:00:00
6355,3853,39,381,Lipid Panel,2025-10-24,181,mg/dL,Normal,2025-10-24T18:00:00
6356,3854,39,384,Lipid Panel,2025-11-23,221,mg/dL,Normal,2025-11-25T12:00:00
6357,3855,39,385,Complete Blood Count,2025-04-01,13.3,g/dL,Normal,2025-04-01T17:00:00
6358,3855,39,381,Lipid Panel,2025-03-04,182,mg/dL,Normal,2025-03-05T23:00:00
6359,3856,39,383,Complete Blood Count,2025-04-04,15.5,g/dL,Normal,2025-04-06T03:00:00
6360,3857,39,384,Complete Blood Count,2025-08-22,14.0,g/dL,Normal,2025-08-23T19:00:00
6361,3858,39,390,Complete Blood Count,2025-01-03,8.1,g/dL,Normal,2025-01-05T08:00:00
6362,3859,39,382,Basic Metabolic Panel,2025-06-25,113,mg/dL,Critical,2025-06-27T17:00:00
6363,3859,39,384,Lipid Panel,2025-06-08,195,mg/dL,Normal,2025-06-09T21:00:00
6364,3860,39,389,Basic Metabolic Panel,2025-07-10,79,mg/dL,Normal,2025-07-12T22:00:00
6365,3860,39,385,Basic Metabolic Panel,2025-08-11,103,mg/dL,Normal,2025-08-13T03:00:00
6366,3860,39,388,Complete Blood Count,2025-12-20,16.1,g/dL,Normal,2025-12-21T23:00:00
6367,3861,39,383,Thyroid Panel,2025-01-17,7.7,mIU/L,Normal,2025-01-19T18:00:00
6368,3862,39,384,Thyroid Panel,2025-10-07,0.4,mIU/L,Abnormal,2025-10-09T23:00:00
6369,3863,39,390,Complete Blood Count,2025-04-15,9.6,g/dL,Normal,2025-04-15T22:00:00
6370,3864,39,381,Complete Blood Count,2025-11-04,11.4,g/dL,Abnormal,2025-11-06T19:00:00
6371,3864,39,383,HbA1c,2025-10-07,9.0,%,Normal,2025-10-08T02:00:00
6372,3865,39,386,Lipid Panel,2025-07-16,235,mg/dL,Normal,2025-07-16T22:00:00
6373,3865,39,381,Lipid Panel,2025-04-23,142,mg/dL,Normal,2025-04-23T19:00:00
6374,3866,39,386,HbA1c,2026-01-17,5.6,%,Normal,2026-01-18T01:00:00
6375,3867,39,381,Complete Blood Count,2025-02-12,14.7,g/dL,Normal,2025-02-13T13:00:00
6376,3868,39,387,Basic Metabolic Panel,2025-07-30,133,mg/dL,Normal,2025-08-01T11:00:00
6377,3869,39,383,HbA1c,2025-04-07,5.1,%,Normal,2025-04-08T20:00:00
6378,3869,39,385,Lipid Panel,2025-08-15,230,mg/dL,Abnormal,2025-08-16T02:00:00
6379,3870,39,381,Thyroid Panel,2025-02-12,4.7,mIU/L,Normal,2025-02-13T18:00:00
6380,3871,39,386,Lipid Panel,2025-05-25,125,mg/dL,Normal,2025-05-28T00:00:00
6381,3871,39,386,Lipid Panel,2025-11-08,139,mg/dL,Normal,2025-11-09T21:00:00
6382,3871,39,382,Complete Blood Count,2025-01-15,14.0,g/dL,Normal,2025-01-16T16:00:00
6383,3872,39,389,HbA1c,2025-03-25,7.8,%,Normal,2025-03-26T23:00:00
6384,3873,39,388,Complete Blood Count,2025-09-12,10.1,g/dL,Normal,2025-09-13T20:00:00
6385,3873,39,388,Thyroid Panel,2026-01-11,4.1,mIU/L,Normal,2026-01-11T12:00:00
6386,3873,39,384,Complete Blood Count,2025-07-21,13.9,g/dL,Normal,2025-07-22T05:00:00
6387,3874,39,386,Thyroid Panel,2025-06-17,2.1,mIU/L,Abnormal,2025-06-19T09:00:00
6388,3874,39,382,Basic Metabolic Panel,2025-08-15,85,mg/dL,Normal,2025-08-15T22:00:00
6389,3875,39,388,Lipid Panel,2025-10-08,155,mg/dL,Normal,2025-10-08T23:00:00
6390,3875,39,382,Thyroid Panel,2025-03-08,7.3,mIU/L,Normal,2025-03-08T12:00:00
6391,3876,39,383,Complete Blood Count,2025-05-11,15.4,g/dL,Normal,2025-05-11T13:00:00
6392,3877,39,387,Thyroid Panel,2025-11-13,0.5,mIU/L,Normal,2025-11-15T02:00:00
6393,3878,39,385,Complete Blood Count,2025-02-02,11.6,g/dL,Normal,2025-02-02T16:00:00
6394,3879,39,385,Basic Metabolic Panel,2026-01-04,74,mg/dL,Normal,2026-01-04T17:00:00
6395,3879,39,387,HbA1c,2025-08-14,8.0,%,Normal,2025-08-16T00:00:00
6396,3880,39,387,Lipid Panel,2025-03-25,142,mg/dL,Critical,2025-03-27T21:00:00
6397,3880,39,385,Complete Blood Count,2025-12-05,12.0,g/dL,Normal,2025-12-07T02:00:00
6398,3881,39,389,Complete Blood Count,2025-10-05,16.5,g/dL,Normal,2025-10-07T06:00:00
6399,3881,39,390,Complete Blood Count,2025-02-21,16.2,g/dL,Critical,2025-02-23T12:00:00
6400,3882,39,386,Basic Metabolic Panel,2025-12-22,128,mg/dL,Normal,2025-12-23T13:00:00
6401,3883,39,382,Thyroid Panel,2025-03-08,6.9,mIU/L,Normal,2025-03-09T05:00:00
6402,3884,39,382,Basic Metabolic Panel,2025-10-18,69,mg/dL,Abnormal,2025-10-18T21:00:00
6403,3884,39,388,Basic Metabolic Panel,2025-06-19,104,mg/dL,Critical,2025-06-19T16:00:00
6404,3885,39,388,Complete Blood Count,2025-03-20,9.2,g/dL,Normal,2025-03-22T06:00:00
6405,3886,39,386,Lipid Panel,2025-08-20,198,mg/dL,Abnormal,2025-08-21T20:00:00
6406,3887,39,383,HbA1c,2026-01-09,10.1,%,Normal,2026-01-09T21:00:00
6407,3888,39,390,Lipid Panel,2025-05-18,256,mg/dL,Normal,2025-05-19T21:00:00
6408,3888,39,388,Lipid Panel,2025-12-29,212,mg/dL,Normal,2025-12-30T20:00:00
6409,3888,39,388,Lipid Panel,2025-11-08,278,mg/dL,Critical,2025-11-10T20:00:00
6410,3889,39,386,Basic Metabolic Panel,2025-03-25,67,mg/dL,Abnormal,2025-03-27T08:00:00
6411,3890,39,390,Lipid Panel,2025-09-15,267,mg/dL,Normal,2025-09-16T13:00:00
6412,3891,39,390,Thyroid Panel,2025-07-16,2.7,mIU/L,Normal,2025-07-17T06:00:00
6413,3892,39,388,Lipid Panel,2025-10-13,269,mg/dL,Normal,2025-10-14T02:00:00
6414,3893,39,386,Lipid Panel,2025-11-05,181,mg/dL,Normal,2025-11-05T16:00:00
6415,3893,39,389,Basic Metabolic Panel,2025-07-27,123,mg/dL,Abnormal,2025-07-27T22:00:00
6416,3894,39,384,HbA1c,2025-04-26,10.8,%,Normal,2025-04-28T17:00:00
6417,3895,39,381,Basic Metabolic Panel,2025-01-29,85,mg/dL,Normal,2025-01-31T18:00:00
6418,3896,39,384,HbA1c,2025-03-01,9.6,%,Normal,2025-03-02T04:00:00
6419,3897,39,386,Basic Metabolic Panel,2025-05-11,90,mg/dL,Normal,2025-05-13T20:00:00
6420,3898,39,387,Lipid Panel,2025-03-29,222,mg/dL,Abnormal,2025-03-31T15:00:00
6421,3899,39,383,Lipid Panel,2025-07-06,169,mg/dL,Normal,2025-07-07T17:00:00
6422,3899,39,385,HbA1c,2026-01-02,6.9,%,Abnormal,2026-01-02T19:00:00
6423,3900,39,385,Lipid Panel,2025-05-29,189,mg/dL,Normal,2025-05-31T23:00:00
6424,3900,39,382,Complete Blood Count,2025-05-16,12.2,g/dL,Normal,2025-05-18T20:00:00
6425,3900,39,385,Thyroid Panel,2025-11-25,2.9,mIU/L,Normal,2025-11-26T06:00:00
6426,3901,40,399,Thyroid Panel,2025-04-02,5.8,mIU/L,Normal,2025-04-04T18:00:00
6427,3901,40,395,Basic Metabolic Panel,2025-09-16,95,mg/dL,Abnormal,2025-09-16T19:00:00
6428,3902,40,400,Complete Blood Count,2025-07-28,9.1,g/dL,Abnormal,2025-07-29T05:00:00
6429,3903,40,393,HbA1c,2025-05-28,8.8,%,Normal,2025-05-28T23:00:00
6430,3903,40,399,Basic Metabolic Panel,2025-05-10,87,mg/dL,Abnormal,2025-05-11T16:00:00
6431,3904,40,400,Thyroid Panel,2025-09-11,4.4,mIU/L,Abnormal,2025-09-12T11:00:00
6432,3905,40,392,HbA1c,2025-01-02,6.1,%,Normal,2025-01-02T15:00:00
6433,3905,40,392,HbA1c,2025-11-30,6.9,%,Abnormal,2025-11-30T16:00:00
6434,3906,40,395,Basic Metabolic Panel,2025-04-01,137,mg/dL,Normal,2025-04-03T22:00:00
6435,3907,40,396,Basic Metabolic Panel,2025-03-29,136,mg/dL,Normal,2025-03-30T04:00:00
6436,3908,40,392,Complete Blood Count,2025-02-16,14.5,g/dL,Normal,2025-02-16T20:00:00
6437,3909,40,394,Basic Metabolic Panel,2025-11-24,133,mg/dL,Abnormal,2025-11-26T07:00:00
6438,3909,40,397,Lipid Panel,2025-04-16,198,mg/dL,Normal,2025-04-18T11:00:00
6439,3909,40,392,HbA1c,2025-01-07,8.6,%,Normal,2025-01-08T15:00:00
6440,3910,40,397,Complete Blood Count,2025-07-13,14.5,g/dL,Abnormal,2025-07-15T15:00:00
6441,3910,40,397,Lipid Panel,2025-06-08,234,mg/dL,Normal,2025-06-10T02:00:00
6442,3911,40,392,Thyroid Panel,2025-11-03,7.3,mIU/L,Normal,2025-11-05T08:00:00
6443,3911,40,397,HbA1c,2025-02-09,4.6,%,Abnormal,2025-02-11T18:00:00
6444,3912,40,396,Thyroid Panel,2025-02-25,0.4,mIU/L,Normal,2025-02-27T21:00:00
6445,3913,40,394,Complete Blood Count,2025-01-01,11.7,g/dL,Normal,2025-01-03T22:00:00
6446,3914,40,398,Lipid Panel,2025-11-14,262,mg/dL,Normal,2025-11-15T22:00:00
6447,3915,40,399,Lipid Panel,2025-02-27,154,mg/dL,Normal,2025-03-01T23:00:00
6448,3915,40,399,Basic Metabolic Panel,2025-05-16,75,mg/dL,Abnormal,2025-05-18T11:00:00
6449,3915,40,399,HbA1c,2025-01-19,5.4,%,Normal,2025-01-21T18:00:00
6450,3916,40,397,Thyroid Panel,2025-11-22,5.0,mIU/L,Critical,2025-11-24T12:00:00
6451,3917,40,395,Lipid Panel,2025-02-01,128,mg/dL,Normal,2025-02-03T05:00:00
6452,3917,40,392,HbA1c,2025-03-11,9.9,%,Normal,2025-03-12T04:00:00
6453,3918,40,394,Basic Metabolic Panel,2025-05-07,86,mg/dL,Abnormal,2025-05-09T09:00:00
6454,3918,40,397,Complete Blood Count,2025-07-01,14.5,g/dL,Normal,2025-07-03T01:00:00
6455,3919,40,396,Thyroid Panel,2025-11-04,5.8,mIU/L,Normal,2025-11-05T05:00:00
6456,3919,40,396,Basic Metabolic Panel,2025-04-20,120,mg/dL,Abnormal,2025-04-22T21:00:00
6457,3920,40,400,Thyroid Panel,2025-04-28,1.6,mIU/L,Normal,2025-04-28T13:00:00
6458,3921,40,400,Basic Metabolic Panel,2025-04-17,133,mg/dL,Normal,2025-04-18T12:00:00
6459,3922,40,395,Complete Blood Count,2025-10-28,8.4,g/dL,Normal,2025-10-29T01:00:00
6460,3923,40,399,Complete Blood Count,2026-01-31,10.8,g/dL,Abnormal,2026-02-01T05:00:00
6461,3923,40,394,Thyroid Panel,2025-05-02,0.7,mIU/L,Critical,2025-05-03T09:00:00
6462,3924,40,391,Lipid Panel,2025-07-02,255,mg/dL,Normal,2025-07-04T13:00:00
6463,3925,40,397,Basic Metabolic Panel,2025-11-13,66,mg/dL,Normal,2025-11-14T14:00:00
6464,3926,40,398,Basic Metabolic Panel,2025-09-06,67,mg/dL,Abnormal,2025-09-07T08:00:00
6465,3927,40,392,Complete Blood Count,2025-05-29,8.8,g/dL,Normal,2025-05-29T20:00:00
6466,3927,40,393,Basic Metabolic Panel,2025-12-02,104,mg/dL,Abnormal,2025-12-03T06:00:00
6467,3928,40,393,HbA1c,2025-05-31,6.7,%,Normal,2025-05-31T15:00:00
6468,3928,40,400,Lipid Panel,2025-07-27,202,mg/dL,Normal,2025-07-28T11:00:00
6469,3929,40,395,Lipid Panel,2026-01-31,240,mg/dL,Abnormal,2026-02-01T17:00:00
6470,3930,40,396,Complete Blood Count,2026-01-06,15.4,g/dL,Normal,2026-01-08T21:00:00
6471,3930,40,396,HbA1c,2025-04-25,7.5,%,Abnormal,2025-04-26T19:00:00
6472,3930,40,395,Thyroid Panel,2026-01-08,6.6,mIU/L,Abnormal,2026-01-09T10:00:00
6473,3931,40,396,Complete Blood Count,2025-06-19,9.5,g/dL,Abnormal,2025-06-22T00:00:00
6474,3931,40,399,HbA1c,2025-10-31,7.2,%,Normal,2025-11-02T18:00:00
6475,3932,40,398,HbA1c,2025-03-22,9.5,%,Normal,2025-03-24T18:00:00
6476,3933,40,393,Thyroid Panel,2025-12-18,2.4,mIU/L,Abnormal,2025-12-20T12:00:00
6477,3933,40,397,HbA1c,2025-04-18,10.2,%,Normal,2025-04-20T14:00:00
6478,3934,40,400,Thyroid Panel,2025-03-14,5.0,mIU/L,Abnormal,2025-03-14T15:00:00
6479,3935,40,396,HbA1c,2025-01-01,4.7,%,Normal,2025-01-01T15:00:00
6480,3935,40,392,HbA1c,2025-02-12,8.2,%,Normal,2025-02-15T00:00:00
6481,3936,40,400,HbA1c,2025-06-13,7.6,%,Abnormal,2025-06-14T02:00:00
6482,3937,40,392,Lipid Panel,2025-09-04,275,mg/dL,Abnormal,2025-09-05T12:00:00
6483,3937,40,396,Lipid Panel,2025-05-26,277,mg/dL,Normal,2025-05-27T14:00:00
6484,3938,40,397,Lipid Panel,2025-05-19,125,mg/dL,Normal,2025-05-19T15:00:00
6485,3939,40,397,Lipid Panel,2025-05-15,172,mg/dL,Normal,2025-05-17T20:00:00
6486,3940,40,400,Basic Metabolic Panel,2025-09-11,132,mg/dL,Normal,2025-09-12T00:00:00
6487,3941,40,397,HbA1c,2025-04-07,11.0,%,Normal,2025-04-09T06:00:00
6488,3941,40,399,Complete Blood Count,2025-12-31,10.6,g/dL,Normal,2026-01-02T03:00:00
6489,3942,40,397,Complete Blood Count,2025-04-14,16.9,g/dL,Abnormal,2025-04-16T17:00:00
6490,3943,40,391,Thyroid Panel,2025-05-30,6.6,mIU/L,Normal,2025-05-31T06:00:00
6491,3943,40,395,Lipid Panel,2025-12-01,227,mg/dL,Abnormal,2025-12-03T15:00:00
6492,3944,40,393,Complete Blood Count,2025-04-12,13.7,g/dL,Normal,2025-04-12T17:00:00
6493,3945,40,399,Complete Blood Count,2025-12-17,14.6,g/dL,Normal,2025-12-19T22:00:00
6494,3945,40,400,Lipid Panel,2025-09-06,226,mg/dL,Critical,2025-09-08T10:00:00
6495,3945,40,397,Basic Metabolic Panel,2025-08-26,123,mg/dL,Normal,2025-08-27T17:00:00
6496,3946,40,398,Basic Metabolic Panel,2025-07-02,104,mg/dL,Normal,2025-07-03T10:00:00
6497,3947,40,391,Lipid Panel,2025-09-16,184,mg/dL,Normal,2025-09-16T19:00:00
6498,3947,40,395,Lipid Panel,2026-01-31,211,mg/dL,Abnormal,2026-02-02T11:00:00
6499,3948,40,391,Lipid Panel,2025-11-16,217,mg/dL,Normal,2025-11-17T01:00:00
6500,3949,40,394,Complete Blood Count,2026-01-10,12.8,g/dL,Normal,2026-01-12T12:00:00
6501,3950,40,394,Complete Blood Count,2025-12-14,9.9,g/dL,Critical,2025-12-16T11:00:00
6502,3950,40,395,Thyroid Panel,2026-01-18,2.7,mIU/L,Normal,2026-01-20T14:00:00
6503,3951,40,397,HbA1c,2025-03-12,4.6,%,Abnormal,2025-03-14T15:00:00
6504,3952,40,398,HbA1c,2025-06-13,9.2,%,Critical,2025-06-15T04:00:00
6505,3953,40,395,HbA1c,2025-09-02,9.8,%,Normal,2025-09-03T15:00:00
6506,3953,40,397,HbA1c,2025-05-06,8.2,%,Critical,2025-05-08T11:00:00
6507,3954,40,398,Thyroid Panel,2025-01-28,3.8,mIU/L,Normal,2025-01-28T23:00:00
6508,3954,40,391,Basic Metabolic Panel,2025-06-17,137,mg/dL,Normal,2025-06-19T16:00:00
6509,3955,40,393,Complete Blood Count,2026-01-15,9.4,g/dL,Abnormal,2026-01-17T15:00:00
6510,3956,40,400,Lipid Panel,2025-08-25,236,mg/dL,Normal,2025-08-27T13:00:00
6511,3957,40,393,Thyroid Panel,2026-01-28,2.3,mIU/L,Normal,2026-01-29T23:00:00
6512,3958,40,400,HbA1c,2025-07-03,9.9,%,Normal,2025-07-06T00:00:00
6513,3959,40,396,Thyroid Panel,2026-01-19,4.8,mIU/L,Abnormal,2026-01-21T09:00:00
6514,3959,40,395,HbA1c,2025-07-21,9.9,%,Critical,2025-07-23T06:00:00
6515,3960,40,397,HbA1c,2025-03-15,9.5,%,Abnormal,2025-03-16T03:00:00
6516,3960,40,391,Complete Blood Count,2025-07-09,10.3,g/dL,Normal,2025-07-09T22:00:00
6517,3960,40,393,Thyroid Panel,2025-10-03,3.2,mIU/L,Normal,2025-10-04T11:00:00
6518,3961,40,391,Complete Blood Count,2025-08-29,12.5,g/dL,Normal,2025-08-31T12:00:00
6519,3962,40,391,Complete Blood Count,2025-06-04,16.0,g/dL,Normal,2025-06-05T12:00:00
6520,3962,40,391,Thyroid Panel,2025-04-27,5.5,mIU/L,Normal,2025-04-28T15:00:00
6521,3963,40,396,Complete Blood Count,2025-09-15,14.7,g/dL,Normal,2025-09-17T08:00:00
6522,3963,40,395,Complete Blood Count,2025-12-31,12.2,g/dL,Abnormal,2025-12-31T14:00:00
6523,3964,40,395,Basic Metabolic Panel,2025-12-11,70,mg/dL,Normal,2025-12-12T03:00:00
6524,3965,40,395,Complete Blood Count,2025-10-28,14.7,g/dL,Normal,2025-10-30T03:00:00
6525,3966,40,392,Basic Metabolic Panel,2025-06-29,99,mg/dL,Normal,2025-06-30T18:00:00
6526,3966,40,393,Basic Metabolic Panel,2025-05-28,109,mg/dL,Normal,2025-05-30T05:00:00
6527,3967,40,394,Lipid Panel,2026-01-22,263,mg/dL,Normal,2026-01-23T13:00:00
6528,3967,40,399,HbA1c,2025-07-01,10.5,%,Normal,2025-07-03T07:00:00
6529,3968,40,397,Thyroid Panel,2025-02-05,7.5,mIU/L,Normal,2025-02-06T10:00:00
6530,3968,40,398,Complete Blood Count,2025-07-06,14.2,g/dL,Normal,2025-07-08T17:00:00
6531,3968,40,397,Complete Blood Count,2025-08-01,15.7,g/dL,Critical,2025-08-02T23:00:00
6532,3969,40,391,Thyroid Panel,2026-01-18,2.1,mIU/L,Normal,2026-01-19T03:00:00
6533,3969,40,397,Complete Blood Count,2025-07-09,11.1,g/dL,Normal,2025-07-10T08:00:00
6534,3969,40,397,Complete Blood Count,2025-02-06,15.8,g/dL,Normal,2025-02-07T02:00:00
6535,3970,40,394,Lipid Panel,2025-05-14,153,mg/dL,Normal,2025-05-16T22:00:00
6536,3971,40,393,HbA1c,2025-07-26,7.1,%,Normal,2025-07-26T16:00:00
6537,3972,40,393,Basic Metabolic Panel,2025-08-19,137,mg/dL,Abnormal,2025-08-21T18:00:00
6538,3973,40,397,Thyroid Panel,2025-06-05,4.0,mIU/L,Normal,2025-06-06T21:00:00
6539,3974,40,399,Thyroid Panel,2026-01-14,7.9,mIU/L,Normal,2026-01-15T00:00:00
6540,3974,40,397,Lipid Panel,2025-06-27,134,mg/dL,Normal,2025-06-27T22:00:00
6541,3975,40,394,Basic Metabolic Panel,2025-04-04,138,mg/dL,Abnormal,2025-04-04T23:00:00
6542,3976,40,392,Basic Metabolic Panel,2025-03-10,97,mg/dL,Normal,2025-03-11T03:00:00
6543,3976,40,392,Lipid Panel,2025-05-25,243,mg/dL,Normal,2025-05-26T13:00:00
6544,3977,40,391,Complete Blood Count,2025-04-15,12.4,g/dL,Abnormal,2025-04-15T18:00:00
6545,3977,40,392,Thyroid Panel,2025-08-06,6.7,mIU/L,Normal,2025-08-07T03:00:00
6546,3978,40,391,Thyroid Panel,2025-06-27,3.1,mIU/L,Abnormal,2025-06-28T02:00:00
6547,3978,40,391,Basic Metabolic Panel,2025-03-30,84,mg/dL,Normal,2025-03-31T00:00:00
6548,3979,40,397,Basic Metabolic Panel,2025-11-25,91,mg/dL,Normal,2025-11-27T11:00:00
6549,3980,40,397,Thyroid Panel,2025-03-27,5.9,mIU/L,Normal,2025-03-29T13:00:00
6550,3981,40,392,Complete Blood Count,2025-01-05,15.2,g/dL,Critical,2025-01-07T17:00:00
6551,3982,40,393,Basic Metabolic Panel,2025-01-10,91,mg/dL,Abnormal,2025-01-11T01:00:00
6552,3983,40,399,Lipid Panel,2025-06-05,233,mg/dL,Normal,2025-06-07T19:00:00
6553,3984,40,396,Lipid Panel,2025-06-24,178,mg/dL,Normal,2025-06-26T17:00:00
6554,3985,40,399,Lipid Panel,2025-05-05,123,mg/dL,Critical,2025-05-07T17:00:00
6555,3986,40,397,Thyroid Panel,2025-12-08,2.8,mIU/L,Critical,2025-12-09T14:00:00
6556,3987,40,399,HbA1c,2025-11-29,5.8,%,Abnormal,2025-12-01T06:00:00
6557,3987,40,392,Complete Blood Count,2025-03-25,13.9,g/dL,Abnormal,2025-03-26T20:00:00
6558,3988,40,400,Complete Blood Count,2025-04-18,15.3,g/dL,Normal,2025-04-20T04:00:00
6559,3989,40,394,Basic Metabolic Panel,2025-09-03,103,mg/dL,Normal,2025-09-03T23:00:00
6560,3990,40,393,Basic Metabolic Panel,2025-10-25,106,mg/dL,Normal,2025-10-26T20:00:00
6561,3990,40,391,Lipid Panel,2025-12-17,171,mg/dL,Normal,2025-12-18T19:00:00
6562,3991,40,400,HbA1c,2025-01-16,10.9,%,Normal,2025-01-18T17:00:00
6563,3991,40,396,Lipid Panel,2025-11-21,208,mg/dL,Normal,2025-11-23T08:00:00
6564,3992,40,394,Lipid Panel,2026-01-14,184,mg/dL,Normal,2026-01-15T09:00:00
6565,3992,40,398,HbA1c,2025-02-20,7.2,%,Normal,2025-02-22T01:00:00
6566,3993,40,394,Complete Blood Count,2025-09-14,11.3,g/dL,Normal,2025-09-15T17:00:00
6567,3994,40,392,Lipid Panel,2025-06-18,221,mg/dL,Normal,2025-06-18T21:00:00
6568,3995,40,395,Thyroid Panel,2025-09-14,4.9,mIU/L,Normal,2025-09-15T10:00:00
6569,3995,40,400,Thyroid Panel,2025-09-15,2.1,mIU/L,Normal,2025-09-17T21:00:00
6570,3995,40,391,Complete Blood Count,2025-05-22,11.0,g/dL,Normal,2025-05-24T01:00:00
6571,3996,40,395,Thyroid Panel,2025-07-24,1.0,mIU/L,Normal,2025-07-26T10:00:00
6572,3997,40,398,Basic Metabolic Panel,2025-03-12,109,mg/dL,Abnormal,2025-03-13T20:00:00
6573,3997,40,393,Lipid Panel,2025-02-25,219,mg/dL,Normal,2025-02-27T17:00:00
6574,3997,40,396,HbA1c,2025-10-16,9.1,%,Abnormal,2025-10-18T06:00:00
6575,3998,40,393,Thyroid Panel,2025-05-15,2.6,mIU/L,Abnormal,2025-05-17T01:00:00
6576,3998,40,394,HbA1c,2025-06-13,9.3,%,Normal,2025-06-14T17:00:00
6577,3998,40,397,Basic Metabolic Panel,2026-01-05,74,mg/dL,Normal,2026-01-07T20:00:00
6578,3999,40,397,HbA1c,2025-01-09,8.6,%,Abnormal,2025-01-11T13:00:00
6579,3999,40,391,Thyroid Panel,2025-12-24,6.9,mIU/L,Normal,2025-12-25T11:00:00
6580,4000,40,398,Thyroid Panel,2025-04-17,1.7,mIU/L,Normal,2025-04-19T00:00:00
6581,4000,40,396,Thyroid Panel,2025-07-16,6.1,mIU/L,Normal,2025-07-18T15:00:00
6582,4001,41,405,Complete Blood Count,2025-08-24,9.4,g/dL,Normal,2025-08-24T13:00:00
6583,4002,41,406,Lipid Panel,2025-01-18,224,mg/dL,Normal,2025-01-20T09:00:00
6584,4003,41,408,Lipid Panel,2025-12-09,120,mg/dL,Normal,2025-12-09T20:00:00
6585,4003,41,404,Lipid Panel,2025-10-09,260,mg/dL,Critical,2025-10-09T18:00:00
6586,4004,41,410,Thyroid Panel,2025-09-02,3.6,mIU/L,Critical,2025-09-03T15:00:00
6587,4005,41,401,Lipid Panel,2025-04-25,233,mg/dL,Abnormal,2025-04-26T06:00:00
6588,4006,41,407,HbA1c,2025-01-01,7.2,%,Normal,2025-01-02T17:00:00
6589,4006,41,410,Complete Blood Count,2025-12-04,11.1,g/dL,Normal,2025-12-06T18:00:00
6590,4007,41,404,Thyroid Panel,2025-09-02,3.4,mIU/L,Normal,2025-09-02T14:00:00
6591,4007,41,407,Basic Metabolic Panel,2025-11-04,90,mg/dL,Normal,2025-11-05T03:00:00
6592,4008,41,410,Complete Blood Count,2026-01-16,13.3,g/dL,Normal,2026-01-17T09:00:00
6593,4009,41,409,Thyroid Panel,2025-05-04,4.1,mIU/L,Normal,2025-05-06T09:00:00
6594,4010,41,409,Thyroid Panel,2025-03-05,3.6,mIU/L,Abnormal,2025-03-05T15:00:00
6595,4010,41,406,Lipid Panel,2025-03-11,144,mg/dL,Abnormal,2025-03-13T01:00:00
6596,4011,41,407,Lipid Panel,2025-05-20,200,mg/dL,Abnormal,2025-05-21T19:00:00
6597,4012,41,401,Thyroid Panel,2025-01-27,2.8,mIU/L,Normal,2025-01-28T07:00:00
6598,4012,41,402,HbA1c,2025-06-11,7.0,%,Abnormal,2025-06-13T02:00:00
6599,4012,41,401,Complete Blood Count,2025-10-24,8.2,g/dL,Normal,2025-10-26T06:00:00
6600,4013,41,401,Basic Metabolic Panel,2025-09-23,91,mg/dL,Critical,2025-09-24T20:00:00
6601,4013,41,405,Basic Metabolic Panel,2026-01-24,121,mg/dL,Normal,2026-01-26T09:00:00
6602,4013,41,405,Basic Metabolic Panel,2025-05-05,101,mg/dL,Normal,2025-05-07T18:00:00
6603,4014,41,410,Complete Blood Count,2025-05-22,13.0,g/dL,Normal,2025-05-22T18:00:00
6604,4014,41,410,Thyroid Panel,2025-10-22,2.7,mIU/L,Normal,2025-10-23T12:00:00
6605,4015,41,403,Complete Blood Count,2025-01-07,9.8,g/dL,Normal,2025-01-08T10:00:00
6606,4015,41,409,HbA1c,2025-12-30,8.8,%,Normal,2025-12-30T23:00:00
6607,4016,41,402,Thyroid Panel,2025-04-11,5.4,mIU/L,Normal,2025-04-13T12:00:00
6608,4017,41,401,Thyroid Panel,2025-12-05,2.6,mIU/L,Normal,2025-12-07T00:00:00
6609,4018,41,406,Thyroid Panel,2025-11-16,3.8,mIU/L,Abnormal,2025-11-18T11:00:00
6610,4018,41,401,Lipid Panel,2025-05-07,155,mg/dL,Normal,2025-05-08T23:00:00
6611,4019,41,407,Basic Metabolic Panel,2025-08-09,114,mg/dL,Critical,2025-08-09T14:00:00
6612,4020,41,403,Thyroid Panel,2025-06-13,4.7,mIU/L,Critical,2025-06-15T21:00:00
6613,4021,41,404,HbA1c,2025-04-19,4.6,%,Normal,2025-04-21T00:00:00
6614,4022,41,409,Lipid Panel,2025-08-25,256,mg/dL,Normal,2025-08-26T06:00:00
6615,4022,41,404,Complete Blood Count,2025-09-19,12.8,g/dL,Normal,2025-09-20T00:00:00
6616,4022,41,403,Thyroid Panel,2025-11-21,5.4,mIU/L,Abnormal,2025-11-23T03:00:00
6617,4023,41,401,Lipid Panel,2026-01-21,218,mg/dL,Normal,2026-01-22T12:00:00
6618,4023,41,403,Complete Blood Count,2025-06-28,12.2,g/dL,Normal,2025-06-30T23:00:00
6619,4024,41,406,Complete Blood Count,2025-02-23,10.0,g/dL,Abnormal,2025-02-23T16:00:00
6620,4025,41,401,HbA1c,2025-08-18,7.3,%,Abnormal,2025-08-19T13:00:00
6621,4025,41,408,Complete Blood Count,2025-12-27,13.3,g/dL,Abnormal,2025-12-29T14:00:00
6622,4026,41,409,Thyroid Panel,2025-01-18,1.3,mIU/L,Normal,2025-01-20T19:00:00
6623,4026,41,403,Thyroid Panel,2025-08-16,7.8,mIU/L,Abnormal,2025-08-17T08:00:00
6624,4027,41,406,Thyroid Panel,2025-04-06,5.1,mIU/L,Normal,2025-04-07T03:00:00
6625,4028,41,407,Complete Blood Count,2025-09-08,11.4,g/dL,Normal,2025-09-09T21:00:00
6626,4029,41,403,HbA1c,2025-08-30,9.4,%,Critical,2025-09-01T06:00:00
6627,4029,41,407,HbA1c,2025-08-27,6.7,%,Normal,2025-08-27T16:00:00
6628,4030,41,410,Basic Metabolic Panel,2025-05-13,126,mg/dL,Normal,2025-05-15T08:00:00
6629,4031,41,405,HbA1c,2025-07-02,6.0,%,Normal,2025-07-04T12:00:00
6630,4031,41,408,HbA1c,2025-06-02,10.8,%,Abnormal,2025-06-04T07:00:00
6631,4032,41,409,Lipid Panel,2025-03-13,202,mg/dL,Normal,2025-03-15T10:00:00
6632,4032,41,410,Thyroid Panel,2025-12-29,7.7,mIU/L,Abnormal,2025-12-29T19:00:00
6633,4033,41,402,Complete Blood Count,2025-06-11,15.4,g/dL,Normal,2025-06-13T11:00:00
6634,4034,41,404,Thyroid Panel,2025-02-08,7.0,mIU/L,Normal,2025-02-09T08:00:00
6635,4034,41,405,Basic Metabolic Panel,2025-01-19,128,mg/dL,Normal,2025-01-21T05:00:00
6636,4034,41,407,Thyroid Panel,2025-11-08,0.4,mIU/L,Normal,2025-11-09T22:00:00
6637,4035,41,402,Thyroid Panel,2025-08-11,2.0,mIU/L,Abnormal,2025-08-12T08:00:00
6638,4035,41,403,Basic Metabolic Panel,2025-09-18,105,mg/dL,Normal,2025-09-21T00:00:00
6639,4036,41,405,HbA1c,2025-12-19,6.9,%,Abnormal,2025-12-20T03:00:00
6640,4037,41,410,Lipid Panel,2025-06-03,182,mg/dL,Critical,2025-06-05T03:00:00
6641,4037,41,406,Lipid Panel,2026-01-29,191,mg/dL,Normal,2026-01-30T08:00:00
6642,4038,41,406,HbA1c,2025-09-29,9.2,%,Critical,2025-10-02T00:00:00
6643,4039,41,404,Thyroid Panel,2025-11-24,4.5,mIU/L,Abnormal,2025-11-25T00:00:00
6644,4040,41,403,Basic Metabolic Panel,2025-07-13,76,mg/dL,Normal,2025-07-13T19:00:00
6645,4040,41,407,Lipid Panel,2025-11-20,250,mg/dL,Normal,2025-11-21T12:00:00
6646,4040,41,408,HbA1c,2026-01-06,7.6,%,Normal,2026-01-08T15:00:00
6647,4041,41,404,Basic Metabolic Panel,2025-04-18,68,mg/dL,Normal,2025-04-20T07:00:00
6648,4041,41,405,Basic Metabolic Panel,2026-01-23,136,mg/dL,Abnormal,2026-01-24T16:00:00
6649,4041,41,403,Basic Metabolic Panel,2025-02-19,132,mg/dL,Critical,2025-02-21T00:00:00
6650,4042,41,402,Thyroid Panel,2026-01-06,1.5,mIU/L,Critical,2026-01-08T00:00:00
6651,4043,41,403,Lipid Panel,2025-09-19,155,mg/dL,Normal,2025-09-21T12:00:00
6652,4044,41,407,Lipid Panel,2025-05-04,209,mg/dL,Normal,2025-05-06T07:00:00
6653,4044,41,402,Thyroid Panel,2025-06-24,3.1,mIU/L,Normal,2025-06-25T11:00:00
6654,4044,41,409,Thyroid Panel,2025-10-03,1.6,mIU/L,Normal,2025-10-05T21:00:00
6655,4045,41,404,Complete Blood Count,2025-01-02,10.4,g/dL,Abnormal,2025-01-02T15:00:00
6656,4045,41,406,Basic Metabolic Panel,2025-01-15,93,mg/dL,Abnormal,2025-01-16T00:00:00
6657,4045,41,403,Thyroid Panel,2025-09-01,1.5,mIU/L,Normal,2025-09-02T00:00:00
6658,4046,41,410,Complete Blood Count,2025-08-17,10.8,g/dL,Abnormal,2025-08-19T01:00:00
6659,4047,41,407,HbA1c,2025-08-07,7.4,%,Abnormal,2025-08-09T17:00:00
6660,4047,41,410,Basic Metabolic Panel,2025-02-17,82,mg/dL,Normal,2025-02-18T00:00:00
6661,4048,41,406,Complete Blood Count,2025-03-30,12.7,g/dL,Normal,2025-04-01T18:00:00
6662,4048,41,409,HbA1c,2025-11-17,7.0,%,Normal,2025-11-18T01:00:00
6663,4049,41,409,Thyroid Panel,2025-01-11,1.6,mIU/L,Normal,2025-01-13T00:00:00
6664,4050,41,408,Lipid Panel,2025-11-03,253,mg/dL,Normal,2025-11-05T14:00:00
6665,4051,41,408,Lipid Panel,2025-04-18,220,mg/dL,Normal,2025-04-18T16:00:00
6666,4052,41,409,HbA1c,2025-02-22,7.0,%,Normal,2025-02-23T18:00:00
6667,4053,41,403,Thyroid Panel,2025-05-01,6.2,mIU/L,Normal,2025-05-04T00:00:00
6668,4054,41,405,Thyroid Panel,2025-05-26,0.7,mIU/L,Abnormal,2025-05-28T14:00:00
6669,4054,41,408,HbA1c,2025-11-20,8.2,%,Normal,2025-11-20T17:00:00
6670,4054,41,404,HbA1c,2025-12-29,10.0,%,Abnormal,2025-12-30T02:00:00
6671,4055,41,404,Complete Blood Count,2025-12-20,8.5,g/dL,Normal,2025-12-20T18:00:00
6672,4055,41,404,Basic Metabolic Panel,2025-04-02,120,mg/dL,Critical,2025-04-04T12:00:00
6673,4056,41,406,HbA1c,2025-05-29,6.5,%,Normal,2025-05-31T12:00:00
6674,4056,41,406,Basic Metabolic Panel,2025-03-19,113,mg/dL,Abnormal,2025-03-19T22:00:00
6675,4057,41,402,Complete Blood Count,2025-09-27,12.6,g/dL,Normal,2025-09-28T15:00:00
6676,4058,41,407,Complete Blood Count,2025-01-31,14.7,g/dL,Abnormal,2025-01-31T23:00:00
6677,4059,41,405,Basic Metabolic Panel,2025-01-10,140,mg/dL,Normal,2025-01-12T04:00:00
6678,4059,41,405,Thyroid Panel,2025-04-13,5.4,mIU/L,Abnormal,2025-04-14T20:00:00
6679,4059,41,410,Complete Blood Count,2026-01-04,16.2,g/dL,Abnormal,2026-01-05T12:00:00
6680,4060,41,405,HbA1c,2025-01-13,5.0,%,Normal,2025-01-14T14:00:00
6681,4061,41,409,HbA1c,2025-08-29,6.6,%,Critical,2025-08-31T19:00:00
6682,4062,41,403,Complete Blood Count,2025-01-29,11.9,g/dL,Normal,2025-01-31T19:00:00
6683,4062,41,405,Lipid Panel,2026-02-01,174,mg/dL,Normal,2026-02-02T21:00:00
6684,4063,41,405,Complete Blood Count,2025-02-04,12.1,g/dL,Critical,2025-02-06T05:00:00
6685,4064,41,403,Thyroid Panel,2025-01-13,4.3,mIU/L,Normal,2025-01-13T22:00:00
6686,4064,41,401,HbA1c,2026-01-19,8.7,%,Abnormal,2026-01-19T13:00:00
6687,4065,41,402,HbA1c,2025-04-30,8.0,%,Normal,2025-05-02T23:00:00
6688,4066,41,402,Basic Metabolic Panel,2025-05-11,75,mg/dL,Normal,2025-05-12T17:00:00
6689,4067,41,405,Complete Blood Count,2025-10-10,9.5,g/dL,Normal,2025-10-12T08:00:00
6690,4068,41,410,Lipid Panel,2025-01-03,160,mg/dL,Abnormal,2025-01-05T16:00:00
6691,4068,41,409,Thyroid Panel,2025-12-01,0.9,mIU/L,Normal,2025-12-01T23:00:00
6692,4069,41,406,Lipid Panel,2025-08-14,148,mg/dL,Normal,2025-08-16T19:00:00
6693,4069,41,401,Complete Blood Count,2025-03-22,16.7,g/dL,Normal,2025-03-23T14:00:00
6694,4070,41,401,HbA1c,2025-09-02,9.4,%,Normal,2025-09-04T11:00:00
6695,4071,41,405,Thyroid Panel,2025-11-04,0.8,mIU/L,Normal,2025-11-05T06:00:00
6696,4071,41,404,Lipid Panel,2025-01-24,213,mg/dL,Abnormal,2025-01-26T11:00:00
6697,4072,41,410,Basic Metabolic Panel,2025-05-03,84,mg/dL,Normal,2025-05-04T23:00:00
6698,4073,41,405,Complete Blood Count,2025-12-14,14.8,g/dL,Normal,2025-12-16T17:00:00
6699,4073,41,407,HbA1c,2025-11-02,6.2,%,Normal,2025-11-04T01:00:00
6700,4073,41,403,Thyroid Panel,2026-01-13,6.1,mIU/L,Normal,2026-01-14T21:00:00
6701,4074,41,401,Thyroid Panel,2025-05-11,3.5,mIU/L,Normal,2025-05-13T16:00:00
6702,4075,41,404,Lipid Panel,2025-11-29,271,mg/dL,Normal,2025-11-29T14:00:00
6703,4075,41,401,HbA1c,2026-01-22,10.8,%,Normal,2026-01-24T17:00:00
6704,4076,41,408,Complete Blood Count,2025-01-15,11.0,g/dL,Normal,2025-01-17T17:00:00
6705,4076,41,409,Lipid Panel,2025-08-27,174,mg/dL,Normal,2025-08-28T19:00:00
6706,4077,41,401,Basic Metabolic Panel,2025-05-28,97,mg/dL,Normal,2025-05-29T04:00:00
6707,4078,41,410,Complete Blood Count,2025-08-30,14.2,g/dL,Normal,2025-08-30T19:00:00
6708,4078,41,405,Complete Blood Count,2025-12-30,8.3,g/dL,Normal,2025-12-31T04:00:00
6709,4079,41,409,HbA1c,2025-09-29,10.4,%,Normal,2025-09-30T13:00:00
6710,4079,41,408,Lipid Panel,2025-05-31,242,mg/dL,Normal,2025-06-02T13:00:00
6711,4080,41,407,Complete Blood Count,2025-04-23,12.0,g/dL,Normal,2025-04-24T13:00:00
6712,4081,41,405,Basic Metabolic Panel,2025-02-23,98,mg/dL,Normal,2025-02-23T21:00:00
6713,4082,41,401,Lipid Panel,2025-09-22,231,mg/dL,Normal,2025-09-24T02:00:00
6714,4083,41,406,Lipid Panel,2025-12-14,256,mg/dL,Normal,2025-12-17T00:00:00
6715,4083,41,405,Complete Blood Count,2025-10-25,10.8,g/dL,Abnormal,2025-10-26T03:00:00
6716,4084,41,401,Lipid Panel,2025-11-08,221,mg/dL,Abnormal,2025-11-10T13:00:00
6717,4085,41,408,HbA1c,2025-08-09,5.4,%,Normal,2025-08-10T14:00:00
6718,4086,41,401,Lipid Panel,2025-08-07,145,mg/dL,Normal,2025-08-08T00:00:00
6719,4086,41,409,Complete Blood Count,2025-03-18,12.1,g/dL,Abnormal,2025-03-19T04:00:00
6720,4086,41,409,Complete Blood Count,2025-05-05,10.2,g/dL,Normal,2025-05-06T19:00:00
6721,4087,41,410,Thyroid Panel,2025-11-10,2.1,mIU/L,Normal,2025-11-11T02:00:00
6722,4088,41,406,Lipid Panel,2025-07-07,273,mg/dL,Abnormal,2025-07-07T20:00:00
6723,4088,41,407,Complete Blood Count,2025-10-03,12.7,g/dL,Normal,2025-10-04T10:00:00
6724,4088,41,410,Thyroid Panel,2025-05-02,6.7,mIU/L,Abnormal,2025-05-03T06:00:00
6725,4089,41,402,HbA1c,2025-11-05,8.5,%,Abnormal,2025-11-06T19:00:00
6726,4090,41,406,HbA1c,2025-04-14,9.2,%,Abnormal,2025-04-16T07:00:00
6727,4091,41,408,Complete Blood Count,2025-10-29,10.5,g/dL,Normal,2025-11-01T00:00:00
6728,4092,41,407,Basic Metabolic Panel,2025-02-04,133,mg/dL,Normal,2025-02-06T02:00:00
6729,4092,41,407,HbA1c,2025-08-19,8.2,%,Normal,2025-08-20T02:00:00
6730,4093,41,401,Lipid Panel,2025-01-11,184,mg/dL,Normal,2025-01-12T09:00:00
6731,4094,41,407,Thyroid Panel,2026-01-09,7.3,mIU/L,Normal,2026-01-11T01:00:00
6732,4094,41,401,Thyroid Panel,2025-01-11,7.0,mIU/L,Abnormal,2025-01-12T06:00:00
6733,4094,41,408,HbA1c,2025-11-24,7.3,%,Abnormal,2025-11-25T05:00:00
6734,4095,41,403,Complete Blood Count,2025-09-15,16.1,g/dL,Abnormal,2025-09-17T06:00:00
6735,4096,41,408,Complete Blood Count,2025-08-06,14.1,g/dL,Critical,2025-08-09T00:00:00
6736,4097,41,407,HbA1c,2025-04-03,7.8,%,Normal,2025-04-04T02:00:00
6737,4097,41,405,Complete Blood Count,2025-05-16,9.1,g/dL,Abnormal,2025-05-17T22:00:00
6738,4098,41,409,Basic Metabolic Panel,2025-02-26,122,mg/dL,Normal,2025-03-01T00:00:00
6739,4099,41,408,Lipid Panel,2025-02-04,260,mg/dL,Critical,2025-02-05T23:00:00
6740,4100,41,410,Complete Blood Count,2025-09-09,9.5,g/dL,Normal,2025-09-11T12:00:00
6741,4100,41,409,Thyroid Panel,2025-11-29,3.1,mIU/L,Normal,2025-11-29T22:00:00
6742,4101,42,420,Complete Blood Count,2025-07-27,13.6,g/dL,Normal,2025-07-27T13:00:00
6743,4101,42,415,Complete Blood Count,2025-06-28,14.5,g/dL,Critical,2025-06-30T07:00:00
6744,4101,42,416,HbA1c,2026-01-01,5.8,%,Normal,2026-01-02T02:00:00
6745,4102,42,414,Basic Metabolic Panel,2025-04-15,118,mg/dL,Normal,2025-04-15T19:00:00
6746,4102,42,416,Thyroid Panel,2025-09-10,3.4,mIU/L,Normal,2025-09-10T13:00:00
6747,4103,42,420,HbA1c,2025-12-30,6.2,%,Abnormal,2026-01-01T23:00:00
6748,4104,42,415,Complete Blood Count,2026-01-18,8.0,g/dL,Normal,2026-01-20T10:00:00
6749,4105,42,416,Basic Metabolic Panel,2025-03-18,70,mg/dL,Abnormal,2025-03-19T03:00:00
6750,4105,42,412,Complete Blood Count,2025-06-09,14.5,g/dL,Normal,2025-06-11T13:00:00
6751,4106,42,420,Basic Metabolic Panel,2025-10-27,85,mg/dL,Normal,2025-10-28T14:00:00
6752,4106,42,413,Lipid Panel,2025-09-15,263,mg/dL,Abnormal,2025-09-17T06:00:00
6753,4107,42,415,Lipid Panel,2025-04-16,236,mg/dL,Normal,2025-04-18T11:00:00
6754,4107,42,420,Basic Metabolic Panel,2026-01-15,138,mg/dL,Normal,2026-01-17T02:00:00
6755,4108,42,412,Thyroid Panel,2025-04-10,4.0,mIU/L,Normal,2025-04-12T15:00:00
6756,4108,42,416,HbA1c,2025-07-07,7.4,%,Abnormal,2025-07-08T20:00:00
6757,4108,42,418,Thyroid Panel,2025-12-08,5.7,mIU/L,Normal,2025-12-10T10:00:00
6758,4109,42,412,Complete Blood Count,2025-06-15,15.6,g/dL,Critical,2025-06-16T00:00:00
6759,4109,42,413,HbA1c,2025-10-30,8.7,%,Abnormal,2025-10-30T15:00:00
6760,4110,42,418,Basic Metabolic Panel,2025-10-13,80,mg/dL,Normal,2025-10-14T08:00:00
6761,4110,42,417,Complete Blood Count,2025-02-24,14.9,g/dL,Normal,2025-02-25T18:00:00
6762,4111,42,411,HbA1c,2025-03-22,4.9,%,Normal,2025-03-23T10:00:00
6763,4112,42,411,HbA1c,2025-02-20,5.3,%,Normal,2025-02-21T14:00:00
6764,4112,42,418,Basic Metabolic Panel,2025-03-17,110,mg/dL,Abnormal,2025-03-18T18:00:00
6765,4113,42,412,Lipid Panel,2025-10-22,234,mg/dL,Abnormal,2025-10-24T09:00:00
6766,4114,42,418,Basic Metabolic Panel,2026-01-15,92,mg/dL,Normal,2026-01-16T08:00:00
6767,4115,42,415,Lipid Panel,2025-03-22,237,mg/dL,Abnormal,2025-03-24T00:00:00
6768,4115,42,411,HbA1c,2025-10-08,5.9,%,Normal,2025-10-10T04:00:00
6769,4115,42,417,Basic Metabolic Panel,2025-03-11,115,mg/dL,Abnormal,2025-03-13T23:00:00
6770,4116,42,418,Complete Blood Count,2025-06-28,9.3,g/dL,Normal,2025-06-29T07:00:00
6771,4116,42,412,Basic Metabolic Panel,2025-10-22,94,mg/dL,Normal,2025-10-22T16:00:00
6772,4117,42,417,HbA1c,2025-03-06,10.3,%,Normal,2025-03-07T09:00:00
6773,4118,42,417,Basic Metabolic Panel,2025-03-22,130,mg/dL,Normal,2025-03-24T05:00:00
6774,4118,42,414,Basic Metabolic Panel,2025-07-20,67,mg/dL,Abnormal,2025-07-22T08:00:00
6775,4119,42,416,Complete Blood Count,2025-04-05,14.0,g/dL,Abnormal,2025-04-06T13:00:00
6776,4120,42,411,Thyroid Panel,2025-08-30,7.0,mIU/L,Normal,2025-08-31T02:00:00
6777,4121,42,411,Basic Metabolic Panel,2025-08-13,114,mg/dL,Normal,2025-08-14T15:00:00
6778,4122,42,411,HbA1c,2025-11-22,6.0,%,Normal,2025-11-22T23:00:00
6779,4123,42,412,Basic Metabolic Panel,2025-05-23,137,mg/dL,Normal,2025-05-24T02:00:00
6780,4123,42,413,Thyroid Panel,2025-02-07,6.0,mIU/L,Normal,2025-02-08T17:00:00
6781,4124,42,419,Complete Blood Count,2025-09-23,10.2,g/dL,Critical,2025-09-23T14:00:00
6782,4125,42,413,Complete Blood Count,2025-08-16,10.0,g/dL,Normal,2025-08-18T18:00:00
6783,4126,42,419,Basic Metabolic Panel,2025-07-02,102,mg/dL,Abnormal,2025-07-03T09:00:00
6784,4126,42,413,Basic Metabolic Panel,2025-06-11,79,mg/dL,Normal,2025-06-11T19:00:00
6785,4126,42,411,HbA1c,2025-09-12,8.8,%,Normal,2025-09-12T12:00:00
6786,4127,42,420,HbA1c,2025-07-24,4.7,%,Normal,2025-07-25T22:00:00
6787,4127,42,415,HbA1c,2026-01-31,5.1,%,Normal,2026-02-01T00:00:00
6788,4127,42,420,Thyroid Panel,2025-12-24,6.7,mIU/L,Normal,2025-12-25T22:00:00
6789,4128,42,416,Thyroid Panel,2025-03-19,3.4,mIU/L,Normal,2025-03-21T19:00:00
6790,4128,42,416,Basic Metabolic Panel,2025-01-18,68,mg/dL,Normal,2025-01-19T12:00:00
6791,4129,42,416,Complete Blood Count,2025-09-05,11.3,g/dL,Abnormal,2025-09-07T15:00:00
6792,4130,42,418,HbA1c,2025-10-27,5.0,%,Normal,2025-10-28T00:00:00
6793,4130,42,419,HbA1c,2025-04-22,8.3,%,Abnormal,2025-04-22T16:00:00
6794,4131,42,414,HbA1c,2025-05-09,9.5,%,Abnormal,2025-05-11T15:00:00
6795,4132,42,411,Complete Blood Count,2025-09-10,13.6,g/dL,Normal,2025-09-11T15:00:00
6796,4132,42,412,Lipid Panel,2025-08-02,188,mg/dL,Normal,2025-08-04T12:00:00
6797,4133,42,417,Complete Blood Count,2025-12-25,10.9,g/dL,Abnormal,2025-12-27T15:00:00
6798,4134,42,414,Lipid Panel,2025-03-07,156,mg/dL,Normal,2025-03-09T18:00:00
6799,4134,42,415,Basic Metabolic Panel,2026-01-15,70,mg/dL,Normal,2026-01-17T07:00:00
6800,4135,42,411,Complete Blood Count,2025-12-20,10.4,g/dL,Normal,2025-12-20T18:00:00
6801,4135,42,418,Complete Blood Count,2025-10-02,13.5,g/dL,Normal,2025-10-03T05:00:00
6802,4135,42,419,Thyroid Panel,2025-12-04,7.1,mIU/L,Normal,2025-12-05T04:00:00
6803,4136,42,415,Thyroid Panel,2025-11-28,5.4,mIU/L,Abnormal,2025-11-30T10:00:00
6804,4136,42,412,Lipid Panel,2025-09-21,222,mg/dL,Normal,2025-09-21T19:00:00
6805,4137,42,414,Complete Blood Count,2025-09-24,14.6,g/dL,Normal,2025-09-26T18:00:00
6806,4137,42,419,Thyroid Panel,2025-11-08,6.5,mIU/L,Normal,2025-11-10T19:00:00
6807,4137,42,419,Complete Blood Count,2025-05-18,12.9,g/dL,Normal,2025-05-18T13:00:00
6808,4138,42,411,HbA1c,2025-10-11,11.0,%,Abnormal,2025-10-13T17:00:00
6809,4139,42,411,HbA1c,2025-12-30,6.9,%,Normal,2025-12-31T02:00:00
6810,4139,42,419,Basic Metabolic Panel,2025-10-30,140,mg/dL,Normal,2025-10-30T14:00:00
6811,4140,42,414,Complete Blood Count,2025-12-26,8.9,g/dL,Normal,2025-12-27T14:00:00
6812,4140,42,417,Complete Blood Count,2025-11-22,16.0,g/dL,Normal,2025-11-22T16:00:00
6813,4140,42,415,Basic Metabolic Panel,2025-08-05,122,mg/dL,Normal,2025-08-07T13:00:00
6814,4141,42,413,HbA1c,2025-04-08,8.2,%,Abnormal,2025-04-09T13:00:00
6815,4141,42,411,Basic Metabolic Panel,2025-11-15,99,mg/dL,Abnormal,2025-11-16T20:00:00
6816,4142,42,415,Thyroid Panel,2026-01-06,7.2,mIU/L,Normal,2026-01-07T08:00:00
6817,4142,42,413,Basic Metabolic Panel,2025-10-24,65,mg/dL,Normal,2025-10-24T21:00:00
6818,4143,42,415,Basic Metabolic Panel,2025-08-02,112,mg/dL,Normal,2025-08-04T07:00:00
6819,4144,42,412,Basic Metabolic Panel,2025-07-01,115,mg/dL,Abnormal,2025-07-02T19:00:00
6820,4144,42,419,Complete Blood Count,2025-05-27,9.9,g/dL,Normal,2025-05-29T00:00:00
6821,4145,42,415,Lipid Panel,2025-10-19,248,mg/dL,Abnormal,2025-10-21T07:00:00
6822,4145,42,415,Complete Blood Count,2025-06-30,11.6,g/dL,Normal,2025-06-30T14:00:00
6823,4146,42,420,HbA1c,2025-03-08,5.7,%,Normal,2025-03-10T13:00:00
6824,4147,42,418,Lipid Panel,2026-01-08,189,mg/dL,Abnormal,2026-01-09T23:00:00
6825,4148,42,412,Lipid Panel,2025-02-20,225,mg/dL,Normal,2025-02-22T21:00:00
6826,4149,42,416,HbA1c,2025-06-14,7.7,%,Normal,2025-06-15T22:00:00
6827,4149,42,419,Complete Blood Count,2025-09-16,14.2,g/dL,Normal,2025-09-17T00:00:00
6828,4149,42,415,Complete Blood Count,2025-07-08,12.7,g/dL,Normal,2025-07-09T05:00:00
6829,4150,42,413,Basic Metabolic Panel,2025-09-29,130,mg/dL,Normal,2025-09-30T10:00:00
6830,4150,42,419,Complete Blood Count,2025-01-08,13.3,g/dL,Normal,2025-01-09T15:00:00
6831,4150,42,416,Basic Metabolic Panel,2025-04-02,90,mg/dL,Normal,2025-04-03T11:00:00
6832,4151,42,413,Basic Metabolic Panel,2025-12-19,120,mg/dL,Normal,2025-12-19T22:00:00
6833,4151,42,417,Thyroid Panel,2025-03-31,2.1,mIU/L,Normal,2025-04-01T18:00:00
6834,4152,42,412,Thyroid Panel,2026-01-14,1.9,mIU/L,Abnormal,2026-01-16T02:00:00
6835,4152,42,416,HbA1c,2025-08-29,8.6,%,Normal,2025-08-31T17:00:00
6836,4152,42,411,Lipid Panel,2025-09-21,154,mg/dL,Normal,2025-09-21T13:00:00
6837,4153,42,412,Complete Blood Count,2025-10-16,11.8,g/dL,Normal,2025-10-17T06:00:00
6838,4154,42,413,Basic Metabolic Panel,2025-05-27,138,mg/dL,Normal,2025-05-28T05:00:00
6839,4154,42,416,Lipid Panel,2025-02-18,191,mg/dL,Abnormal,2025-02-20T20:00:00
6840,4154,42,415,Lipid Panel,2025-02-07,279,mg/dL,Abnormal,2025-02-07T13:00:00
6841,4155,42,414,Complete Blood Count,2025-08-09,15.4,g/dL,Normal,2025-08-11T17:00:00
6842,4156,42,418,Thyroid Panel,2025-08-06,5.2,mIU/L,Normal,2025-08-07T15:00:00
6843,4157,42,415,Basic Metabolic Panel,2025-11-27,126,mg/dL,Normal,2025-11-29T04:00:00
6844,4157,42,411,Complete Blood Count,2025-02-01,8.7,g/dL,Normal,2025-02-02T06:00:00
6845,4157,42,414,Thyroid Panel,2026-01-15,2.2,mIU/L,Abnormal,2026-01-16T17:00:00
6846,4158,42,411,Complete Blood Count,2025-08-17,13.8,g/dL,Abnormal,2025-08-18T18:00:00
6847,4159,42,416,Lipid Panel,2026-01-18,168,mg/dL,Normal,2026-01-20T23:00:00
6848,4159,42,413,HbA1c,2025-04-26,5.9,%,Normal,2025-04-29T00:00:00
6849,4160,42,413,HbA1c,2025-09-10,10.3,%,Normal,2025-09-11T18:00:00
6850,4161,42,418,HbA1c,2025-12-12,6.9,%,Normal,2025-12-13T09:00:00
6851,4162,42,419,Thyroid Panel,2025-04-06,7.1,mIU/L,Normal,2025-04-06T17:00:00
6852,4162,42,415,Thyroid Panel,2025-01-18,2.7,mIU/L,Abnormal,2025-01-19T02:00:00
6853,4162,42,414,Thyroid Panel,2025-07-22,2.1,mIU/L,Abnormal,2025-07-24T09:00:00
6854,4163,42,419,HbA1c,2025-01-09,5.6,%,Abnormal,2025-01-11T12:00:00
6855,4164,42,418,HbA1c,2025-11-17,10.4,%,Abnormal,2025-11-19T08:00:00
6856,4164,42,419,Lipid Panel,2025-12-06,214,mg/dL,Abnormal,2025-12-07T20:00:00
6857,4165,42,418,Complete Blood Count,2025-10-23,15.9,g/dL,Critical,2025-10-25T08:00:00
6858,4166,42,420,Lipid Panel,2025-06-24,254,mg/dL,Normal,2025-06-25T03:00:00
6859,4166,42,411,Lipid Panel,2025-06-08,201,mg/dL,Normal,2025-06-09T14:00:00
6860,4167,42,418,Thyroid Panel,2025-07-30,7.6,mIU/L,Critical,2025-08-01T11:00:00
6861,4168,42,419,Complete Blood Count,2026-01-25,12.7,g/dL,Normal,2026-01-27T00:00:00
6862,4168,42,417,Lipid Panel,2026-01-18,226,mg/dL,Normal,2026-01-20T22:00:00
6863,4169,42,420,HbA1c,2025-05-29,8.5,%,Normal,2025-05-31T13:00:00
6864,4170,42,420,Lipid Panel,2025-02-28,136,mg/dL,Normal,2025-03-02T09:00:00
6865,4170,42,418,Lipid Panel,2025-11-20,178,mg/dL,Critical,2025-11-21T09:00:00
6866,4170,42,411,Complete Blood Count,2025-08-24,13.6,g/dL,Normal,2025-08-25T01:00:00
6867,4171,42,413,Basic Metabolic Panel,2025-09-16,90,mg/dL,Abnormal,2025-09-18T22:00:00
6868,4171,42,417,HbA1c,2025-10-16,6.4,%,Normal,2025-10-19T00:00:00
6869,4172,42,418,Thyroid Panel,2025-09-03,1.0,mIU/L,Normal,2025-09-04T23:00:00
6870,4173,42,413,Complete Blood Count,2026-01-03,8.4,g/dL,Normal,2026-01-05T05:00:00
6871,4174,42,412,HbA1c,2025-07-28,5.7,%,Normal,2025-07-30T06:00:00
6872,4174,42,411,Basic Metabolic Panel,2025-06-13,88,mg/dL,Normal,2025-06-13T17:00:00
6873,4175,42,416,Complete Blood Count,2025-10-26,10.3,g/dL,Abnormal,2025-10-28T13:00:00
6874,4176,42,417,Basic Metabolic Panel,2025-11-20,77,mg/dL,Abnormal,2025-11-22T08:00:00
6875,4177,42,411,Thyroid Panel,2026-01-01,0.4,mIU/L,Normal,2026-01-02T04:00:00
6876,4177,42,416,Thyroid Panel,2025-04-04,5.6,mIU/L,Normal,2025-04-05T05:00:00
6877,4177,42,413,Basic Metabolic Panel,2026-01-04,102,mg/dL,Normal,2026-01-06T08:00:00
6878,4178,42,416,Lipid Panel,2025-06-02,278,mg/dL,Normal,2025-06-04T16:00:00
6879,4179,42,416,Complete Blood Count,2025-10-28,12.1,g/dL,Normal,2025-10-29T17:00:00
6880,4179,42,416,Complete Blood Count,2025-04-22,9.6,g/dL,Abnormal,2025-04-24T19:00:00
6881,4179,42,414,Lipid Panel,2025-04-29,203,mg/dL,Normal,2025-05-02T00:00:00
6882,4180,42,418,Basic Metabolic Panel,2025-08-16,128,mg/dL,Normal,2025-08-17T01:00:00
6883,4181,42,413,Basic Metabolic Panel,2025-09-30,107,mg/dL,Normal,2025-10-02T18:00:00
6884,4181,42,411,Lipid Panel,2025-01-05,137,mg/dL,Abnormal,2025-01-06T07:00:00
6885,4182,42,420,Complete Blood Count,2025-08-29,10.3,g/dL,Normal,2025-08-31T22:00:00
6886,4182,42,413,Thyroid Panel,2025-07-31,0.5,mIU/L,Critical,2025-07-31T17:00:00
6887,4183,42,420,Complete Blood Count,2025-05-16,12.3,g/dL,Normal,2025-05-17T13:00:00
6888,4183,42,417,Thyroid Panel,2025-12-09,6.2,mIU/L,Normal,2025-12-10T05:00:00
6889,4183,42,412,Basic Metabolic Panel,2026-01-20,80,mg/dL,Normal,2026-01-22T23:00:00
6890,4184,42,416,Basic Metabolic Panel,2025-09-14,119,mg/dL,Abnormal,2025-09-16T06:00:00
6891,4184,42,411,Lipid Panel,2025-06-28,159,mg/dL,Normal,2025-06-30T12:00:00
6892,4185,42,420,HbA1c,2025-07-05,9.1,%,Normal,2025-07-06T08:00:00
6893,4185,42,417,Basic Metabolic Panel,2025-06-13,91,mg/dL,Normal,2025-06-15T10:00:00
6894,4185,42,419,Complete Blood Count,2025-12-05,14.7,g/dL,Normal,2025-12-06T19:00:00
6895,4186,42,420,HbA1c,2025-07-17,9.8,%,Critical,2025-07-18T05:00:00
6896,4186,42,417,Complete Blood Count,2025-07-13,9.7,g/dL,Normal,2025-07-13T17:00:00
6897,4187,42,420,Lipid Panel,2025-12-10,223,mg/dL,Normal,2025-12-12T23:00:00
6898,4187,42,420,Basic Metabolic Panel,2025-08-14,87,mg/dL,Normal,2025-08-15T09:00:00
6899,4188,42,414,Thyroid Panel,2025-01-20,7.0,mIU/L,Normal,2025-01-22T01:00:00
6900,4189,42,416,Basic Metabolic Panel,2025-04-22,116,mg/dL,Normal,2025-04-22T13:00:00
6901,4189,42,417,Lipid Panel,2025-03-16,219,mg/dL,Critical,2025-03-18T09:00:00
6902,4190,42,411,HbA1c,2025-07-19,8.9,%,Normal,2025-07-20T04:00:00
6903,4190,42,419,Basic Metabolic Panel,2025-06-03,72,mg/dL,Abnormal,2025-06-05T17:00:00
6904,4191,42,414,HbA1c,2026-01-21,9.5,%,Abnormal,2026-01-22T00:00:00
6905,4192,42,418,Lipid Panel,2025-08-01,274,mg/dL,Critical,2025-08-02T11:00:00
6906,4192,42,418,Lipid Panel,2025-06-12,272,mg/dL,Abnormal,2025-06-14T01:00:00
6907,4193,42,418,Basic Metabolic Panel,2025-06-21,72,mg/dL,Normal,2025-06-22T11:00:00
6908,4194,42,411,Basic Metabolic Panel,2025-04-04,76,mg/dL,Normal,2025-04-06T08:00:00
6909,4194,42,420,Basic Metabolic Panel,2025-06-16,77,mg/dL,Abnormal,2025-06-17T06:00:00
6910,4195,42,418,Complete Blood Count,2025-03-07,8.4,g/dL,Normal,2025-03-09T00:00:00
6911,4196,42,412,Lipid Panel,2025-07-20,152,mg/dL,Normal,2025-07-21T20:00:00
6912,4196,42,418,HbA1c,2025-03-22,7.2,%,Normal,2025-03-22T16:00:00
6913,4197,42,419,HbA1c,2025-09-13,5.0,%,Normal,2025-09-14T18:00:00
6914,4197,42,413,Thyroid Panel,2025-09-27,7.9,mIU/L,Normal,2025-09-28T05:00:00
6915,4198,42,416,Complete Blood Count,2025-06-30,14.5,g/dL,Normal,2025-07-02T14:00:00
6916,4198,42,412,Basic Metabolic Panel,2025-12-08,120,mg/dL,Normal,2025-12-10T22:00:00
6917,4199,42,413,Lipid Panel,2025-12-21,176,mg/dL,Normal,2025-12-22T11:00:00
6918,4199,42,413,Thyroid Panel,2025-09-09,2.8,mIU/L,Normal,2025-09-11T06:00:00
6919,4200,42,417,Lipid Panel,2025-12-08,121,mg/dL,Abnormal,2025-12-08T21:00:00
6920,4200,42,419,Lipid Panel,2025-04-25,275,mg/dL,Normal,2025-04-27T15:00:00
6921,4200,42,413,Thyroid Panel,2025-09-27,6.9,mIU/L,Normal,2025-09-29T03:00:00
6922,4201,43,424,HbA1c,2025-11-03,9.7,%,Normal,2025-11-05T05:00:00
6923,4202,43,423,Basic Metabolic Panel,2025-12-07,132,mg/dL,Abnormal,2025-12-08T07:00:00
6924,4203,43,427,HbA1c,2025-06-14,8.9,%,Normal,2025-06-14T14:00:00
6925,4204,43,429,Lipid Panel,2026-01-24,146,mg/dL,Critical,2026-01-24T12:00:00
6926,4205,43,429,HbA1c,2025-01-26,9.2,%,Normal,2025-01-27T21:00:00
6927,4206,43,428,HbA1c,2025-06-08,7.1,%,Critical,2025-06-10T16:00:00
6928,4206,43,426,Complete Blood Count,2025-06-23,14.7,g/dL,Normal,2025-06-24T22:00:00
6929,4206,43,421,HbA1c,2025-02-25,7.9,%,Normal,2025-02-25T12:00:00
6930,4207,43,427,Basic Metabolic Panel,2025-05-14,127,mg/dL,Normal,2025-05-15T04:00:00
6931,4207,43,422,Thyroid Panel,2025-09-30,1.9,mIU/L,Abnormal,2025-10-02T15:00:00
6932,4208,43,427,Basic Metabolic Panel,2025-07-16,89,mg/dL,Normal,2025-07-18T14:00:00
6933,4208,43,427,HbA1c,2025-04-23,6.1,%,Normal,2025-04-24T02:00:00
6934,4209,43,425,Thyroid Panel,2025-04-28,3.4,mIU/L,Critical,2025-04-29T00:00:00
6935,4210,43,423,Lipid Panel,2025-03-29,230,mg/dL,Normal,2025-03-30T20:00:00
6936,4210,43,422,HbA1c,2025-04-22,4.5,%,Normal,2025-04-23T19:00:00
6937,4211,43,428,Lipid Panel,2025-06-10,193,mg/dL,Normal,2025-06-10T15:00:00
6938,4211,43,423,Complete Blood Count,2025-01-05,13.4,g/dL,Abnormal,2025-01-06T08:00:00
6939,4212,43,428,Lipid Panel,2025-01-14,226,mg/dL,Normal,2025-01-16T03:00:00
6940,4213,43,430,Basic Metabolic Panel,2025-11-01,85,mg/dL,Normal,2025-11-01T16:00:00
6941,4213,43,430,Basic Metabolic Panel,2025-05-01,122,mg/dL,Normal,2025-05-02T14:00:00
6942,4213,43,430,Thyroid Panel,2025-06-12,6.1,mIU/L,Normal,2025-06-14T01:00:00
6943,4214,43,428,HbA1c,2026-01-04,7.7,%,Normal,2026-01-05T02:00:00
6944,4214,43,426,Lipid Panel,2025-08-14,277,mg/dL,Normal,2025-08-16T05:00:00
6945,4215,43,428,HbA1c,2025-11-01,7.8,%,Normal,2025-11-03T07:00:00
6946,4216,43,426,Basic Metabolic Panel,2025-05-06,79,mg/dL,Abnormal,2025-05-06T19:00:00
6947,4216,43,430,Thyroid Panel,2025-05-15,2.2,mIU/L,Critical,2025-05-16T04:00:00
6948,4216,43,430,Basic Metabolic Panel,2025-08-11,73,mg/dL,Abnormal,2025-08-12T03:00:00
6949,4217,43,426,Basic Metabolic Panel,2025-09-02,97,mg/dL,Normal,2025-09-03T18:00:00
6950,4218,43,423,Complete Blood Count,2025-09-17,9.3,g/dL,Normal,2025-09-18T05:00:00
6951,4219,43,427,Complete Blood Count,2025-11-14,15.1,g/dL,Critical,2025-11-14T17:00:00
6952,4220,43,429,Basic Metabolic Panel,2025-07-11,107,mg/dL,Normal,2025-07-12T19:00:00
6953,4220,43,429,Lipid Panel,2026-01-10,152,mg/dL,Abnormal,2026-01-10T23:00:00
6954,4221,43,421,Complete Blood Count,2025-01-07,10.9,g/dL,Normal,2025-01-08T08:00:00
6955,4222,43,428,Lipid Panel,2025-06-14,217,mg/dL,Normal,2025-06-15T23:00:00
6956,4222,43,421,HbA1c,2025-02-04,9.2,%,Normal,2025-02-06T00:00:00
6957,4223,43,423,HbA1c,2025-12-03,7.2,%,Abnormal,2025-12-05T11:00:00
6958,4224,43,423,Lipid Panel,2025-04-30,276,mg/dL,Critical,2025-05-01T03:00:00
6959,4225,43,427,HbA1c,2025-07-10,6.0,%,Abnormal,2025-07-12T20:00:00
6960,4225,43,426,Thyroid Panel,2025-06-10,7.6,mIU/L,Abnormal,2025-06-12T23:00:00
6961,4225,43,430,Thyroid Panel,2025-07-22,0.5,mIU/L,Normal,2025-07-24T15:00:00
6962,4226,43,422,Thyroid Panel,2025-01-01,3.4,mIU/L,Normal,2025-01-02T21:00:00
6963,4227,43,426,Basic Metabolic Panel,2025-11-30,129,mg/dL,Normal,2025-12-02T19:00:00
6964,4228,43,428,Lipid Panel,2025-08-06,239,mg/dL,Normal,2025-08-07T03:00:00
6965,4228,43,428,Basic Metabolic Panel,2025-10-25,93,mg/dL,Abnormal,2025-10-27T05:00:00
6966,4229,43,427,Basic Metabolic Panel,2025-01-14,117,mg/dL,Normal,2025-01-16T00:00:00
6967,4229,43,430,Basic Metabolic Panel,2025-06-16,129,mg/dL,Normal,2025-06-18T23:00:00
6968,4230,43,421,HbA1c,2025-07-06,6.3,%,Normal,2025-07-08T06:00:00
6969,4231,43,430,Basic Metabolic Panel,2025-11-09,85,mg/dL,Critical,2025-11-11T21:00:00
6970,4231,43,421,Complete Blood Count,2025-08-15,8.2,g/dL,Normal,2025-08-17T03:00:00
6971,4232,43,423,Basic Metabolic Panel,2025-03-17,110,mg/dL,Normal,2025-03-18T16:00:00
6972,4233,43,427,Lipid Panel,2025-06-20,124,mg/dL,Normal,2025-06-22T03:00:00
6973,4234,43,426,Basic Metabolic Panel,2025-03-03,128,mg/dL,Normal,2025-03-03T16:00:00
6974,4235,43,430,Thyroid Panel,2026-01-07,6.8,mIU/L,Abnormal,2026-01-10T00:00:00
6975,4236,43,426,Thyroid Panel,2025-10-30,1.0,mIU/L,Abnormal,2025-11-01T14:00:00
6976,4237,43,421,Thyroid Panel,2025-06-05,5.5,mIU/L,Normal,2025-06-05T12:00:00
6977,4237,43,426,Lipid Panel,2025-01-02,260,mg/dL,Normal,2025-01-03T11:00:00
6978,4238,43,430,Basic Metabolic Panel,2025-08-12,83,mg/dL,Normal,2025-08-13T21:00:00
6979,4239,43,426,Complete Blood Count,2026-01-15,14.9,g/dL,Critical,2026-01-17T08:00:00
6980,4239,43,426,Complete Blood Count,2025-01-24,15.2,g/dL,Normal,2025-01-25T14:00:00
6981,4240,43,422,Lipid Panel,2025-02-24,256,mg/dL,Normal,2025-02-25T08:00:00
6982,4241,43,428,Complete Blood Count,2025-04-04,15.5,g/dL,Abnormal,2025-04-05T18:00:00
6983,4242,43,426,Lipid Panel,2025-10-19,235,mg/dL,Abnormal,2025-10-21T20:00:00
6984,4242,43,423,Complete Blood Count,2026-01-07,10.6,g/dL,Normal,2026-01-09T00:00:00
6985,4243,43,428,Complete Blood Count,2025-01-02,12.3,g/dL,Abnormal,2025-01-04T19:00:00
6986,4244,43,430,Complete Blood Count,2025-09-28,15.5,g/dL,Normal,2025-09-29T11:00:00
6987,4244,43,421,Basic Metabolic Panel,2025-05-14,136,mg/dL,Critical,2025-05-16T07:00:00
6988,4245,43,427,Thyroid Panel,2025-08-05,7.5,mIU/L,Normal,2025-08-06T16:00:00
6989,4246,43,427,HbA1c,2025-01-24,8.8,%,Normal,2025-01-26T23:00:00
6990,4246,43,428,HbA1c,2025-06-29,11.0,%,Normal,2025-07-01T00:00:00
6991,4247,43,426,HbA1c,2025-01-02,5.2,%,Critical,2025-01-03T08:00:00
6992,4247,43,428,Basic Metabolic Panel,2025-07-01,81,mg/dL,Normal,2025-07-01T12:00:00
6993,4248,43,429,Thyroid Panel,2025-10-08,6.0,mIU/L,Normal,2025-10-08T16:00:00
6994,4249,43,426,HbA1c,2025-03-19,7.9,%,Normal,2025-03-20T01:00:00
6995,4249,43,429,HbA1c,2025-08-30,9.4,%,Normal,2025-09-01T04:00:00
6996,4250,43,423,HbA1c,2025-01-09,10.6,%,Normal,2025-01-11T14:00:00
6997,4250,43,426,Complete Blood Count,2026-01-12,15.1,g/dL,Critical,2026-01-15T00:00:00
6998,4251,43,424,Complete Blood Count,2025-01-08,11.7,g/dL,Normal,2025-01-09T21:00:00
6999,4252,43,422,Complete Blood Count,2025-07-07,11.1,g/dL,Normal,2025-07-09T04:00:00
7000,4253,43,424,HbA1c,2025-05-22,4.6,%,Normal,2025-05-23T16:00:00
7001,4254,43,421,Complete Blood Count,2025-06-09,15.8,g/dL,Normal,2025-06-10T09:00:00
7002,4255,43,429,Thyroid Panel,2025-11-17,1.4,mIU/L,Normal,2025-11-18T18:00:00
7003,4256,43,430,Thyroid Panel,2025-11-30,5.5,mIU/L,Normal,2025-12-01T12:00:00
7004,4256,43,425,Thyroid Panel,2025-08-12,2.2,mIU/L,Normal,2025-08-14T05:00:00
7005,4256,43,429,Complete Blood Count,2025-04-26,16.3,g/dL,Normal,2025-04-28T14:00:00
7006,4257,43,424,Basic Metabolic Panel,2025-09-07,102,mg/dL,Abnormal,2025-09-07T20:00:00
7007,4258,43,426,Thyroid Panel,2025-02-19,7.4,mIU/L,Normal,2025-02-20T19:00:00
7008,4259,43,424,HbA1c,2026-01-26,4.9,%,Normal,2026-01-28T13:00:00
7009,4259,43,423,HbA1c,2025-11-22,6.3,%,Abnormal,2025-11-24T19:00:00
7010,4260,43,427,Basic Metabolic Panel,2025-12-10,96,mg/dL,Normal,2025-12-12T02:00:00
7011,4260,43,421,Complete Blood Count,2025-04-19,10.3,g/dL,Abnormal,2025-04-21T01:00:00
7012,4261,43,421,HbA1c,2026-01-06,9.1,%,Abnormal,2026-01-07T23:00:00
7013,4261,43,429,Basic Metabolic Panel,2025-11-20,128,mg/dL,Abnormal,2025-11-20T22:00:00
7014,4262,43,421,Thyroid Panel,2026-01-14,3.2,mIU/L,Normal,2026-01-15T16:00:00
7015,4263,43,428,Lipid Panel,2025-09-12,138,mg/dL,Normal,2025-09-14T16:00:00
7016,4263,43,430,Thyroid Panel,2025-07-23,7.8,mIU/L,Critical,2025-07-24T14:00:00
7017,4264,43,422,Lipid Panel,2025-04-28,124,mg/dL,Normal,2025-04-30T18:00:00
7018,4264,43,425,Basic Metabolic Panel,2025-12-14,78,mg/dL,Normal,2025-12-14T23:00:00
7019,4264,43,426,Complete Blood Count,2025-05-10,8.9,g/dL,Normal,2025-05-11T08:00:00
7020,4265,43,423,HbA1c,2025-02-27,7.4,%,Abnormal,2025-02-27T21:00:00
7021,4266,43,422,Lipid Panel,2025-07-26,232,mg/dL,Normal,2025-07-28T01:00:00
7022,4267,43,423,Thyroid Panel,2025-09-13,3.0,mIU/L,Abnormal,2025-09-15T14:00:00
7023,4268,43,425,Basic Metabolic Panel,2025-07-06,100,mg/dL,Normal,2025-07-06T14:00:00
7024,4268,43,430,Thyroid Panel,2025-08-20,5.1,mIU/L,Normal,2025-08-20T19:00:00
7025,4269,43,424,Complete Blood Count,2026-02-01,14.8,g/dL,Normal,2026-02-02T19:00:00
7026,4270,43,425,Lipid Panel,2025-02-12,217,mg/dL,Abnormal,2025-02-13T04:00:00
7027,4271,43,428,Complete Blood Count,2025-06-20,16.1,g/dL,Abnormal,2025-06-20T14:00:00
7028,4271,43,425,Complete Blood Count,2025-08-09,11.3,g/dL,Normal,2025-08-10T04:00:00
7029,4272,43,429,Lipid Panel,2025-08-01,273,mg/dL,Normal,2025-08-03T11:00:00
7030,4273,43,426,HbA1c,2025-12-11,5.1,%,Normal,2025-12-13T17:00:00
7031,4273,43,422,Lipid Panel,2025-10-13,238,mg/dL,Normal,2025-10-13T14:00:00
7032,4274,43,427,Lipid Panel,2025-11-05,125,mg/dL,Abnormal,2025-11-06T00:00:00
7033,4274,43,424,Basic Metabolic Panel,2025-11-01,96,mg/dL,Critical,2025-11-02T13:00:00
7034,4275,43,425,Lipid Panel,2025-12-10,241,mg/dL,Normal,2025-12-11T14:00:00
7035,4275,43,428,HbA1c,2025-03-03,8.8,%,Normal,2025-03-04T07:00:00
7036,4276,43,425,Complete Blood Count,2025-08-11,15.2,g/dL,Normal,2025-08-13T08:00:00
7037,4276,43,426,Lipid Panel,2025-03-21,192,mg/dL,Normal,2025-03-22T08:00:00
7038,4277,43,429,Lipid Panel,2025-08-09,156,mg/dL,Normal,2025-08-11T10:00:00
7039,4278,43,429,HbA1c,2025-12-19,10.6,%,Normal,2025-12-20T11:00:00
7040,4279,43,430,HbA1c,2025-03-09,6.3,%,Critical,2025-03-11T19:00:00
7041,4279,43,426,Lipid Panel,2025-06-23,243,mg/dL,Normal,2025-06-23T12:00:00
7042,4280,43,429,Complete Blood Count,2025-05-21,12.6,g/dL,Abnormal,2025-05-23T05:00:00
7043,4280,43,423,Complete Blood Count,2025-08-30,11.9,g/dL,Normal,2025-08-30T16:00:00
7044,4280,43,424,Lipid Panel,2025-01-17,198,mg/dL,Normal,2025-01-19T08:00:00
7045,4281,43,424,Basic Metabolic Panel,2025-02-23,132,mg/dL,Abnormal,2025-02-25T10:00:00
7046,4281,43,423,Basic Metabolic Panel,2025-03-23,125,mg/dL,Normal,2025-03-24T16:00:00
7047,4282,43,427,Lipid Panel,2025-08-17,234,mg/dL,Abnormal,2025-08-19T22:00:00
7048,4283,43,427,Thyroid Panel,2025-09-17,2.9,mIU/L,Normal,2025-09-19T14:00:00
7049,4284,43,425,Basic Metabolic Panel,2025-08-17,133,mg/dL,Abnormal,2025-08-19T04:00:00
7050,4285,43,430,Lipid Panel,2025-05-29,267,mg/dL,Normal,2025-05-30T05:00:00
7051,4285,43,424,Complete Blood Count,2025-09-08,9.8,g/dL,Normal,2025-09-09T10:00:00
7052,4286,43,427,Basic Metabolic Panel,2025-05-14,129,mg/dL,Abnormal,2025-05-16T09:00:00
7053,4287,43,421,HbA1c,2025-11-29,6.0,%,Abnormal,2025-11-30T15:00:00
7054,4287,43,429,Lipid Panel,2025-01-17,167,mg/dL,Normal,2025-01-18T00:00:00
7055,4287,43,422,Lipid Panel,2025-09-05,147,mg/dL,Normal,2025-09-06T16:00:00
7056,4288,43,425,Complete Blood Count,2025-10-11,16.2,g/dL,Normal,2025-10-13T07:00:00
7057,4289,43,422,HbA1c,2025-12-07,9.7,%,Abnormal,2025-12-10T00:00:00
7058,4290,43,421,Complete Blood Count,2025-05-24,11.6,g/dL,Abnormal,2025-05-25T22:00:00
7059,4291,43,427,Lipid Panel,2025-01-30,257,mg/dL,Normal,2025-02-01T19:00:00
7060,4292,43,429,Thyroid Panel,2026-01-13,6.7,mIU/L,Normal,2026-01-15T22:00:00
7061,4292,43,426,Lipid Panel,2025-02-26,138,mg/dL,Normal,2025-02-27T10:00:00
7062,4293,43,424,Thyroid Panel,2025-02-18,4.0,mIU/L,Normal,2025-02-19T11:00:00
7063,4293,43,425,Complete Blood Count,2025-10-24,15.7,g/dL,Normal,2025-10-26T15:00:00
7064,4293,43,427,Basic Metabolic Panel,2025-09-14,66,mg/dL,Abnormal,2025-09-15T14:00:00
7065,4294,43,427,HbA1c,2025-07-23,4.9,%,Critical,2025-07-23T14:00:00
7066,4295,43,423,Lipid Panel,2025-09-11,199,mg/dL,Normal,2025-09-12T23:00:00
7067,4296,43,426,Complete Blood Count,2025-10-09,13.7,g/dL,Normal,2025-10-11T08:00:00
7068,4297,43,427,Complete Blood Count,2025-05-06,16.5,g/dL,Normal,2025-05-07T09:00:00
7069,4297,43,427,Lipid Panel,2025-01-31,136,mg/dL,Normal,2025-02-01T21:00:00
7070,4297,43,422,HbA1c,2025-11-11,10.1,%,Normal,2025-11-13T20:00:00
7071,4298,43,421,Basic Metabolic Panel,2025-12-30,82,mg/dL,Abnormal,2026-01-01T03:00:00
7072,4298,43,422,Complete Blood Count,2025-11-10,13.1,g/dL,Normal,2025-11-11T18:00:00
7073,4298,43,423,Basic Metabolic Panel,2025-07-22,132,mg/dL,Critical,2025-07-23T14:00:00
7074,4299,43,429,Lipid Panel,2025-10-10,227,mg/dL,Abnormal,2025-10-10T17:00:00
7075,4300,43,423,Complete Blood Count,2025-08-15,10.6,g/dL,Normal,2025-08-16T02:00:00
7076,4300,43,424,Complete Blood Count,2025-08-21,12.7,g/dL,Critical,2025-08-21T17:00:00
7077,4301,44,440,Complete Blood Count,2025-01-06,9.8,g/dL,Abnormal,2025-01-08T02:00:00
7078,4301,44,433,Complete Blood Count,2025-06-24,16.2,g/dL,Abnormal,2025-06-26T18:00:00
7079,4302,44,433,Basic Metabolic Panel,2025-09-04,70,mg/dL,Normal,2025-09-04T12:00:00
7080,4302,44,435,Basic Metabolic Panel,2025-09-20,101,mg/dL,Normal,2025-09-22T16:00:00
7081,4303,44,440,Thyroid Panel,2025-09-29,5.8,mIU/L,Normal,2025-10-01T03:00:00
7082,4303,44,434,Lipid Panel,2025-04-27,238,mg/dL,Normal,2025-04-28T22:00:00
7083,4304,44,433,Lipid Panel,2025-04-17,272,mg/dL,Normal,2025-04-17T23:00:00
7084,4305,44,433,HbA1c,2025-02-27,6.2,%,Normal,2025-02-28T06:00:00
7085,4306,44,434,Thyroid Panel,2025-06-01,5.6,mIU/L,Abnormal,2025-06-02T19:00:00
7086,4306,44,436,HbA1c,2025-02-13,6.0,%,Normal,2025-02-14T20:00:00
7087,4306,44,435,HbA1c,2025-08-21,8.4,%,Normal,2025-08-22T22:00:00
7088,4307,44,440,Lipid Panel,2026-01-21,189,mg/dL,Normal,2026-01-22T15:00:00
7089,4308,44,440,Thyroid Panel,2025-06-29,2.2,mIU/L,Critical,2025-06-30T11:00:00
7090,4309,44,431,HbA1c,2025-06-22,9.9,%,Normal,2025-06-23T22:00:00
7091,4309,44,438,HbA1c,2026-01-15,4.8,%,Abnormal,2026-01-16T19:00:00
7092,4310,44,440,Thyroid Panel,2025-04-07,0.7,mIU/L,Normal,2025-04-07T19:00:00
7093,4310,44,433,Complete Blood Count,2025-02-09,13.7,g/dL,Normal,2025-02-11T14:00:00
7094,4310,44,436,Thyroid Panel,2025-01-02,5.7,mIU/L,Normal,2025-01-03T06:00:00
7095,4311,44,436,Basic Metabolic Panel,2025-08-04,139,mg/dL,Normal,2025-08-05T04:00:00
7096,4312,44,435,Basic Metabolic Panel,2025-02-16,68,mg/dL,Normal,2025-02-18T20:00:00
7097,4313,44,434,HbA1c,2025-08-11,5.7,%,Critical,2025-08-11T22:00:00
7098,4314,44,437,Complete Blood Count,2025-04-17,14.2,g/dL,Critical,2025-04-17T16:00:00
7099,4314,44,435,Lipid Panel,2025-07-24,218,mg/dL,Critical,2025-07-26T17:00:00
7100,4315,44,437,Complete Blood Count,2025-10-09,10.6,g/dL,Normal,2025-10-09T21:00:00
7101,4316,44,438,Complete Blood Count,2025-03-03,14.2,g/dL,Abnormal,2025-03-05T02:00:00
7102,4317,44,438,HbA1c,2026-01-26,4.8,%,Normal,2026-01-26T19:00:00
7103,4318,44,436,Complete Blood Count,2025-11-03,13.0,g/dL,Abnormal,2025-11-05T21:00:00
7104,4318,44,431,HbA1c,2025-08-14,7.2,%,Abnormal,2025-08-16T15:00:00
7105,4319,44,433,Basic Metabolic Panel,2025-07-06,93,mg/dL,Normal,2025-07-08T02:00:00
7106,4319,44,438,Basic Metabolic Panel,2025-07-05,95,mg/dL,Normal,2025-07-05T23:00:00
7107,4320,44,431,Lipid Panel,2025-09-27,167,mg/dL,Abnormal,2025-09-29T14:00:00
7108,4321,44,432,Complete Blood Count,2025-06-17,11.6,g/dL,Normal,2025-06-19T11:00:00
7109,4322,44,440,Lipid Panel,2025-07-07,169,mg/dL,Normal,2025-07-09T20:00:00
7110,4323,44,432,HbA1c,2025-07-08,8.3,%,Normal,2025-07-09T18:00:00
7111,4324,44,433,Lipid Panel,2025-12-16,246,mg/dL,Critical,2025-12-18T03:00:00
7112,4325,44,438,HbA1c,2025-03-04,5.6,%,Normal,2025-03-05T08:00:00
7113,4325,44,439,Thyroid Panel,2025-09-26,5.7,mIU/L,Abnormal,2025-09-28T02:00:00
7114,4326,44,439,Lipid Panel,2025-09-02,145,mg/dL,Normal,2025-09-02T18:00:00
7115,4327,44,432,Complete Blood Count,2026-01-06,10.3,g/dL,Normal,2026-01-07T04:00:00
7116,4327,44,435,Thyroid Panel,2025-07-06,2.7,mIU/L,Normal,2025-07-08T20:00:00
7117,4327,44,437,Basic Metabolic Panel,2025-02-08,92,mg/dL,Normal,2025-02-10T22:00:00
7118,4328,44,432,Basic Metabolic Panel,2025-02-17,98,mg/dL,Abnormal,2025-02-19T00:00:00
7119,4329,44,437,Basic Metabolic Panel,2025-06-08,106,mg/dL,Critical,2025-06-10T21:00:00
7120,4330,44,439,HbA1c,2025-01-03,7.6,%,Normal,2025-01-04T00:00:00
7121,4330,44,432,Complete Blood Count,2025-07-26,16.4,g/dL,Abnormal,2025-07-28T20:00:00
7122,4331,44,437,Complete Blood Count,2025-01-19,9.9,g/dL,Normal,2025-01-19T19:00:00
7123,4332,44,434,Thyroid Panel,2025-02-16,2.0,mIU/L,Critical,2025-02-18T06:00:00
7124,4333,44,432,Basic Metabolic Panel,2025-01-16,85,mg/dL,Normal,2025-01-19T00:00:00
7125,4333,44,436,Basic Metabolic Panel,2025-07-14,140,mg/dL,Critical,2025-07-15T10:00:00
7126,4334,44,431,Complete Blood Count,2025-02-02,8.6,g/dL,Abnormal,2025-02-04T06:00:00
7127,4335,44,436,HbA1c,2025-07-24,10.1,%,Normal,2025-07-26T10:00:00
7128,4335,44,438,Thyroid Panel,2025-03-18,6.6,mIU/L,Normal,2025-03-20T18:00:00
7129,4336,44,435,Lipid Panel,2026-01-26,189,mg/dL,Normal,2026-01-28T08:00:00
7130,4337,44,432,Complete Blood Count,2025-08-31,10.3,g/dL,Abnormal,2025-09-01T08:00:00
7131,4337,44,437,Basic Metabolic Panel,2025-05-21,83,mg/dL,Abnormal,2025-05-23T22:00:00
7132,4337,44,433,Lipid Panel,2025-02-01,178,mg/dL,Normal,2025-02-03T05:00:00
7133,4338,44,435,Lipid Panel,2025-02-10,138,mg/dL,Critical,2025-02-11T15:00:00
7134,4338,44,435,Basic Metabolic Panel,2025-04-25,72,mg/dL,Abnormal,2025-04-26T21:00:00
7135,4338,44,440,HbA1c,2025-12-26,5.1,%,Normal,2025-12-27T09:00:00
7136,4339,44,437,Basic Metabolic Panel,2025-03-17,105,mg/dL,Abnormal,2025-03-17T16:00:00
7137,4340,44,437,HbA1c,2026-01-25,6.6,%,Normal,2026-01-27T23:00:00
7138,4341,44,435,Thyroid Panel,2025-01-05,6.4,mIU/L,Normal,2025-01-06T15:00:00
7139,4341,44,436,HbA1c,2025-12-20,5.2,%,Normal,2025-12-22T20:00:00
7140,4341,44,432,Lipid Panel,2025-11-25,194,mg/dL,Abnormal,2025-11-26T15:00:00
7141,4342,44,432,Complete Blood Count,2025-10-06,16.5,g/dL,Abnormal,2025-10-08T02:00:00
7142,4342,44,431,Basic Metabolic Panel,2025-08-08,133,mg/dL,Abnormal,2025-08-10T00:00:00
7143,4343,44,438,Basic Metabolic Panel,2025-02-27,71,mg/dL,Abnormal,2025-02-28T23:00:00
7144,4343,44,439,Lipid Panel,2025-05-21,123,mg/dL,Normal,2025-05-21T18:00:00
7145,4344,44,435,HbA1c,2025-09-13,7.7,%,Normal,2025-09-14T03:00:00
7146,4345,44,436,Thyroid Panel,2025-08-10,3.9,mIU/L,Normal,2025-08-12T12:00:00
7147,4345,44,431,Complete Blood Count,2025-09-15,14.0,g/dL,Normal,2025-09-17T13:00:00
7148,4346,44,436,Lipid Panel,2025-12-07,139,mg/dL,Abnormal,2025-12-09T15:00:00
7149,4346,44,438,HbA1c,2025-01-03,4.8,%,Normal,2025-01-05T14:00:00
7150,4347,44,432,Complete Blood Count,2025-11-15,12.7,g/dL,Normal,2025-11-16T13:00:00
7151,4348,44,435,Complete Blood Count,2025-07-03,14.6,g/dL,Normal,2025-07-03T22:00:00
7152,4348,44,436,HbA1c,2025-06-29,4.7,%,Critical,2025-06-30T18:00:00
7153,4349,44,432,Thyroid Panel,2026-01-09,2.4,mIU/L,Normal,2026-01-09T21:00:00
7154,4350,44,437,Lipid Panel,2025-11-07,275,mg/dL,Abnormal,2025-11-09T04:00:00
7155,4350,44,435,Complete Blood Count,2025-11-22,11.8,g/dL,Normal,2025-11-22T18:00:00
7156,4351,44,435,Complete Blood Count,2026-01-05,15.3,g/dL,Critical,2026-01-07T10:00:00
7157,4352,44,437,Lipid Panel,2025-09-20,244,mg/dL,Abnormal,2025-09-22T05:00:00
7158,4352,44,440,Complete Blood Count,2025-09-30,12.6,g/dL,Abnormal,2025-10-02T11:00:00
7159,4353,44,439,Lipid Panel,2026-01-26,142,mg/dL,Normal,2026-01-26T19:00:00
7160,4354,44,432,Basic Metabolic Panel,2025-06-20,139,mg/dL,Normal,2025-06-22T02:00:00
7161,4354,44,439,Lipid Panel,2025-04-18,161,mg/dL,Critical,2025-04-19T03:00:00
7162,4355,44,437,Basic Metabolic Panel,2025-03-12,128,mg/dL,Normal,2025-03-13T10:00:00
7163,4356,44,434,Thyroid Panel,2026-01-23,6.9,mIU/L,Normal,2026-01-25T21:00:00
7164,4356,44,437,Lipid Panel,2025-12-25,237,mg/dL,Critical,2025-12-25T19:00:00
7165,4357,44,434,HbA1c,2025-09-12,9.6,%,Abnormal,2025-09-14T05:00:00
7166,4358,44,434,HbA1c,2025-04-30,8.7,%,Normal,2025-05-02T08:00:00
7167,4359,44,432,HbA1c,2025-01-07,9.2,%,Normal,2025-01-09T02:00:00
7168,4360,44,440,Lipid Panel,2025-05-14,243,mg/dL,Normal,2025-05-14T19:00:00
7169,4361,44,432,Thyroid Panel,2025-05-28,5.8,mIU/L,Normal,2025-05-28T21:00:00
7170,4361,44,436,Thyroid Panel,2025-06-18,1.3,mIU/L,Critical,2025-06-19T02:00:00
7171,4362,44,431,Thyroid Panel,2025-12-19,3.1,mIU/L,Abnormal,2025-12-21T18:00:00
7172,4362,44,439,Basic Metabolic Panel,2025-11-08,128,mg/dL,Critical,2025-11-10T15:00:00
7173,4362,44,440,Lipid Panel,2025-06-01,221,mg/dL,Abnormal,2025-06-03T06:00:00
7174,4363,44,438,Thyroid Panel,2025-03-18,3.0,mIU/L,Normal,2025-03-19T02:00:00
7175,4364,44,437,Complete Blood Count,2025-03-18,9.1,g/dL,Normal,2025-03-18T17:00:00
7176,4364,44,432,Complete Blood Count,2025-11-22,13.9,g/dL,Normal,2025-11-22T16:00:00
7177,4365,44,432,Complete Blood Count,2025-04-07,12.3,g/dL,Critical,2025-04-08T11:00:00
7178,4366,44,433,HbA1c,2025-10-23,7.1,%,Critical,2025-10-24T05:00:00
7179,4366,44,435,Complete Blood Count,2025-03-13,9.5,g/dL,Abnormal,2025-03-15T16:00:00
7180,4367,44,433,Complete Blood Count,2025-05-08,13.0,g/dL,Abnormal,2025-05-09T21:00:00
7181,4368,44,438,Complete Blood Count,2026-01-23,16.5,g/dL,Abnormal,2026-01-25T12:00:00
7182,4368,44,435,Lipid Panel,2025-02-23,269,mg/dL,Normal,2025-02-24T03:00:00
7183,4368,44,439,HbA1c,2025-08-14,8.2,%,Normal,2025-08-15T21:00:00
7184,4369,44,432,Lipid Panel,2025-08-06,148,mg/dL,Critical,2025-08-08T16:00:00
7185,4369,44,439,Lipid Panel,2025-07-12,155,mg/dL,Normal,2025-07-14T05:00:00
7186,4370,44,440,Lipid Panel,2025-02-04,234,mg/dL,Normal,2025-02-05T11:00:00
7187,4371,44,438,Thyroid Panel,2026-01-01,2.6,mIU/L,Normal,2026-01-03T02:00:00
7188,4372,44,434,Thyroid Panel,2025-08-16,0.3,mIU/L,Normal,2025-08-18T04:00:00
7189,4372,44,438,Lipid Panel,2025-03-05,259,mg/dL,Normal,2025-03-05T18:00:00
7190,4373,44,431,HbA1c,2025-07-22,8.2,%,Normal,2025-07-22T22:00:00
7191,4374,44,435,Complete Blood Count,2025-09-07,12.0,g/dL,Critical,2025-09-09T20:00:00
7192,4375,44,434,HbA1c,2025-09-17,6.6,%,Normal,2025-09-18T21:00:00
7193,4376,44,435,Thyroid Panel,2025-12-08,5.9,mIU/L,Abnormal,2025-12-08T19:00:00
7194,4377,44,439,Lipid Panel,2025-11-30,264,mg/dL,Normal,2025-12-02T11:00:00
7195,4378,44,431,Lipid Panel,2025-05-24,256,mg/dL,Normal,2025-05-25T19:00:00
7196,4378,44,439,Lipid Panel,2025-09-21,207,mg/dL,Abnormal,2025-09-22T19:00:00
7197,4378,44,434,Basic Metabolic Panel,2025-07-10,73,mg/dL,Abnormal,2025-07-11T15:00:00
7198,4379,44,434,Lipid Panel,2025-08-17,128,mg/dL,Normal,2025-08-19T13:00:00
7199,4380,44,438,Complete Blood Count,2025-12-06,13.8,g/dL,Normal,2025-12-08T08:00:00
7200,4381,44,434,Complete Blood Count,2025-02-05,8.9,g/dL,Normal,2025-02-07T09:00:00
7201,4381,44,432,Complete Blood Count,2025-10-30,16.9,g/dL,Normal,2025-10-31T09:00:00
7202,4382,44,440,Lipid Panel,2025-04-16,245,mg/dL,Normal,2025-04-18T10:00:00
7203,4383,44,431,Lipid Panel,2025-09-10,244,mg/dL,Normal,2025-09-12T03:00:00
7204,4384,44,434,Basic Metabolic Panel,2025-11-20,138,mg/dL,Normal,2025-11-22T05:00:00
7205,4385,44,439,Thyroid Panel,2025-01-27,1.4,mIU/L,Normal,2025-01-29T21:00:00
7206,4386,44,436,Thyroid Panel,2025-09-02,1.3,mIU/L,Abnormal,2025-09-02T21:00:00
7207,4386,44,437,Lipid Panel,2025-08-18,189,mg/dL,Normal,2025-08-20T08:00:00
7208,4386,44,435,Basic Metabolic Panel,2025-05-19,136,mg/dL,Normal,2025-05-21T23:00:00
7209,4387,44,436,Complete Blood Count,2025-06-18,14.9,g/dL,Normal,2025-06-20T17:00:00
7210,4388,44,431,HbA1c,2025-04-23,9.2,%,Abnormal,2025-04-24T12:00:00
7211,4388,44,438,Thyroid Panel,2025-03-08,5.2,mIU/L,Abnormal,2025-03-08T13:00:00
7212,4389,44,431,Thyroid Panel,2025-10-08,3.0,mIU/L,Normal,2025-10-10T16:00:00
7213,4389,44,440,Complete Blood Count,2025-06-10,15.6,g/dL,Critical,2025-06-12T08:00:00
7214,4389,44,436,Complete Blood Count,2025-10-03,16.3,g/dL,Normal,2025-10-03T18:00:00
7215,4390,44,437,Thyroid Panel,2026-01-18,6.9,mIU/L,Normal,2026-01-19T04:00:00
7216,4390,44,437,HbA1c,2025-08-17,10.7,%,Normal,2025-08-19T11:00:00
7217,4391,44,432,Basic Metabolic Panel,2025-05-31,98,mg/dL,Normal,2025-05-31T23:00:00
7218,4391,44,436,HbA1c,2025-11-22,4.9,%,Abnormal,2025-11-23T11:00:00
7219,4392,44,436,HbA1c,2025-05-24,7.2,%,Normal,2025-05-24T12:00:00
7220,4392,44,433,Complete Blood Count,2025-07-21,9.1,g/dL,Normal,2025-07-23T05:00:00
7221,4392,44,436,Thyroid Panel,2025-12-14,6.0,mIU/L,Normal,2025-12-15T03:00:00
7222,4393,44,432,Lipid Panel,2025-11-18,185,mg/dL,Normal,2025-11-18T17:00:00
7223,4393,44,431,HbA1c,2025-10-03,9.3,%,Normal,2025-10-03T15:00:00
7224,4393,44,438,Complete Blood Count,2025-05-11,13.1,g/dL,Abnormal,2025-05-13T14:00:00
7225,4394,44,436,HbA1c,2025-01-03,7.9,%,Normal,2025-01-03T15:00:00
7226,4394,44,435,Complete Blood Count,2026-01-01,8.2,g/dL,Normal,2026-01-02T14:00:00
7227,4394,44,436,HbA1c,2025-07-17,8.6,%,Abnormal,2025-07-18T21:00:00
7228,4395,44,439,Basic Metabolic Panel,2025-03-29,109,mg/dL,Normal,2025-03-30T11:00:00
7229,4396,44,439,Thyroid Panel,2025-05-25,5.0,mIU/L,Normal,2025-05-26T13:00:00
7230,4397,44,437,Complete Blood Count,2025-04-09,8.7,g/dL,Normal,2025-04-10T21:00:00
7231,4398,44,436,Complete Blood Count,2025-09-17,8.8,g/dL,Normal,2025-09-17T19:00:00
7232,4399,44,437,HbA1c,2025-12-03,5.6,%,Normal,2025-12-04T11:00:00
7233,4399,44,432,HbA1c,2025-11-05,8.2,%,Normal,2025-11-05T13:00:00
7234,4399,44,432,HbA1c,2025-08-13,10.6,%,Abnormal,2025-08-15T19:00:00
7235,4400,44,438,HbA1c,2025-08-10,5.0,%,Normal,2025-08-12T07:00:00
7236,4400,44,438,Basic Metabolic Panel,2026-01-30,89,mg/dL,Abnormal,2026-02-01T17:00:00
7237,4400,44,431,Lipid Panel,2025-12-25,160,mg/dL,Normal,2025-12-26T03:00:00
7238,4401,45,448,Complete Blood Count,2025-06-07,9.5,g/dL,Normal,2025-06-08T12:00:00
7239,4402,45,445,HbA1c,2025-08-03,7.0,%,Normal,2025-08-04T06:00:00
7240,4402,45,449,Thyroid Panel,2025-04-03,7.2,mIU/L,Normal,2025-04-04T04:00:00
7241,4403,45,449,Lipid Panel,2025-09-18,167,mg/dL,Abnormal,2025-09-20T21:00:00
7242,4404,45,444,Basic Metabolic Panel,2025-05-20,81,mg/dL,Abnormal,2025-05-23T00:00:00
7243,4404,45,445,Basic Metabolic Panel,2025-10-24,85,mg/dL,Abnormal,2025-10-25T17:00:00
7244,4404,45,446,Thyroid Panel,2025-05-17,1.0,mIU/L,Abnormal,2025-05-19T22:00:00
7245,4405,45,450,HbA1c,2025-01-03,4.6,%,Normal,2025-01-05T00:00:00
7246,4405,45,447,HbA1c,2025-10-06,10.0,%,Abnormal,2025-10-07T04:00:00
7247,4405,45,444,Thyroid Panel,2026-01-19,1.5,mIU/L,Normal,2026-01-20T06:00:00
7248,4406,45,449,Basic Metabolic Panel,2025-01-10,136,mg/dL,Critical,2025-01-12T05:00:00
7249,4406,45,444,Basic Metabolic Panel,2025-12-08,115,mg/dL,Normal,2025-12-10T04:00:00
7250,4407,45,445,Thyroid Panel,2025-04-16,3.9,mIU/L,Normal,2025-04-17T16:00:00
7251,4408,45,445,Lipid Panel,2025-02-27,209,mg/dL,Normal,2025-03-01T00:00:00
7252,4409,45,442,Basic Metabolic Panel,2025-10-03,81,mg/dL,Normal,2025-10-05T00:00:00
7253,4409,45,448,Basic Metabolic Panel,2025-08-10,123,mg/dL,Normal,2025-08-11T15:00:00
7254,4410,45,441,Thyroid Panel,2025-03-03,0.9,mIU/L,Normal,2025-03-05T02:00:00
7255,4411,45,447,HbA1c,2025-10-23,5.3,%,Normal,2025-10-25T06:00:00
7256,4412,45,448,Basic Metabolic Panel,2025-09-12,139,mg/dL,Critical,2025-09-14T18:00:00
7257,4413,45,446,Basic Metabolic Panel,2025-06-13,122,mg/dL,Normal,2025-06-15T00:00:00
7258,4414,45,447,Lipid Panel,2025-11-30,271,mg/dL,Abnormal,2025-12-02T06:00:00
7259,4414,45,447,Basic Metabolic Panel,2025-12-05,70,mg/dL,Abnormal,2025-12-06T07:00:00
7260,4415,45,448,Basic Metabolic Panel,2025-05-20,79,mg/dL,Normal,2025-05-20T14:00:00
7261,4415,45,448,Basic Metabolic Panel,2025-03-11,72,mg/dL,Critical,2025-03-12T11:00:00
7262,4416,45,442,HbA1c,2025-05-25,6.9,%,Normal,2025-05-26T04:00:00
7263,4416,45,441,Thyroid Panel,2025-10-03,5.6,mIU/L,Normal,2025-10-04T08:00:00
7264,4417,45,446,Basic Metabolic Panel,2025-09-09,92,mg/dL,Critical,2025-09-10T04:00:00
7265,4418,45,449,HbA1c,2026-01-11,6.8,%,Abnormal,2026-01-12T09:00:00
7266,4419,45,447,Basic Metabolic Panel,2025-05-04,91,mg/dL,Normal,2025-05-06T16:00:00
7267,4419,45,445,Lipid Panel,2025-12-29,120,mg/dL,Critical,2025-12-31T21:00:00
7268,4420,45,450,HbA1c,2025-01-06,10.7,%,Normal,2025-01-08T07:00:00
7269,4421,45,448,Lipid Panel,2025-11-17,255,mg/dL,Normal,2025-11-19T09:00:00
7270,4422,45,447,Thyroid Panel,2025-09-17,2.8,mIU/L,Normal,2025-09-19T20:00:00
7271,4423,45,449,Thyroid Panel,2025-03-22,7.9,mIU/L,Abnormal,2025-03-24T11:00:00
7272,4424,45,447,Complete Blood Count,2025-08-05,10.1,g/dL,Normal,2025-08-07T15:00:00
7273,4424,45,441,Lipid Panel,2025-08-11,238,mg/dL,Abnormal,2025-08-13T07:00:00
7274,4424,45,445,Thyroid Panel,2026-01-30,1.6,mIU/L,Critical,2026-02-01T02:00:00
7275,4425,45,445,Lipid Panel,2025-01-24,212,mg/dL,Critical,2025-01-24T15:00:00
7276,4425,45,450,Basic Metabolic Panel,2025-08-10,78,mg/dL,Normal,2025-08-11T10:00:00
7277,4426,45,448,Thyroid Panel,2025-05-23,2.3,mIU/L,Normal,2025-05-24T19:00:00
7278,4427,45,450,Complete Blood Count,2025-07-19,13.3,g/dL,Critical,2025-07-20T00:00:00
7279,4427,45,447,Thyroid Panel,2025-12-18,2.9,mIU/L,Abnormal,2025-12-19T18:00:00
7280,4427,45,446,Thyroid Panel,2025-01-19,1.7,mIU/L,Normal,2025-01-19T18:00:00
7281,4428,45,447,Thyroid Panel,2025-02-01,4.0,mIU/L,Normal,2025-02-02T18:00:00
7282,4429,45,441,Basic Metabolic Panel,2025-01-11,70,mg/dL,Normal,2025-01-12T21:00:00
7283,4430,45,445,Thyroid Panel,2025-04-17,0.4,mIU/L,Abnormal,2025-04-20T00:00:00
7284,4431,45,443,Basic Metabolic Panel,2026-01-02,138,mg/dL,Abnormal,2026-01-02T23:00:00
7285,4432,45,445,Complete Blood Count,2025-02-16,13.0,g/dL,Normal,2025-02-18T08:00:00
7286,4433,45,446,Thyroid Panel,2025-03-02,5.0,mIU/L,Normal,2025-03-04T05:00:00
7287,4433,45,450,HbA1c,2025-05-15,7.2,%,Normal,2025-05-15T14:00:00
7288,4434,45,449,Lipid Panel,2025-08-25,261,mg/dL,Abnormal,2025-08-27T02:00:00
7289,4434,45,445,Basic Metabolic Panel,2025-10-30,110,mg/dL,Normal,2025-10-31T10:00:00
7290,4434,45,442,Lipid Panel,2025-04-07,127,mg/dL,Normal,2025-04-09T16:00:00
7291,4435,45,441,HbA1c,2025-07-17,8.4,%,Normal,2025-07-18T15:00:00
7292,4435,45,450,HbA1c,2025-10-21,5.5,%,Critical,2025-10-24T00:00:00
7293,4436,45,449,Lipid Panel,2025-07-02,243,mg/dL,Abnormal,2025-07-04T20:00:00
7294,4436,45,445,Lipid Panel,2025-09-14,255,mg/dL,Normal,2025-09-15T07:00:00
7295,4437,45,448,Lipid Panel,2025-11-18,198,mg/dL,Normal,2025-11-19T23:00:00
7296,4438,45,444,Complete Blood Count,2026-01-10,15.3,g/dL,Abnormal,2026-01-10T23:00:00
7297,4439,45,443,Complete Blood Count,2025-10-22,17.0,g/dL,Abnormal,2025-10-23T01:00:00
7298,4440,45,446,Complete Blood Count,2025-06-18,16.5,g/dL,Normal,2025-06-19T10:00:00
7299,4441,45,450,Thyroid Panel,2025-12-02,1.4,mIU/L,Normal,2025-12-04T04:00:00
7300,4442,45,449,Lipid Panel,2025-03-15,239,mg/dL,Critical,2025-03-16T13:00:00
7301,4442,45,448,Basic Metabolic Panel,2025-05-04,140,mg/dL,Normal,2025-05-06T10:00:00
7302,4443,45,450,HbA1c,2025-02-10,10.1,%,Normal,2025-02-12T15:00:00
7303,4443,45,449,Basic Metabolic Panel,2025-03-26,121,mg/dL,Normal,2025-03-27T20:00:00
7304,4444,45,449,Basic Metabolic Panel,2025-01-27,75,mg/dL,Normal,2025-01-28T06:00:00
7305,4445,45,443,Thyroid Panel,2025-11-14,3.2,mIU/L,Normal,2025-11-16T14:00:00
7306,4446,45,445,Complete Blood Count,2025-09-06,14.7,g/dL,Normal,2025-09-07T02:00:00
7307,4447,45,443,Complete Blood Count,2025-05-16,10.6,g/dL,Abnormal,2025-05-16T16:00:00
7308,4447,45,441,Basic Metabolic Panel,2025-10-18,78,mg/dL,Normal,2025-10-18T16:00:00
7309,4448,45,445,Lipid Panel,2025-08-22,183,mg/dL,Critical,2025-08-22T15:00:00
7310,4448,45,443,Basic Metabolic Panel,2025-08-13,111,mg/dL,Critical,2025-08-14T21:00:00
7311,4449,45,447,Lipid Panel,2025-06-12,211,mg/dL,Normal,2025-06-12T13:00:00
7312,4450,45,444,Complete Blood Count,2025-01-16,14.0,g/dL,Normal,2025-01-18T20:00:00
7313,4451,45,445,HbA1c,2025-04-26,7.1,%,Normal,2025-04-28T20:00:00
7314,4452,45,441,Complete Blood Count,2026-01-02,14.5,g/dL,Critical,2026-01-02T16:00:00
7315,4453,45,445,Thyroid Panel,2025-08-19,1.8,mIU/L,Normal,2025-08-20T11:00:00
7316,4453,45,441,Basic Metabolic Panel,2025-01-04,94,mg/dL,Critical,2025-01-04T23:00:00
7317,4454,45,448,Lipid Panel,2025-04-20,236,mg/dL,Abnormal,2025-04-21T03:00:00
7318,4454,45,448,Complete Blood Count,2025-01-03,8.8,g/dL,Normal,2025-01-03T18:00:00
7319,4455,45,450,Lipid Panel,2025-03-22,225,mg/dL,Abnormal,2025-03-22T16:00:00
7320,4455,45,449,Thyroid Panel,2025-03-23,6.9,mIU/L,Abnormal,2025-03-26T00:00:00
7321,4455,45,445,Complete Blood Count,2025-08-01,16.8,g/dL,Normal,2025-08-01T16:00:00
7322,4456,45,445,Thyroid Panel,2025-07-26,3.6,mIU/L,Normal,2025-07-26T15:00:00
7323,4457,45,442,HbA1c,2025-10-05,6.1,%,Normal,2025-10-07T10:00:00
7324,4457,45,445,Basic Metabolic Panel,2025-02-02,75,mg/dL,Normal,2025-02-04T17:00:00
7325,4458,45,441,HbA1c,2025-02-12,6.7,%,Normal,2025-02-14T21:00:00
7326,4458,45,444,Complete Blood Count,2025-10-20,14.4,g/dL,Normal,2025-10-23T00:00:00
7327,4458,45,447,Complete Blood Count,2025-03-19,15.5,g/dL,Normal,2025-03-20T18:00:00
7328,4459,45,445,Basic Metabolic Panel,2025-11-07,127,mg/dL,Normal,2025-11-08T15:00:00
7329,4459,45,446,HbA1c,2025-06-20,10.4,%,Normal,2025-06-21T12:00:00
7330,4460,45,441,HbA1c,2025-06-08,5.6,%,Abnormal,2025-06-09T13:00:00
7331,4461,45,447,Thyroid Panel,2025-12-06,7.1,mIU/L,Normal,2025-12-08T11:00:00
7332,4461,45,447,Complete Blood Count,2026-01-25,15.0,g/dL,Normal,2026-01-26T19:00:00
7333,4462,45,442,Thyroid Panel,2025-09-13,1.5,mIU/L,Abnormal,2025-09-13T18:00:00
7334,4463,45,449,Complete Blood Count,2025-07-08,11.4,g/dL,Normal,2025-07-09T23:00:00
7335,4464,45,448,HbA1c,2025-09-08,6.8,%,Normal,2025-09-08T14:00:00
7336,4465,45,449,Basic Metabolic Panel,2025-01-24,106,mg/dL,Normal,2025-01-25T04:00:00
7337,4466,45,445,HbA1c,2025-11-16,9.4,%,Normal,2025-11-18T23:00:00
7338,4467,45,447,Basic Metabolic Panel,2025-09-29,67,mg/dL,Normal,2025-09-30T22:00:00
7339,4468,45,441,Complete Blood Count,2025-03-05,11.0,g/dL,Normal,2025-03-06T02:00:00
7340,4469,45,447,Lipid Panel,2025-09-19,225,mg/dL,Abnormal,2025-09-20T04:00:00
7341,4469,45,448,Complete Blood Count,2025-05-11,10.6,g/dL,Normal,2025-05-11T16:00:00
7342,4470,45,449,Complete Blood Count,2025-01-03,10.7,g/dL,Critical,2025-01-04T16:00:00
7343,4470,45,449,Complete Blood Count,2025-01-06,12.0,g/dL,Normal,2025-01-06T14:00:00
7344,4471,45,445,Lipid Panel,2025-07-04,229,mg/dL,Normal,2025-07-06T00:00:00
7345,4472,45,444,Thyroid Panel,2025-08-28,6.1,mIU/L,Normal,2025-08-29T13:00:00
7346,4472,45,442,Complete Blood Count,2025-03-04,10.8,g/dL,Normal,2025-03-06T19:00:00
7347,4473,45,441,Complete Blood Count,2025-08-10,15.2,g/dL,Normal,2025-08-10T12:00:00
7348,4474,45,448,HbA1c,2025-02-26,9.4,%,Abnormal,2025-02-28T09:00:00
7349,4474,45,441,Complete Blood Count,2025-08-31,16.1,g/dL,Normal,2025-09-01T23:00:00
7350,4475,45,446,HbA1c,2025-02-22,7.5,%,Normal,2025-02-23T21:00:00
7351,4475,45,448,Basic Metabolic Panel,2025-08-10,70,mg/dL,Normal,2025-08-11T15:00:00
7352,4476,45,450,Lipid Panel,2025-10-11,165,mg/dL,Normal,2025-10-13T12:00:00
7353,4476,45,450,Complete Blood Count,2025-01-06,10.3,g/dL,Normal,2025-01-09T00:00:00
7354,4477,45,442,HbA1c,2025-04-01,5.5,%,Normal,2025-04-03T11:00:00
7355,4477,45,448,Thyroid Panel,2025-08-05,2.0,mIU/L,Normal,2025-08-07T17:00:00
7356,4478,45,441,Thyroid Panel,2025-02-22,5.5,mIU/L,Normal,2025-02-22T22:00:00
7357,4478,45,441,HbA1c,2025-05-18,8.4,%,Normal,2025-05-20T15:00:00
7358,4478,45,448,Basic Metabolic Panel,2026-01-12,140,mg/dL,Normal,2026-01-14T18:00:00
7359,4479,45,441,Complete Blood Count,2026-02-01,9.6,g/dL,Normal,2026-02-01T22:00:00
7360,4479,45,447,Lipid Panel,2025-09-30,135,mg/dL,Normal,2025-10-01T01:00:00
7361,4479,45,441,Thyroid Panel,2025-03-18,4.5,mIU/L,Normal,2025-03-19T10:00:00
7362,4480,45,442,Basic Metabolic Panel,2026-01-03,86,mg/dL,Abnormal,2026-01-03T15:00:00
7363,4480,45,447,Lipid Panel,2025-02-01,237,mg/dL,Abnormal,2025-02-02T02:00:00
7364,4481,45,450,HbA1c,2025-11-15,10.3,%,Normal,2025-11-15T18:00:00
7365,4481,45,447,Basic Metabolic Panel,2026-01-21,113,mg/dL,Normal,2026-01-21T16:00:00
7366,4481,45,447,Lipid Panel,2025-07-27,266,mg/dL,Abnormal,2025-07-29T20:00:00
7367,4482,45,447,Lipid Panel,2025-01-28,218,mg/dL,Abnormal,2025-01-28T20:00:00
7368,4483,45,447,Thyroid Panel,2025-03-15,4.1,mIU/L,Normal,2025-03-17T15:00:00
7369,4484,45,446,HbA1c,2025-10-09,6.8,%,Abnormal,2025-10-12T00:00:00
7370,4485,45,445,Complete Blood Count,2025-10-14,13.5,g/dL,Critical,2025-10-16T15:00:00
7371,4486,45,449,Basic Metabolic Panel,2025-10-02,77,mg/dL,Normal,2025-10-04T22:00:00
7372,4486,45,445,Complete Blood Count,2025-01-27,14.8,g/dL,Normal,2025-01-29T04:00:00
7373,4487,45,449,HbA1c,2025-05-04,7.8,%,Abnormal,2025-05-06T18:00:00
7374,4488,45,450,Lipid Panel,2026-01-23,126,mg/dL,Normal,2026-01-23T12:00:00
7375,4488,45,441,Lipid Panel,2025-11-29,200,mg/dL,Normal,2025-12-01T09:00:00
7376,4489,45,450,Basic Metabolic Panel,2025-07-16,69,mg/dL,Normal,2025-07-17T05:00:00
7377,4489,45,444,Basic Metabolic Panel,2025-11-16,112,mg/dL,Normal,2025-11-18T14:00:00
7378,4490,45,450,Complete Blood Count,2025-06-11,13.7,g/dL,Normal,2025-06-13T11:00:00
7379,4491,45,445,Basic Metabolic Panel,2025-03-06,66,mg/dL,Normal,2025-03-07T19:00:00
7380,4492,45,443,Basic Metabolic Panel,2025-05-15,119,mg/dL,Normal,2025-05-16T11:00:00
7381,4492,45,444,Complete Blood Count,2026-01-29,14.2,g/dL,Normal,2026-01-29T15:00:00
7382,4493,45,441,Complete Blood Count,2025-10-07,16.1,g/dL,Critical,2025-10-09T23:00:00
7383,4493,45,448,HbA1c,2025-04-18,6.4,%,Normal,2025-04-20T21:00:00
7384,4494,45,449,HbA1c,2025-06-07,5.7,%,Normal,2025-06-07T13:00:00
7385,4494,45,449,Lipid Panel,2025-06-16,248,mg/dL,Normal,2025-06-18T14:00:00
7386,4495,45,446,Lipid Panel,2025-01-07,167,mg/dL,Normal,2025-01-08T11:00:00
7387,4496,45,446,Complete Blood Count,2025-07-09,10.9,g/dL,Normal,2025-07-11T21:00:00
7388,4496,45,444,HbA1c,2025-08-28,5.5,%,Normal,2025-08-28T17:00:00
7389,4496,45,448,Thyroid Panel,2025-12-11,4.2,mIU/L,Critical,2025-12-13T12:00:00
7390,4497,45,446,Complete Blood Count,2025-11-15,9.9,g/dL,Normal,2025-11-17T11:00:00
7391,4498,45,445,Complete Blood Count,2025-07-03,12.6,g/dL,Normal,2025-07-05T11:00:00
7392,4498,45,445,Complete Blood Count,2026-01-01,9.1,g/dL,Abnormal,2026-01-03T23:00:00
7393,4498,45,448,HbA1c,2025-01-22,8.6,%,Abnormal,2025-01-23T05:00:00
7394,4499,45,446,Basic Metabolic Panel,2025-11-06,139,mg/dL,Abnormal,2025-11-08T22:00:00
7395,4500,45,443,Basic Metabolic Panel,2025-12-25,117,mg/dL,Normal,2025-12-27T03:00:00
7396,4501,46,459,Thyroid Panel,2025-10-26,7.2,mIU/L,Normal,2025-10-27T04:00:00
7397,4501,46,459,Basic Metabolic Panel,2025-01-22,90,mg/dL,Critical,2025-01-24T00:00:00
7398,4502,46,453,Lipid Panel,2025-01-25,274,mg/dL,Critical,2025-01-26T12:00:00
7399,4502,46,456,Basic Metabolic Panel,2025-07-30,90,mg/dL,Normal,2025-08-01T15:00:00
7400,4503,46,455,Complete Blood Count,2025-04-16,9.8,g/dL,Abnormal,2025-04-18T03:00:00
7401,4504,46,453,HbA1c,2025-02-05,8.0,%,Normal,2025-02-07T00:00:00
7402,4504,46,457,Basic Metabolic Panel,2025-05-28,139,mg/dL,Normal,2025-05-30T19:00:00
7403,4505,46,457,HbA1c,2025-04-10,8.9,%,Normal,2025-04-10T17:00:00
7404,4506,46,456,Thyroid Panel,2025-05-24,7.8,mIU/L,Critical,2025-05-25T11:00:00
7405,4506,46,459,Complete Blood Count,2026-01-22,11.3,g/dL,Normal,2026-01-23T22:00:00
7406,4506,46,452,HbA1c,2025-04-30,7.0,%,Normal,2025-05-02T14:00:00
7407,4507,46,459,Basic Metabolic Panel,2025-10-24,135,mg/dL,Abnormal,2025-10-25T18:00:00
7408,4507,46,454,Lipid Panel,2025-03-07,131,mg/dL,Normal,2025-03-08T00:00:00
7409,4507,46,453,Lipid Panel,2025-04-24,181,mg/dL,Normal,2025-04-26T08:00:00
7410,4508,46,454,Complete Blood Count,2025-07-17,14.0,g/dL,Abnormal,2025-07-17T12:00:00
7411,4508,46,456,Complete Blood Count,2026-01-01,13.5,g/dL,Normal,2026-01-03T06:00:00
7412,4509,46,451,Complete Blood Count,2025-05-06,15.0,g/dL,Abnormal,2025-05-08T13:00:00
7413,4510,46,457,Basic Metabolic Panel,2025-06-05,130,mg/dL,Normal,2025-06-06T17:00:00
7414,4510,46,458,Lipid Panel,2025-01-22,219,mg/dL,Normal,2025-01-24T11:00:00
7415,4510,46,456,Basic Metabolic Panel,2025-11-07,129,mg/dL,Critical,2025-11-08T14:00:00
7416,4511,46,459,Complete Blood Count,2025-09-06,11.2,g/dL,Normal,2025-09-07T00:00:00
7417,4512,46,459,Lipid Panel,2025-04-08,171,mg/dL,Abnormal,2025-04-10T20:00:00
7418,4512,46,460,Basic Metabolic Panel,2025-02-17,68,mg/dL,Abnormal,2025-02-19T02:00:00
7419,4513,46,453,HbA1c,2025-01-26,7.5,%,Normal,2025-01-28T04:00:00
7420,4513,46,456,Complete Blood Count,2025-07-22,12.7,g/dL,Normal,2025-07-22T20:00:00
7421,4514,46,457,Lipid Panel,2025-08-24,223,mg/dL,Critical,2025-08-25T21:00:00
7422,4514,46,453,Thyroid Panel,2025-02-04,5.3,mIU/L,Normal,2025-02-06T20:00:00
7423,4515,46,457,Complete Blood Count,2026-02-01,8.1,g/dL,Abnormal,2026-02-03T20:00:00
7424,4515,46,459,Thyroid Panel,2025-03-23,0.8,mIU/L,Normal,2025-03-24T19:00:00
7425,4515,46,455,Lipid Panel,2025-03-29,214,mg/dL,Normal,2025-03-30T22:00:00
7426,4516,46,459,Complete Blood Count,2025-02-08,11.8,g/dL,Normal,2025-02-10T07:00:00
7427,4517,46,455,Complete Blood Count,2025-11-09,14.0,g/dL,Normal,2025-11-11T14:00:00
7428,4518,46,451,Lipid Panel,2025-01-22,151,mg/dL,Normal,2025-01-23T23:00:00
7429,4518,46,454,HbA1c,2025-01-03,8.1,%,Normal,2025-01-05T03:00:00
7430,4519,46,455,HbA1c,2025-08-22,10.4,%,Normal,2025-08-23T23:00:00
7431,4519,46,455,Thyroid Panel,2025-05-11,2.2,mIU/L,Abnormal,2025-05-12T14:00:00
7432,4519,46,456,Thyroid Panel,2025-12-21,3.2,mIU/L,Abnormal,2025-12-22T17:00:00
7433,4520,46,457,Complete Blood Count,2025-04-21,9.6,g/dL,Normal,2025-04-21T16:00:00
7434,4520,46,459,Complete Blood Count,2025-08-05,11.8,g/dL,Abnormal,2025-08-07T11:00:00
7435,4521,46,456,Thyroid Panel,2025-09-01,7.1,mIU/L,Normal,2025-09-03T04:00:00
7436,4522,46,451,Thyroid Panel,2025-10-12,4.1,mIU/L,Abnormal,2025-10-12T12:00:00
7437,4523,46,459,Lipid Panel,2025-12-28,205,mg/dL,Abnormal,2025-12-30T23:00:00
7438,4524,46,453,Basic Metabolic Panel,2025-09-28,132,mg/dL,Normal,2025-09-29T19:00:00
7439,4525,46,452,HbA1c,2025-06-13,9.6,%,Normal,2025-06-14T19:00:00
7440,4525,46,452,Lipid Panel,2025-04-13,232,mg/dL,Normal,2025-04-15T09:00:00
7441,4525,46,453,Complete Blood Count,2025-12-09,15.6,g/dL,Normal,2025-12-10T09:00:00
7442,4526,46,458,Thyroid Panel,2026-01-05,4.9,mIU/L,Normal,2026-01-06T04:00:00
7443,4527,46,458,Thyroid Panel,2025-04-26,1.5,mIU/L,Abnormal,2025-04-28T10:00:00
7444,4527,46,456,Thyroid Panel,2025-08-11,4.0,mIU/L,Normal,2025-08-11T20:00:00
7445,4528,46,451,Basic Metabolic Panel,2025-05-21,131,mg/dL,Abnormal,2025-05-23T09:00:00
7446,4529,46,451,Complete Blood Count,2025-08-18,11.0,g/dL,Normal,2025-08-19T06:00:00
7447,4530,46,452,Thyroid Panel,2025-09-06,5.0,mIU/L,Normal,2025-09-07T20:00:00
7448,4531,46,456,Lipid Panel,2025-06-25,200,mg/dL,Abnormal,2025-06-27T06:00:00
7449,4531,46,453,HbA1c,2025-08-05,6.7,%,Normal,2025-08-06T13:00:00
7450,4532,46,460,Thyroid Panel,2025-08-26,0.7,mIU/L,Normal,2025-08-26T22:00:00
7451,4532,46,457,Basic Metabolic Panel,2025-01-23,99,mg/dL,Normal,2025-01-24T15:00:00
7452,4533,46,455,Complete Blood Count,2025-03-25,10.0,g/dL,Abnormal,2025-03-26T16:00:00
7453,4534,46,459,Basic Metabolic Panel,2025-09-27,133,mg/dL,Critical,2025-09-28T01:00:00
7454,4534,46,460,Lipid Panel,2025-10-02,171,mg/dL,Abnormal,2025-10-04T06:00:00
7455,4534,46,459,Basic Metabolic Panel,2025-03-21,82,mg/dL,Normal,2025-03-22T10:00:00
7456,4535,46,459,Basic Metabolic Panel,2025-10-16,88,mg/dL,Abnormal,2025-10-17T14:00:00
7457,4536,46,451,Lipid Panel,2025-07-25,212,mg/dL,Normal,2025-07-26T11:00:00
7458,4536,46,459,Complete Blood Count,2025-06-09,13.0,g/dL,Normal,2025-06-10T00:00:00
7459,4536,46,452,HbA1c,2025-10-24,9.9,%,Normal,2025-10-24T22:00:00
7460,4537,46,456,Complete Blood Count,2025-01-17,13.8,g/dL,Abnormal,2025-01-17T15:00:00
7461,4538,46,457,Basic Metabolic Panel,2025-07-19,101,mg/dL,Abnormal,2025-07-21T04:00:00
7462,4539,46,457,Complete Blood Count,2025-01-19,10.6,g/dL,Abnormal,2025-01-21T00:00:00
7463,4539,46,452,Complete Blood Count,2025-02-24,8.4,g/dL,Normal,2025-02-25T15:00:00
7464,4540,46,460,HbA1c,2025-06-09,6.5,%,Abnormal,2025-06-11T23:00:00
7465,4540,46,451,Complete Blood Count,2025-09-23,8.9,g/dL,Normal,2025-09-25T19:00:00
7466,4541,46,458,HbA1c,2025-11-30,10.1,%,Normal,2025-12-02T08:00:00
7467,4542,46,456,Lipid Panel,2025-06-24,153,mg/dL,Normal,2025-06-26T06:00:00
7468,4542,46,460,Thyroid Panel,2025-08-23,7.5,mIU/L,Critical,2025-08-25T07:00:00
7469,4543,46,458,Lipid Panel,2025-02-25,160,mg/dL,Critical,2025-02-26T14:00:00
7470,4544,46,457,Thyroid Panel,2025-01-24,7.1,mIU/L,Normal,2025-01-26T11:00:00
7471,4545,46,457,Complete Blood Count,2025-09-11,15.8,g/dL,Normal,2025-09-11T17:00:00
7472,4545,46,455,Complete Blood Count,2025-07-03,13.8,g/dL,Critical,2025-07-03T14:00:00
7473,4546,46,453,Lipid Panel,2025-08-04,237,mg/dL,Abnormal,2025-08-06T22:00:00
7474,4547,46,460,HbA1c,2025-07-31,9.5,%,Normal,2025-08-01T09:00:00
7475,4548,46,456,Complete Blood Count,2025-04-09,15.6,g/dL,Normal,2025-04-10T06:00:00
7476,4549,46,455,Complete Blood Count,2025-07-30,8.7,g/dL,Normal,2025-07-30T12:00:00
7477,4550,46,460,HbA1c,2025-10-09,5.7,%,Abnormal,2025-10-10T22:00:00
7478,4551,46,460,Thyroid Panel,2025-06-12,4.1,mIU/L,Critical,2025-06-14T00:00:00
7479,4552,46,455,Complete Blood Count,2025-06-15,14.1,g/dL,Critical,2025-06-15T22:00:00
7480,4553,46,453,Lipid Panel,2025-02-20,132,mg/dL,Critical,2025-02-21T13:00:00
7481,4553,46,455,Lipid Panel,2025-12-04,125,mg/dL,Normal,2025-12-05T03:00:00
7482,4553,46,453,Thyroid Panel,2025-08-23,7.7,mIU/L,Normal,2025-08-25T09:00:00
7483,4554,46,455,Lipid Panel,2026-01-03,178,mg/dL,Normal,2026-01-03T21:00:00
7484,4554,46,455,HbA1c,2025-09-26,8.9,%,Critical,2025-09-27T15:00:00
7485,4555,46,455,Complete Blood Count,2025-08-30,10.7,g/dL,Normal,2025-09-02T00:00:00
7486,4555,46,455,Basic Metabolic Panel,2025-11-14,100,mg/dL,Normal,2025-11-15T18:00:00
7487,4555,46,459,Lipid Panel,2025-02-22,195,mg/dL,Abnormal,2025-02-24T00:00:00
7488,4556,46,452,Complete Blood Count,2025-10-21,8.3,g/dL,Normal,2025-10-22T16:00:00
7489,4557,46,453,Thyroid Panel,2025-10-24,4.2,mIU/L,Normal,2025-10-26T00:00:00
7490,4558,46,455,Lipid Panel,2025-03-07,151,mg/dL,Normal,2025-03-08T20:00:00
7491,4559,46,456,Thyroid Panel,2026-02-01,3.9,mIU/L,Critical,2026-02-01T15:00:00
7492,4560,46,453,HbA1c,2025-02-06,7.9,%,Normal,2025-02-06T12:00:00
7493,4560,46,456,Basic Metabolic Panel,2025-10-21,137,mg/dL,Normal,2025-10-23T00:00:00
7494,4560,46,459,HbA1c,2025-12-14,6.0,%,Abnormal,2025-12-15T10:00:00
7495,4561,46,452,Lipid Panel,2025-05-27,177,mg/dL,Abnormal,2025-05-28T01:00:00
7496,4562,46,458,Complete Blood Count,2025-01-11,12.6,g/dL,Abnormal,2025-01-12T14:00:00
7497,4563,46,454,Thyroid Panel,2025-11-29,2.8,mIU/L,Normal,2025-11-30T06:00:00
7498,4564,46,459,HbA1c,2025-11-14,10.1,%,Abnormal,2025-11-14T13:00:00
7499,4564,46,454,Complete Blood Count,2025-03-25,9.4,g/dL,Normal,2025-03-25T16:00:00
7500,4564,46,452,Lipid Panel,2025-06-07,220,mg/dL,Normal,2025-06-09T04:00:00
7501,4565,46,459,Complete Blood Count,2025-05-15,10.9,g/dL,Normal,2025-05-17T13:00:00
7502,4565,46,459,Thyroid Panel,2026-01-28,4.8,mIU/L,Normal,2026-01-29T17:00:00
7503,4565,46,458,Complete Blood Count,2025-07-09,12.4,g/dL,Normal,2025-07-11T18:00:00
7504,4566,46,456,Complete Blood Count,2025-03-08,13.7,g/dL,Normal,2025-03-09T12:00:00
7505,4567,46,457,Lipid Panel,2026-01-01,185,mg/dL,Abnormal,2026-01-03T06:00:00
7506,4568,46,454,Lipid Panel,2025-06-21,229,mg/dL,Normal,2025-06-22T16:00:00
7507,4568,46,458,Thyroid Panel,2025-05-11,4.3,mIU/L,Normal,2025-05-13T11:00:00
7508,4568,46,458,Thyroid Panel,2026-01-16,5.1,mIU/L,Normal,2026-01-18T18:00:00
7509,4569,46,459,Basic Metabolic Panel,2025-12-06,128,mg/dL,Normal,2025-12-07T09:00:00
7510,4570,46,454,Thyroid Panel,2025-08-11,4.8,mIU/L,Abnormal,2025-08-13T17:00:00
7511,4570,46,457,Thyroid Panel,2025-09-23,6.5,mIU/L,Normal,2025-09-24T07:00:00
7512,4570,46,455,Complete Blood Count,2025-10-28,15.8,g/dL,Normal,2025-10-29T22:00:00
7513,4571,46,456,Basic Metabolic Panel,2025-03-20,137,mg/dL,Normal,2025-03-21T21:00:00
7514,4571,46,453,Thyroid Panel,2025-08-03,0.4,mIU/L,Abnormal,2025-08-05T15:00:00
7515,4571,46,452,HbA1c,2025-10-23,8.4,%,Normal,2025-10-24T08:00:00
7516,4572,46,458,Thyroid Panel,2025-09-10,6.7,mIU/L,Normal,2025-09-10T18:00:00
7517,4572,46,456,Lipid Panel,2025-04-15,169,mg/dL,Critical,2025-04-15T16:00:00
7518,4572,46,458,Thyroid Panel,2025-04-27,7.5,mIU/L,Abnormal,2025-04-27T16:00:00
7519,4573,46,455,Basic Metabolic Panel,2025-07-16,107,mg/dL,Normal,2025-07-18T20:00:00
7520,4574,46,452,Basic Metabolic Panel,2025-07-04,113,mg/dL,Normal,2025-07-06T04:00:00
7521,4574,46,452,Complete Blood Count,2025-01-23,15.2,g/dL,Normal,2025-01-23T22:00:00
7522,4575,46,460,Thyroid Panel,2025-09-25,3.0,mIU/L,Abnormal,2025-09-27T06:00:00
7523,4576,46,458,Complete Blood Count,2025-06-29,14.9,g/dL,Normal,2025-06-29T19:00:00
7524,4576,46,456,Lipid Panel,2025-11-30,251,mg/dL,Abnormal,2025-11-30T15:00:00
7525,4576,46,457,Lipid Panel,2025-11-11,144,mg/dL,Normal,2025-11-13T08:00:00
7526,4577,46,458,Basic Metabolic Panel,2025-03-29,91,mg/dL,Normal,2025-03-31T10:00:00
7527,4577,46,460,Lipid Panel,2025-05-27,247,mg/dL,Abnormal,2025-05-29T07:00:00
7528,4577,46,457,Lipid Panel,2025-07-22,165,mg/dL,Normal,2025-07-24T22:00:00
7529,4578,46,456,Lipid Panel,2025-02-09,142,mg/dL,Abnormal,2025-02-11T11:00:00
7530,4578,46,453,HbA1c,2025-04-16,9.4,%,Normal,2025-04-17T22:00:00
7531,4579,46,451,Basic Metabolic Panel,2025-08-17,106,mg/dL,Normal,2025-08-19T02:00:00
7532,4579,46,452,HbA1c,2025-06-03,10.1,%,Normal,2025-06-04T04:00:00
7533,4579,46,455,Complete Blood Count,2025-10-17,13.3,g/dL,Normal,2025-10-18T12:00:00
7534,4580,46,460,Basic Metabolic Panel,2025-11-21,87,mg/dL,Normal,2025-11-22T04:00:00
7535,4581,46,451,Thyroid Panel,2026-01-02,7.6,mIU/L,Normal,2026-01-04T17:00:00
7536,4581,46,458,Basic Metabolic Panel,2025-07-01,74,mg/dL,Abnormal,2025-07-02T16:00:00
7537,4582,46,457,Thyroid Panel,2025-11-28,2.9,mIU/L,Normal,2025-11-29T16:00:00
7538,4583,46,459,Lipid Panel,2025-02-15,209,mg/dL,Abnormal,2025-02-17T05:00:00
7539,4583,46,451,Lipid Panel,2025-12-01,142,mg/dL,Normal,2025-12-02T22:00:00
7540,4584,46,451,Basic Metabolic Panel,2025-10-24,110,mg/dL,Normal,2025-10-24T18:00:00
7541,4585,46,456,Basic Metabolic Panel,2025-02-09,119,mg/dL,Normal,2025-02-11T03:00:00
7542,4585,46,457,Basic Metabolic Panel,2025-01-05,113,mg/dL,Abnormal,2025-01-05T17:00:00
7543,4586,46,455,Lipid Panel,2025-01-01,189,mg/dL,Normal,2025-01-03T13:00:00
7544,4587,46,457,HbA1c,2025-07-13,6.7,%,Normal,2025-07-15T08:00:00
7545,4587,46,456,Basic Metabolic Panel,2025-07-05,115,mg/dL,Normal,2025-07-07T11:00:00
7546,4587,46,454,Lipid Panel,2025-11-26,270,mg/dL,Normal,2025-11-27T18:00:00
7547,4588,46,451,HbA1c,2025-09-24,4.5,%,Normal,2025-09-25T08:00:00
7548,4589,46,453,Lipid Panel,2025-01-28,182,mg/dL,Abnormal,2025-01-30T03:00:00
7549,4589,46,457,Lipid Panel,2025-06-09,150,mg/dL,Normal,2025-06-11T08:00:00
7550,4590,46,457,Complete Blood Count,2025-06-21,15.5,g/dL,Abnormal,2025-06-22T02:00:00
7551,4591,46,454,Complete Blood Count,2025-06-01,10.9,g/dL,Normal,2025-06-01T22:00:00
7552,4591,46,451,Basic Metabolic Panel,2025-02-05,132,mg/dL,Abnormal,2025-02-07T04:00:00
7553,4591,46,457,Lipid Panel,2025-04-14,268,mg/dL,Critical,2025-04-14T15:00:00
7554,4592,46,457,Complete Blood Count,2025-01-29,11.2,g/dL,Normal,2025-01-30T18:00:00
7555,4592,46,451,Basic Metabolic Panel,2025-03-04,115,mg/dL,Normal,2025-03-05T13:00:00
7556,4593,46,458,Complete Blood Count,2025-01-31,11.0,g/dL,Normal,2025-02-01T05:00:00
7557,4594,46,460,Basic Metabolic Panel,2025-11-08,121,mg/dL,Normal,2025-11-09T15:00:00
7558,4595,46,460,HbA1c,2025-01-17,7.2,%,Critical,2025-01-19T00:00:00
7559,4596,46,451,Thyroid Panel,2025-11-12,3.9,mIU/L,Abnormal,2025-11-13T14:00:00
7560,4597,46,453,Thyroid Panel,2025-09-19,6.9,mIU/L,Normal,2025-09-20T02:00:00
7561,4597,46,458,Thyroid Panel,2025-12-31,4.3,mIU/L,Normal,2026-01-01T18:00:00
7562,4597,46,460,Thyroid Panel,2025-09-16,4.2,mIU/L,Normal,2025-09-16T21:00:00
7563,4598,46,456,Thyroid Panel,2025-09-29,3.4,mIU/L,Normal,2025-10-01T11:00:00
7564,4599,46,453,Basic Metabolic Panel,2025-09-15,97,mg/dL,Critical,2025-09-15T23:00:00
7565,4599,46,454,Complete Blood Count,2025-01-19,15.9,g/dL,Abnormal,2025-01-21T00:00:00
7566,4600,46,456,HbA1c,2025-06-20,7.7,%,Critical,2025-06-22T01:00:00
7567,4601,47,464,Lipid Panel,2025-08-20,218,mg/dL,Normal,2025-08-22T18:00:00
7568,4602,47,462,HbA1c,2026-01-27,7.0,%,Normal,2026-01-29T10:00:00
7569,4602,47,462,HbA1c,2025-03-23,4.6,%,Normal,2025-03-25T22:00:00
7570,4603,47,467,HbA1c,2025-11-25,10.6,%,Abnormal,2025-11-27T17:00:00
7571,4603,47,462,Lipid Panel,2025-02-10,235,mg/dL,Abnormal,2025-02-11T14:00:00
7572,4603,47,461,Thyroid Panel,2025-11-24,2.4,mIU/L,Normal,2025-11-24T22:00:00
7573,4604,47,462,HbA1c,2025-07-29,10.4,%,Normal,2025-07-31T04:00:00
7574,4604,47,469,Complete Blood Count,2025-03-02,15.2,g/dL,Normal,2025-03-04T20:00:00
7575,4605,47,466,Complete Blood Count,2025-02-08,12.6,g/dL,Normal,2025-02-10T09:00:00
7576,4605,47,470,Complete Blood Count,2025-08-14,8.2,g/dL,Normal,2025-08-16T02:00:00
7577,4606,47,465,HbA1c,2025-01-31,8.4,%,Normal,2025-02-02T13:00:00
7578,4607,47,462,HbA1c,2026-01-25,5.1,%,Normal,2026-01-26T02:00:00
7579,4607,47,463,Basic Metabolic Panel,2025-10-17,136,mg/dL,Normal,2025-10-19T20:00:00
7580,4608,47,462,Thyroid Panel,2025-03-24,7.8,mIU/L,Abnormal,2025-03-25T15:00:00
7581,4608,47,469,Thyroid Panel,2025-11-16,0.7,mIU/L,Abnormal,2025-11-17T20:00:00
7582,4608,47,467,Complete Blood Count,2025-09-25,13.8,g/dL,Abnormal,2025-09-25T16:00:00
7583,4609,47,465,Complete Blood Count,2025-11-24,11.9,g/dL,Abnormal,2025-11-25T15:00:00
7584,4609,47,467,Complete Blood Count,2026-01-24,8.9,g/dL,Normal,2026-01-25T17:00:00
7585,4610,47,465,Lipid Panel,2025-07-29,120,mg/dL,Abnormal,2025-07-31T20:00:00
7586,4610,47,461,Thyroid Panel,2025-06-25,7.8,mIU/L,Normal,2025-06-27T11:00:00
7587,4611,47,469,Lipid Panel,2025-12-14,191,mg/dL,Normal,2025-12-14T12:00:00
7588,4611,47,468,Basic Metabolic Panel,2025-12-26,140,mg/dL,Abnormal,2025-12-27T08:00:00
7589,4611,47,463,HbA1c,2025-01-18,11.0,%,Normal,2025-01-19T02:00:00
7590,4612,47,462,Thyroid Panel,2025-02-17,7.0,mIU/L,Normal,2025-02-18T16:00:00
7591,4613,47,467,Lipid Panel,2025-12-18,158,mg/dL,Normal,2025-12-19T07:00:00
7592,4613,47,468,Basic Metabolic Panel,2025-11-27,98,mg/dL,Normal,2025-11-27T18:00:00
7593,4614,47,466,Thyroid Panel,2025-04-03,7.5,mIU/L,Normal,2025-04-04T11:00:00
7594,4614,47,470,Complete Blood Count,2025-03-11,8.7,g/dL,Abnormal,2025-03-13T19:00:00
7595,4615,47,464,HbA1c,2025-03-10,10.6,%,Normal,2025-03-10T21:00:00
7596,4616,47,468,Complete Blood Count,2025-10-23,12.8,g/dL,Abnormal,2025-10-24T07:00:00
7597,4616,47,463,Basic Metabolic Panel,2025-03-30,129,mg/dL,Normal,2025-03-31T03:00:00
7598,4617,47,466,HbA1c,2025-05-23,5.8,%,Normal,2025-05-24T04:00:00
7599,4617,47,463,Complete Blood Count,2025-11-21,10.2,g/dL,Normal,2025-11-21T12:00:00
7600,4618,47,466,Basic Metabolic Panel,2025-11-05,116,mg/dL,Abnormal,2025-11-06T05:00:00
7601,4619,47,466,Complete Blood Count,2025-10-07,9.9,g/dL,Abnormal,2025-10-09T12:00:00
7602,4619,47,466,Lipid Panel,2025-04-15,160,mg/dL,Normal,2025-04-16T18:00:00
7603,4620,47,464,Thyroid Panel,2025-03-02,4.1,mIU/L,Normal,2025-03-03T17:00:00
7604,4620,47,463,HbA1c,2026-01-03,5.5,%,Normal,2026-01-04T02:00:00
7605,4621,47,463,Complete Blood Count,2025-10-19,14.6,g/dL,Abnormal,2025-10-20T10:00:00
7606,4622,47,470,Basic Metabolic Panel,2025-08-12,106,mg/dL,Normal,2025-08-12T22:00:00
7607,4623,47,464,HbA1c,2025-08-04,4.6,%,Normal,2025-08-06T09:00:00
7608,4624,47,466,Thyroid Panel,2025-06-06,0.6,mIU/L,Normal,2025-06-08T14:00:00
7609,4624,47,470,HbA1c,2025-12-14,4.8,%,Normal,2025-12-15T22:00:00
7610,4625,47,466,HbA1c,2026-01-19,7.9,%,Normal,2026-01-19T23:00:00
7611,4626,47,468,Complete Blood Count,2026-01-21,14.9,g/dL,Normal,2026-01-21T22:00:00
7612,4626,47,466,Thyroid Panel,2026-01-06,7.6,mIU/L,Normal,2026-01-07T01:00:00
7613,4626,47,469,Complete Blood Count,2025-10-03,11.3,g/dL,Abnormal,2025-10-03T20:00:00
7614,4627,47,463,Lipid Panel,2025-07-29,141,mg/dL,Normal,2025-07-30T17:00:00
7615,4628,47,462,HbA1c,2025-03-11,5.8,%,Critical,2025-03-13T04:00:00
7616,4629,47,464,HbA1c,2025-05-27,9.5,%,Critical,2025-05-29T23:00:00
7617,4629,47,468,HbA1c,2025-12-24,9.4,%,Normal,2025-12-25T22:00:00
7618,4630,47,464,Basic Metabolic Panel,2025-05-02,76,mg/dL,Critical,2025-05-03T16:00:00
7619,4630,47,470,Thyroid Panel,2025-09-26,3.9,mIU/L,Abnormal,2025-09-26T13:00:00
7620,4631,47,466,Lipid Panel,2025-04-05,249,mg/dL,Critical,2025-04-06T22:00:00
7621,4631,47,469,Complete Blood Count,2025-12-27,15.2,g/dL,Normal,2025-12-27T21:00:00
7622,4632,47,470,Basic Metabolic Panel,2025-08-20,107,mg/dL,Abnormal,2025-08-22T08:00:00
7623,4632,47,464,Basic Metabolic Panel,2025-05-19,114,mg/dL,Normal,2025-05-21T15:00:00
7624,4633,47,466,Basic Metabolic Panel,2025-03-28,84,mg/dL,Normal,2025-03-28T21:00:00
7625,4634,47,464,HbA1c,2025-05-12,9.5,%,Normal,2025-05-14T07:00:00
7626,4634,47,463,Thyroid Panel,2026-01-11,4.7,mIU/L,Normal,2026-01-12T12:00:00
7627,4634,47,469,Complete Blood Count,2025-10-14,12.0,g/dL,Abnormal,2025-10-16T07:00:00
7628,4635,47,467,Thyroid Panel,2025-11-30,4.9,mIU/L,Normal,2025-12-01T00:00:00
7629,4636,47,462,Complete Blood Count,2025-12-03,16.6,g/dL,Normal,2025-12-05T18:00:00
7630,4637,47,463,Thyroid Panel,2025-07-15,1.4,mIU/L,Critical,2025-07-15T21:00:00
7631,4637,47,469,Basic Metabolic Panel,2025-06-06,66,mg/dL,Normal,2025-06-08T08:00:00
7632,4638,47,468,Complete Blood Count,2025-05-06,14.8,g/dL,Normal,2025-05-07T14:00:00
7633,4638,47,461,HbA1c,2025-06-20,6.9,%,Critical,2025-06-22T05:00:00
7634,4639,47,463,HbA1c,2025-12-18,8.6,%,Normal,2025-12-20T01:00:00
7635,4639,47,465,Complete Blood Count,2025-06-13,9.3,g/dL,Normal,2025-06-13T22:00:00
7636,4640,47,470,Complete Blood Count,2025-10-08,14.1,g/dL,Normal,2025-10-10T20:00:00
7637,4640,47,469,Basic Metabolic Panel,2025-09-26,68,mg/dL,Normal,2025-09-26T16:00:00
7638,4641,47,468,Complete Blood Count,2026-01-17,10.5,g/dL,Abnormal,2026-01-17T23:00:00
7639,4641,47,464,Basic Metabolic Panel,2025-05-06,68,mg/dL,Critical,2025-05-08T13:00:00
7640,4641,47,469,Complete Blood Count,2025-06-20,12.6,g/dL,Normal,2025-06-21T23:00:00
7641,4642,47,465,Lipid Panel,2025-03-10,244,mg/dL,Normal,2025-03-12T13:00:00
7642,4643,47,467,Basic Metabolic Panel,2025-08-02,128,mg/dL,Abnormal,2025-08-03T01:00:00
7643,4644,47,464,Complete Blood Count,2025-02-08,14.4,g/dL,Critical,2025-02-10T07:00:00
7644,4644,47,461,HbA1c,2025-06-02,6.0,%,Normal,2025-06-04T08:00:00
7645,4645,47,468,Thyroid Panel,2025-06-18,7.8,mIU/L,Normal,2025-06-20T13:00:00
7646,4645,47,465,Lipid Panel,2025-10-12,150,mg/dL,Normal,2025-10-12T19:00:00
7647,4646,47,462,Thyroid Panel,2025-08-30,6.8,mIU/L,Normal,2025-08-31T05:00:00
7648,4646,47,470,Complete Blood Count,2025-12-21,14.4,g/dL,Normal,2025-12-23T21:00:00
7649,4646,47,462,Lipid Panel,2025-07-02,218,mg/dL,Normal,2025-07-04T03:00:00
7650,4647,47,461,Lipid Panel,2025-03-09,134,mg/dL,Normal,2025-03-11T07:00:00
7651,4648,47,468,Thyroid Panel,2026-01-20,1.2,mIU/L,Normal,2026-01-20T13:00:00
7652,4649,47,463,Basic Metabolic Panel,2025-09-27,105,mg/dL,Normal,2025-09-28T22:00:00
7653,4649,47,462,Thyroid Panel,2025-03-27,2.7,mIU/L,Normal,2025-03-27T13:00:00
7654,4650,47,465,Complete Blood Count,2025-03-08,11.4,g/dL,Normal,2025-03-10T19:00:00
7655,4651,47,462,Thyroid Panel,2025-02-22,7.1,mIU/L,Normal,2025-02-22T12:00:00
7656,4651,47,464,Complete Blood Count,2025-01-10,16.4,g/dL,Abnormal,2025-01-12T21:00:00
7657,4651,47,468,Thyroid Panel,2025-04-03,5.4,mIU/L,Normal,2025-04-05T12:00:00
7658,4652,47,463,Lipid Panel,2025-10-06,169,mg/dL,Normal,2025-10-08T05:00:00
7659,4653,47,468,Complete Blood Count,2025-10-17,9.6,g/dL,Abnormal,2025-10-19T05:00:00
7660,4654,47,462,Thyroid Panel,2025-02-08,2.7,mIU/L,Abnormal,2025-02-10T19:00:00
7661,4654,47,465,Basic Metabolic Panel,2025-02-12,114,mg/dL,Abnormal,2025-02-14T19:00:00
7662,4654,47,467,Complete Blood Count,2025-09-11,16.4,g/dL,Abnormal,2025-09-11T21:00:00
7663,4655,47,465,HbA1c,2026-01-01,4.8,%,Critical,2026-01-03T00:00:00
7664,4656,47,464,HbA1c,2025-04-16,6.0,%,Normal,2025-04-17T11:00:00
7665,4657,47,463,Basic Metabolic Panel,2025-06-16,81,mg/dL,Normal,2025-06-16T16:00:00
7666,4657,47,470,HbA1c,2025-03-03,7.0,%,Normal,2025-03-04T19:00:00
7667,4657,47,466,Complete Blood Count,2025-06-23,15.3,g/dL,Normal,2025-06-23T18:00:00
7668,4658,47,461,Thyroid Panel,2025-04-14,3.3,mIU/L,Abnormal,2025-04-14T15:00:00
7669,4658,47,470,Lipid Panel,2025-01-01,195,mg/dL,Normal,2025-01-02T18:00:00
7670,4659,47,464,HbA1c,2025-12-15,8.2,%,Normal,2025-12-16T14:00:00
7671,4659,47,464,Lipid Panel,2025-01-26,264,mg/dL,Abnormal,2025-01-27T02:00:00
7672,4660,47,469,HbA1c,2025-04-13,7.6,%,Normal,2025-04-14T02:00:00
7673,4661,47,469,Complete Blood Count,2025-01-15,14.3,g/dL,Normal,2025-01-17T14:00:00
7674,4661,47,462,Basic Metabolic Panel,2025-12-16,83,mg/dL,Normal,2025-12-17T12:00:00
7675,4662,47,465,Basic Metabolic Panel,2025-05-04,131,mg/dL,Normal,2025-05-06T05:00:00
7676,4663,47,461,Complete Blood Count,2025-05-11,10.0,g/dL,Normal,2025-05-13T13:00:00
7677,4664,47,466,Thyroid Panel,2026-01-07,5.8,mIU/L,Critical,2026-01-09T09:00:00
7678,4664,47,467,HbA1c,2025-01-31,8.7,%,Normal,2025-01-31T18:00:00
7679,4664,47,470,Complete Blood Count,2025-03-28,9.3,g/dL,Normal,2025-03-28T12:00:00
7680,4665,47,462,Thyroid Panel,2025-11-06,4.3,mIU/L,Normal,2025-11-06T12:00:00
7681,4665,47,461,Thyroid Panel,2025-09-07,1.2,mIU/L,Normal,2025-09-09T13:00:00
7682,4665,47,468,HbA1c,2026-01-16,5.3,%,Critical,2026-01-18T01:00:00
7683,4666,47,468,Basic Metabolic Panel,2025-01-11,110,mg/dL,Normal,2025-01-12T05:00:00
7684,4667,47,463,Lipid Panel,2025-11-18,251,mg/dL,Normal,2025-11-21T00:00:00
7685,4667,47,464,Thyroid Panel,2025-06-27,5.5,mIU/L,Normal,2025-06-28T15:00:00
7686,4667,47,469,Basic Metabolic Panel,2025-01-06,86,mg/dL,Abnormal,2025-01-06T21:00:00
7687,4668,47,469,Basic Metabolic Panel,2025-01-16,75,mg/dL,Normal,2025-01-18T17:00:00
7688,4669,47,466,Lipid Panel,2025-09-07,192,mg/dL,Abnormal,2025-09-08T12:00:00
7689,4669,47,462,HbA1c,2025-03-15,6.4,%,Critical,2025-03-17T10:00:00
7690,4670,47,468,Complete Blood Count,2025-10-26,14.2,g/dL,Normal,2025-10-28T23:00:00
7691,4670,47,465,HbA1c,2025-06-01,5.9,%,Normal,2025-06-02T11:00:00
7692,4670,47,466,Complete Blood Count,2025-01-27,16.6,g/dL,Normal,2025-01-27T15:00:00
7693,4671,47,461,Basic Metabolic Panel,2025-06-29,139,mg/dL,Normal,2025-06-30T07:00:00
7694,4671,47,466,Basic Metabolic Panel,2025-03-11,97,mg/dL,Normal,2025-03-13T15:00:00
7695,4672,47,465,Lipid Panel,2025-11-19,225,mg/dL,Normal,2025-11-19T17:00:00
7696,4673,47,461,Thyroid Panel,2025-03-23,4.3,mIU/L,Normal,2025-03-24T04:00:00
7697,4673,47,469,Complete Blood Count,2025-08-09,10.4,g/dL,Normal,2025-08-11T06:00:00
7698,4674,47,464,Basic Metabolic Panel,2025-08-14,65,mg/dL,Normal,2025-08-15T06:00:00
7699,4675,47,467,Complete Blood Count,2025-07-05,9.5,g/dL,Normal,2025-07-05T22:00:00
7700,4676,47,464,Complete Blood Count,2026-01-16,9.7,g/dL,Normal,2026-01-16T17:00:00
7701,4676,47,463,Lipid Panel,2025-01-15,259,mg/dL,Normal,2025-01-17T22:00:00
7702,4676,47,465,Complete Blood Count,2025-05-17,12.4,g/dL,Normal,2025-05-19T07:00:00
7703,4677,47,468,Thyroid Panel,2026-01-30,0.6,mIU/L,Normal,2026-01-31T23:00:00
7704,4678,47,462,Basic Metabolic Panel,2025-11-11,89,mg/dL,Normal,2025-11-12T01:00:00
7705,4679,47,467,Thyroid Panel,2025-02-22,5.2,mIU/L,Abnormal,2025-02-22T13:00:00
7706,4679,47,469,Lipid Panel,2025-08-05,269,mg/dL,Normal,2025-08-07T05:00:00
7707,4680,47,462,Lipid Panel,2025-07-15,135,mg/dL,Normal,2025-07-16T06:00:00
7708,4681,47,468,Basic Metabolic Panel,2025-08-26,98,mg/dL,Abnormal,2025-08-27T23:00:00
7709,4681,47,467,Lipid Panel,2025-01-25,204,mg/dL,Normal,2025-01-26T23:00:00
7710,4682,47,462,HbA1c,2025-10-21,6.1,%,Normal,2025-10-23T01:00:00
7711,4683,47,461,Thyroid Panel,2025-03-29,4.8,mIU/L,Normal,2025-03-30T20:00:00
7712,4684,47,469,HbA1c,2026-01-27,8.6,%,Normal,2026-01-29T17:00:00
7713,4685,47,463,HbA1c,2025-03-14,8.9,%,Normal,2025-03-14T12:00:00
7714,4686,47,469,Basic Metabolic Panel,2025-10-16,108,mg/dL,Normal,2025-10-16T19:00:00
7715,4686,47,462,Thyroid Panel,2025-09-28,6.4,mIU/L,Abnormal,2025-09-28T14:00:00
7716,4686,47,463,Thyroid Panel,2025-11-06,6.9,mIU/L,Critical,2025-11-08T13:00:00
7717,4687,47,466,Lipid Panel,2025-08-10,123,mg/dL,Normal,2025-08-11T19:00:00
7718,4688,47,469,Lipid Panel,2025-04-27,133,mg/dL,Abnormal,2025-04-28T23:00:00
7719,4689,47,462,Basic Metabolic Panel,2025-08-26,125,mg/dL,Normal,2025-08-28T14:00:00
7720,4690,47,462,Thyroid Panel,2025-03-04,7.0,mIU/L,Normal,2025-03-06T11:00:00
7721,4691,47,468,Complete Blood Count,2025-01-18,13.2,g/dL,Normal,2025-01-20T02:00:00
7722,4692,47,465,HbA1c,2025-05-23,10.6,%,Abnormal,2025-05-23T13:00:00
7723,4693,47,462,HbA1c,2025-08-21,6.1,%,Normal,2025-08-23T15:00:00
7724,4693,47,464,Thyroid Panel,2025-05-06,5.3,mIU/L,Abnormal,2025-05-06T19:00:00
7725,4694,47,466,HbA1c,2025-08-06,7.2,%,Normal,2025-08-08T02:00:00
7726,4694,47,468,Thyroid Panel,2025-07-13,1.6,mIU/L,Abnormal,2025-07-13T23:00:00
7727,4694,47,464,Lipid Panel,2025-04-22,241,mg/dL,Critical,2025-04-22T22:00:00
7728,4695,47,468,Complete Blood Count,2025-11-21,9.7,g/dL,Normal,2025-11-23T03:00:00
7729,4695,47,461,HbA1c,2026-01-27,7.2,%,Normal,2026-01-28T08:00:00
7730,4695,47,462,HbA1c,2025-04-30,4.9,%,Normal,2025-05-01T07:00:00
7731,4696,47,467,Thyroid Panel,2025-04-29,5.3,mIU/L,Critical,2025-04-29T21:00:00
7732,4696,47,469,Basic Metabolic Panel,2025-12-22,114,mg/dL,Normal,2025-12-23T23:00:00
7733,4696,47,467,Complete Blood Count,2026-01-05,16.4,g/dL,Normal,2026-01-07T04:00:00
7734,4697,47,461,Lipid Panel,2025-04-06,188,mg/dL,Normal,2025-04-08T19:00:00
7735,4698,47,468,HbA1c,2025-04-21,9.2,%,Normal,2025-04-22T17:00:00
7736,4698,47,461,Complete Blood Count,2025-02-08,10.0,g/dL,Critical,2025-02-09T21:00:00
7737,4699,47,462,Lipid Panel,2025-12-12,208,mg/dL,Abnormal,2025-12-13T18:00:00
7738,4700,47,469,Lipid Panel,2025-03-05,225,mg/dL,Normal,2025-03-05T16:00:00
7739,4700,47,465,Basic Metabolic Panel,2025-03-29,113,mg/dL,Normal,2025-03-29T13:00:00
7740,4701,48,479,Basic Metabolic Panel,2026-01-11,94,mg/dL,Normal,2026-01-12T10:00:00
7741,4702,48,476,HbA1c,2025-08-02,9.7,%,Normal,2025-08-04T19:00:00
7742,4703,48,474,Complete Blood Count,2025-07-22,13.9,g/dL,Normal,2025-07-23T20:00:00
7743,4703,48,480,Lipid Panel,2025-07-26,223,mg/dL,Normal,2025-07-27T02:00:00
7744,4703,48,471,Complete Blood Count,2025-11-28,12.9,g/dL,Abnormal,2025-11-29T21:00:00
7745,4704,48,479,Lipid Panel,2025-03-05,131,mg/dL,Normal,2025-03-06T07:00:00
7746,4705,48,479,Complete Blood Count,2025-08-10,11.6,g/dL,Normal,2025-08-10T12:00:00
7747,4706,48,475,Complete Blood Count,2025-11-14,12.6,g/dL,Abnormal,2025-11-14T14:00:00
7748,4706,48,473,HbA1c,2025-07-25,6.3,%,Abnormal,2025-07-27T15:00:00
7749,4706,48,479,Thyroid Panel,2025-08-10,6.3,mIU/L,Normal,2025-08-10T16:00:00
7750,4707,48,477,Complete Blood Count,2025-10-07,16.3,g/dL,Normal,2025-10-08T17:00:00
7751,4708,48,474,Complete Blood Count,2025-04-10,10.4,g/dL,Normal,2025-04-12T08:00:00
7752,4708,48,472,Lipid Panel,2025-03-10,235,mg/dL,Normal,2025-03-12T12:00:00
7753,4709,48,479,Complete Blood Count,2025-01-04,10.7,g/dL,Normal,2025-01-06T05:00:00
7754,4709,48,479,Lipid Panel,2025-10-18,190,mg/dL,Normal,2025-10-18T19:00:00
7755,4710,48,478,Basic Metabolic Panel,2025-10-25,97,mg/dL,Abnormal,2025-10-25T23:00:00
7756,4711,48,477,Thyroid Panel,2025-04-15,6.5,mIU/L,Normal,2025-04-17T20:00:00
7757,4712,48,473,Lipid Panel,2025-12-23,244,mg/dL,Normal,2025-12-25T13:00:00
7758,4712,48,479,Complete Blood Count,2025-04-17,11.3,g/dL,Normal,2025-04-19T06:00:00
7759,4713,48,479,Thyroid Panel,2025-03-31,2.2,mIU/L,Normal,2025-03-31T17:00:00
7760,4714,48,477,Complete Blood Count,2025-05-06,13.9,g/dL,Normal,2025-05-07T20:00:00
7761,4715,48,478,Thyroid Panel,2025-01-07,3.8,mIU/L,Normal,2025-01-07T21:00:00
7762,4715,48,475,Thyroid Panel,2025-08-30,8.0,mIU/L,Normal,2025-08-30T22:00:00
7763,4715,48,475,Thyroid Panel,2025-01-02,4.2,mIU/L,Normal,2025-01-03T09:00:00
7764,4716,48,472,Basic Metabolic Panel,2025-10-02,126,mg/dL,Normal,2025-10-02T16:00:00
7765,4717,48,474,Basic Metabolic Panel,2025-11-05,93,mg/dL,Normal,2025-11-07T05:00:00
7766,4717,48,480,Lipid Panel,2025-10-12,134,mg/dL,Normal,2025-10-14T21:00:00
7767,4718,48,473,Basic Metabolic Panel,2025-02-19,131,mg/dL,Normal,2025-02-20T05:00:00
7768,4718,48,476,Lipid Panel,2025-06-12,271,mg/dL,Abnormal,2025-06-13T03:00:00
7769,4718,48,477,Thyroid Panel,2025-03-18,4.3,mIU/L,Critical,2025-03-19T03:00:00
7770,4719,48,471,Basic Metabolic Panel,2025-11-20,86,mg/dL,Abnormal,2025-11-21T07:00:00
7771,4719,48,477,Complete Blood Count,2025-02-13,15.7,g/dL,Normal,2025-02-14T09:00:00
7772,4720,48,473,Lipid Panel,2025-12-22,133,mg/dL,Normal,2025-12-23T12:00:00
7773,4720,48,471,Complete Blood Count,2025-05-24,14.1,g/dL,Normal,2025-05-25T12:00:00
7774,4720,48,472,HbA1c,2025-02-09,9.1,%,Normal,2025-02-11T18:00:00
7775,4721,48,471,HbA1c,2025-02-23,6.4,%,Abnormal,2025-02-25T20:00:00
7776,4721,48,471,Thyroid Panel,2025-08-03,1.9,mIU/L,Normal,2025-08-03T20:00:00
7777,4721,48,478,HbA1c,2025-07-26,7.8,%,Normal,2025-07-26T23:00:00
7778,4722,48,479,Basic Metabolic Panel,2025-09-03,73,mg/dL,Normal,2025-09-05T23:00:00
7779,4723,48,478,Basic Metabolic Panel,2025-01-13,117,mg/dL,Normal,2025-01-15T09:00:00
7780,4723,48,474,Thyroid Panel,2025-12-18,7.0,mIU/L,Normal,2025-12-19T09:00:00
7781,4724,48,477,Thyroid Panel,2025-10-26,4.7,mIU/L,Normal,2025-10-26T15:00:00
7782,4724,48,478,HbA1c,2025-07-31,5.0,%,Normal,2025-08-02T01:00:00
7783,4725,48,477,Basic Metabolic Panel,2025-12-12,96,mg/dL,Normal,2025-12-13T03:00:00
7784,4725,48,476,Basic Metabolic Panel,2025-09-17,75,mg/dL,Normal,2025-09-18T05:00:00
7785,4726,48,478,Basic Metabolic Panel,2025-09-26,128,mg/dL,Normal,2025-09-27T11:00:00
7786,4727,48,475,HbA1c,2025-07-31,7.8,%,Normal,2025-07-31T16:00:00
7787,4727,48,479,Lipid Panel,2025-05-30,232,mg/dL,Normal,2025-05-31T07:00:00
7788,4728,48,473,Lipid Panel,2025-07-13,278,mg/dL,Normal,2025-07-13T14:00:00
7789,4728,48,475,HbA1c,2025-04-04,6.6,%,Abnormal,2025-04-05T10:00:00
7790,4729,48,471,Lipid Panel,2025-09-03,150,mg/dL,Normal,2025-09-05T15:00:00
7791,4730,48,480,Thyroid Panel,2025-02-06,4.5,mIU/L,Normal,2025-02-08T22:00:00
7792,4730,48,472,Complete Blood Count,2025-08-13,16.7,g/dL,Normal,2025-08-15T10:00:00
7793,4731,48,480,HbA1c,2025-09-18,4.5,%,Abnormal,2025-09-20T16:00:00
7794,4731,48,471,HbA1c,2025-05-11,5.9,%,Normal,2025-05-11T17:00:00
7795,4732,48,479,Complete Blood Count,2025-07-12,12.6,g/dL,Normal,2025-07-13T08:00:00
7796,4733,48,479,Basic Metabolic Panel,2025-11-11,78,mg/dL,Normal,2025-11-13T16:00:00
7797,4734,48,471,Basic Metabolic Panel,2025-04-16,129,mg/dL,Abnormal,2025-04-18T03:00:00
7798,4734,48,472,Lipid Panel,2025-11-15,152,mg/dL,Normal,2025-11-16T07:00:00
7799,4734,48,478,HbA1c,2025-04-03,8.3,%,Abnormal,2025-04-04T10:00:00
7800,4735,48,477,HbA1c,2025-07-06,7.4,%,Normal,2025-07-07T08:00:00
7801,4736,48,474,Lipid Panel,2025-02-06,262,mg/dL,Normal,2025-02-06T12:00:00
7802,4736,48,478,Complete Blood Count,2025-07-21,15.1,g/dL,Abnormal,2025-07-21T15:00:00
7803,4737,48,476,Basic Metabolic Panel,2025-09-25,91,mg/dL,Normal,2025-09-27T09:00:00
7804,4738,48,475,Complete Blood Count,2025-07-27,8.5,g/dL,Abnormal,2025-07-27T12:00:00
7805,4738,48,477,Basic Metabolic Panel,2025-07-28,79,mg/dL,Critical,2025-07-30T20:00:00
7806,4738,48,472,HbA1c,2025-02-10,5.8,%,Normal,2025-02-11T16:00:00
7807,4739,48,473,HbA1c,2025-07-11,6.4,%,Normal,2025-07-12T12:00:00
7808,4740,48,472,Thyroid Panel,2025-04-20,1.0,mIU/L,Abnormal,2025-04-21T02:00:00
7809,4740,48,477,Thyroid Panel,2025-06-18,7.8,mIU/L,Normal,2025-06-19T17:00:00
7810,4741,48,475,Basic Metabolic Panel,2025-07-16,67,mg/dL,Normal,2025-07-17T23:00:00
7811,4741,48,473,Basic Metabolic Panel,2025-07-10,67,mg/dL,Normal,2025-07-11T00:00:00
7812,4742,48,473,HbA1c,2025-10-29,8.5,%,Normal,2025-11-01T00:00:00
7813,4742,48,477,Basic Metabolic Panel,2025-10-07,71,mg/dL,Abnormal,2025-10-09T09:00:00
7814,4743,48,472,Thyroid Panel,2025-06-13,3.9,mIU/L,Normal,2025-06-14T21:00:00
7815,4743,48,475,Complete Blood Count,2025-01-11,10.6,g/dL,Normal,2025-01-12T00:00:00
7816,4743,48,474,HbA1c,2025-05-14,7.9,%,Normal,2025-05-15T09:00:00
7817,4744,48,477,Complete Blood Count,2025-05-04,16.2,g/dL,Normal,2025-05-06T19:00:00
7818,4744,48,471,Lipid Panel,2025-12-02,160,mg/dL,Abnormal,2025-12-04T11:00:00
7819,4745,48,471,Thyroid Panel,2025-05-30,5.3,mIU/L,Normal,2025-05-31T06:00:00
7820,4746,48,473,Complete Blood Count,2025-05-21,15.1,g/dL,Abnormal,2025-05-23T18:00:00
7821,4746,48,476,Basic Metabolic Panel,2025-01-21,68,mg/dL,Normal,2025-01-22T18:00:00
7822,4746,48,477,Basic Metabolic Panel,2025-09-06,136,mg/dL,Critical,2025-09-06T20:00:00
7823,4747,48,474,Basic Metabolic Panel,2025-08-17,109,mg/dL,Normal,2025-08-19T19:00:00
7824,4748,48,472,HbA1c,2025-01-27,5.2,%,Normal,2025-01-28T06:00:00
7825,4749,48,478,Basic Metabolic Panel,2025-09-07,113,mg/dL,Normal,2025-09-09T02:00:00
7826,4750,48,474,Lipid Panel,2025-05-19,153,mg/dL,Normal,2025-05-21T19:00:00
7827,4750,48,478,Lipid Panel,2025-02-10,239,mg/dL,Normal,2025-02-12T01:00:00
7828,4751,48,478,Thyroid Panel,2025-03-09,7.9,mIU/L,Abnormal,2025-03-09T13:00:00
7829,4752,48,475,Complete Blood Count,2025-10-03,16.3,g/dL,Normal,2025-10-05T09:00:00
7830,4753,48,475,Lipid Panel,2026-01-13,263,mg/dL,Normal,2026-01-14T21:00:00
7831,4753,48,480,Basic Metabolic Panel,2025-10-20,116,mg/dL,Critical,2025-10-21T05:00:00
7832,4754,48,477,Basic Metabolic Panel,2025-05-19,127,mg/dL,Normal,2025-05-21T13:00:00
7833,4755,48,479,Thyroid Panel,2025-07-20,7.9,mIU/L,Abnormal,2025-07-22T02:00:00
7834,4756,48,478,Thyroid Panel,2025-10-17,3.6,mIU/L,Normal,2025-10-19T22:00:00
7835,4756,48,475,Complete Blood Count,2025-05-03,12.9,g/dL,Normal,2025-05-04T08:00:00
7836,4757,48,480,HbA1c,2025-12-18,8.5,%,Abnormal,2025-12-19T06:00:00
7837,4757,48,475,Basic Metabolic Panel,2025-04-06,100,mg/dL,Normal,2025-04-07T17:00:00
7838,4758,48,475,HbA1c,2025-03-19,6.7,%,Normal,2025-03-20T18:00:00
7839,4759,48,480,HbA1c,2025-11-29,6.1,%,Normal,2025-11-29T22:00:00
7840,4760,48,471,Basic Metabolic Panel,2025-02-16,105,mg/dL,Normal,2025-02-18T19:00:00
7841,4761,48,475,Basic Metabolic Panel,2025-05-03,65,mg/dL,Normal,2025-05-04T16:00:00
7842,4761,48,479,Complete Blood Count,2025-07-31,10.1,g/dL,Critical,2025-08-01T21:00:00
7843,4762,48,472,Complete Blood Count,2025-11-28,13.0,g/dL,Normal,2025-11-29T11:00:00
7844,4762,48,478,Basic Metabolic Panel,2026-01-04,65,mg/dL,Normal,2026-01-05T18:00:00
7845,4763,48,480,Thyroid Panel,2025-11-04,2.0,mIU/L,Normal,2025-11-06T04:00:00
7846,4764,48,478,Thyroid Panel,2025-09-02,7.5,mIU/L,Abnormal,2025-09-04T08:00:00
7847,4765,48,477,Lipid Panel,2026-01-26,143,mg/dL,Abnormal,2026-01-27T18:00:00
7848,4765,48,472,Thyroid Panel,2025-07-28,3.4,mIU/L,Abnormal,2025-07-29T14:00:00
7849,4766,48,479,Basic Metabolic Panel,2025-07-26,73,mg/dL,Normal,2025-07-28T21:00:00
7850,4766,48,474,Thyroid Panel,2025-10-01,3.3,mIU/L,Normal,2025-10-01T19:00:00
7851,4767,48,473,Basic Metabolic Panel,2025-06-05,81,mg/dL,Abnormal,2025-06-07T07:00:00
7852,4767,48,479,Basic Metabolic Panel,2025-01-14,103,mg/dL,Normal,2025-01-16T03:00:00
7853,4767,48,477,HbA1c,2025-05-22,9.8,%,Normal,2025-05-24T00:00:00
7854,4768,48,476,Lipid Panel,2025-06-02,220,mg/dL,Critical,2025-06-03T05:00:00
7855,4769,48,475,Thyroid Panel,2025-05-28,5.3,mIU/L,Normal,2025-05-28T18:00:00
7856,4769,48,478,Basic Metabolic Panel,2025-01-25,86,mg/dL,Normal,2025-01-27T21:00:00
7857,4770,48,472,Lipid Panel,2025-11-12,255,mg/dL,Abnormal,2025-11-13T03:00:00
7858,4771,48,473,Thyroid Panel,2025-01-13,0.4,mIU/L,Normal,2025-01-15T14:00:00
7859,4771,48,473,Complete Blood Count,2025-07-17,11.2,g/dL,Normal,2025-07-18T08:00:00
7860,4771,48,476,Basic Metabolic Panel,2025-08-07,132,mg/dL,Normal,2025-08-09T03:00:00
7861,4772,48,472,Thyroid Panel,2025-04-22,1.6,mIU/L,Normal,2025-04-23T00:00:00
7862,4773,48,473,HbA1c,2025-05-20,4.6,%,Critical,2025-05-22T21:00:00
7863,4773,48,476,Basic Metabolic Panel,2025-09-21,106,mg/dL,Normal,2025-09-23T08:00:00
7864,4773,48,473,Basic Metabolic Panel,2025-09-22,119,mg/dL,Critical,2025-09-23T14:00:00
7865,4774,48,473,Basic Metabolic Panel,2026-01-08,122,mg/dL,Normal,2026-01-10T17:00:00
7866,4775,48,474,Lipid Panel,2025-06-18,181,mg/dL,Critical,2025-06-19T15:00:00
7867,4775,48,480,HbA1c,2025-01-11,10.4,%,Normal,2025-01-11T17:00:00
7868,4775,48,475,HbA1c,2025-07-13,7.4,%,Normal,2025-07-13T17:00:00
7869,4776,48,473,Thyroid Panel,2026-01-02,6.8,mIU/L,Normal,2026-01-04T13:00:00
7870,4776,48,477,HbA1c,2025-04-20,4.9,%,Normal,2025-04-20T16:00:00
7871,4777,48,478,Lipid Panel,2025-11-23,166,mg/dL,Normal,2025-11-24T14:00:00
7872,4778,48,475,Basic Metabolic Panel,2025-12-25,112,mg/dL,Abnormal,2025-12-27T21:00:00
7873,4779,48,472,Lipid Panel,2025-04-23,135,mg/dL,Abnormal,2025-04-25T12:00:00
7874,4780,48,477,Basic Metabolic Panel,2025-08-12,87,mg/dL,Normal,2025-08-13T04:00:00
7875,4781,48,480,Thyroid Panel,2025-12-28,5.1,mIU/L,Abnormal,2025-12-29T20:00:00
7876,4782,48,475,Lipid Panel,2025-04-19,205,mg/dL,Abnormal,2025-04-20T09:00:00
7877,4783,48,473,HbA1c,2025-08-09,8.6,%,Abnormal,2025-08-09T20:00:00
7878,4783,48,479,Basic Metabolic Panel,2025-09-12,65,mg/dL,Critical,2025-09-14T08:00:00
7879,4784,48,474,Thyroid Panel,2025-12-31,2.5,mIU/L,Abnormal,2026-01-01T17:00:00
7880,4785,48,474,HbA1c,2025-08-26,9.5,%,Normal,2025-08-28T07:00:00
7881,4785,48,472,Thyroid Panel,2025-06-12,7.0,mIU/L,Normal,2025-06-12T13:00:00
7882,4786,48,473,HbA1c,2025-06-27,4.8,%,Critical,2025-06-29T06:00:00
7883,4786,48,475,Basic Metabolic Panel,2025-02-09,109,mg/dL,Normal,2025-02-09T20:00:00
7884,4786,48,480,Complete Blood Count,2025-11-27,14.0,g/dL,Normal,2025-11-28T15:00:00
7885,4787,48,476,Thyroid Panel,2025-11-24,3.8,mIU/L,Normal,2025-11-25T16:00:00
7886,4787,48,474,Complete Blood Count,2025-06-11,10.1,g/dL,Normal,2025-06-12T22:00:00
7887,4788,48,480,HbA1c,2026-01-24,6.3,%,Normal,2026-01-24T20:00:00
7888,4789,48,475,Complete Blood Count,2025-03-26,8.6,g/dL,Abnormal,2025-03-28T13:00:00
7889,4789,48,474,Complete Blood Count,2025-01-25,13.2,g/dL,Normal,2025-01-26T18:00:00
7890,4790,48,476,Lipid Panel,2025-01-14,268,mg/dL,Normal,2025-01-16T18:00:00
7891,4791,48,474,Lipid Panel,2025-03-23,279,mg/dL,Normal,2025-03-25T20:00:00
7892,4791,48,471,HbA1c,2026-01-29,8.9,%,Normal,2026-01-31T09:00:00
7893,4792,48,477,Lipid Panel,2025-06-04,249,mg/dL,Normal,2025-06-06T02:00:00
7894,4793,48,476,Basic Metabolic Panel,2025-12-21,134,mg/dL,Abnormal,2025-12-22T02:00:00
7895,4794,48,480,Lipid Panel,2025-10-25,274,mg/dL,Normal,2025-10-27T13:00:00
7896,4794,48,472,Complete Blood Count,2025-06-29,13.2,g/dL,Critical,2025-06-29T17:00:00
7897,4795,48,476,Basic Metabolic Panel,2025-08-14,135,mg/dL,Critical,2025-08-15T21:00:00
7898,4795,48,479,Complete Blood Count,2025-10-17,14.1,g/dL,Normal,2025-10-18T09:00:00
7899,4796,48,479,Lipid Panel,2025-08-17,274,mg/dL,Normal,2025-08-18T21:00:00
7900,4796,48,472,Thyroid Panel,2025-08-10,4.9,mIU/L,Normal,2025-08-12T16:00:00
7901,4797,48,479,HbA1c,2025-11-22,7.1,%,Abnormal,2025-11-24T08:00:00
7902,4797,48,478,HbA1c,2025-08-03,6.7,%,Normal,2025-08-03T22:00:00
7903,4798,48,477,Basic Metabolic Panel,2025-04-18,65,mg/dL,Normal,2025-04-20T22:00:00
7904,4798,48,472,Thyroid Panel,2025-09-17,6.5,mIU/L,Normal,2025-09-18T16:00:00
7905,4799,48,476,Complete Blood Count,2025-10-10,15.2,g/dL,Normal,2025-10-12T19:00:00
7906,4800,48,478,HbA1c,2025-12-06,10.3,%,Normal,2025-12-08T22:00:00
7907,4801,49,490,Complete Blood Count,2025-05-28,16.0,g/dL,Normal,2025-05-29T01:00:00
7908,4802,49,485,Thyroid Panel,2025-09-11,2.2,mIU/L,Normal,2025-09-12T00:00:00
7909,4802,49,481,Lipid Panel,2025-11-19,196,mg/dL,Normal,2025-11-21T14:00:00
7910,4803,49,485,Complete Blood Count,2025-05-01,14.1,g/dL,Normal,2025-05-03T04:00:00
7911,4803,49,488,Complete Blood Count,2025-12-01,16.2,g/dL,Abnormal,2025-12-03T03:00:00
7912,4803,49,481,Complete Blood Count,2025-01-30,8.6,g/dL,Normal,2025-02-01T12:00:00
7913,4804,49,483,Thyroid Panel,2025-11-29,5.5,mIU/L,Abnormal,2025-11-29T16:00:00
7914,4805,49,485,Lipid Panel,2025-02-12,230,mg/dL,Abnormal,2025-02-14T04:00:00
7915,4805,49,487,Basic Metabolic Panel,2025-05-21,118,mg/dL,Normal,2025-05-22T18:00:00
7916,4806,49,490,Lipid Panel,2025-04-04,208,mg/dL,Normal,2025-04-05T16:00:00
7917,4807,49,481,Thyroid Panel,2025-12-17,2.2,mIU/L,Abnormal,2025-12-19T21:00:00
7918,4808,49,481,Complete Blood Count,2025-07-17,8.7,g/dL,Normal,2025-07-17T17:00:00
7919,4808,49,489,Lipid Panel,2025-02-16,165,mg/dL,Normal,2025-02-17T09:00:00
7920,4809,49,481,Complete Blood Count,2025-09-10,15.6,g/dL,Normal,2025-09-11T06:00:00
7921,4809,49,487,Basic Metabolic Panel,2025-04-18,99,mg/dL,Normal,2025-04-21T00:00:00
7922,4810,49,485,Lipid Panel,2025-12-06,262,mg/dL,Normal,2025-12-07T03:00:00
7923,4811,49,484,Lipid Panel,2025-07-15,196,mg/dL,Abnormal,2025-07-17T17:00:00
7924,4812,49,488,Complete Blood Count,2025-01-25,8.3,g/dL,Normal,2025-01-27T14:00:00
7925,4812,49,487,Basic Metabolic Panel,2025-09-09,95,mg/dL,Normal,2025-09-11T22:00:00
7926,4812,49,489,Thyroid Panel,2025-05-11,1.6,mIU/L,Normal,2025-05-11T19:00:00
7927,4813,49,488,Lipid Panel,2025-01-14,275,mg/dL,Normal,2025-01-15T20:00:00
7928,4814,49,489,Complete Blood Count,2025-12-02,14.5,g/dL,Normal,2025-12-02T18:00:00
7929,4815,49,487,HbA1c,2025-12-14,7.5,%,Abnormal,2025-12-15T15:00:00
7930,4815,49,489,HbA1c,2025-07-06,7.5,%,Normal,2025-07-07T16:00:00
7931,4816,49,484,Basic Metabolic Panel,2026-01-08,124,mg/dL,Normal,2026-01-09T08:00:00
7932,4816,49,485,Basic Metabolic Panel,2025-01-11,75,mg/dL,Normal,2025-01-13T16:00:00
7933,4816,49,490,Thyroid Panel,2025-11-17,4.8,mIU/L,Abnormal,2025-11-18T01:00:00
7934,4817,49,489,HbA1c,2025-07-25,8.0,%,Normal,2025-07-26T08:00:00
7935,4817,49,481,Thyroid Panel,2025-06-11,0.3,mIU/L,Normal,2025-06-13T17:00:00
7936,4817,49,485,Lipid Panel,2025-05-16,126,mg/dL,Abnormal,2025-05-18T03:00:00
7937,4818,49,488,Complete Blood Count,2025-03-20,8.0,g/dL,Critical,2025-03-21T13:00:00
7938,4819,49,486,HbA1c,2025-04-14,7.4,%,Abnormal,2025-04-16T15:00:00
7939,4820,49,485,Complete Blood Count,2025-04-18,16.5,g/dL,Normal,2025-04-19T21:00:00
7940,4820,49,482,Complete Blood Count,2025-03-14,12.2,g/dL,Critical,2025-03-16T16:00:00
7941,4821,49,484,HbA1c,2025-02-15,7.8,%,Abnormal,2025-02-16T18:00:00
7942,4822,49,487,Lipid Panel,2025-01-15,183,mg/dL,Abnormal,2025-01-16T22:00:00
7943,4823,49,485,Thyroid Panel,2025-11-23,7.5,mIU/L,Normal,2025-11-25T04:00:00
7944,4824,49,489,Basic Metabolic Panel,2025-02-24,75,mg/dL,Abnormal,2025-02-24T22:00:00
7945,4824,49,489,Complete Blood Count,2025-12-26,10.7,g/dL,Normal,2025-12-28T20:00:00
7946,4824,49,487,HbA1c,2025-08-26,8.9,%,Normal,2025-08-28T23:00:00
7947,4825,49,483,Basic Metabolic Panel,2025-12-26,78,mg/dL,Normal,2025-12-27T13:00:00
7948,4826,49,489,Complete Blood Count,2025-12-04,16.7,g/dL,Normal,2025-12-06T19:00:00
7949,4827,49,487,Lipid Panel,2025-03-07,214,mg/dL,Normal,2025-03-07T17:00:00
7950,4828,49,488,Lipid Panel,2025-02-28,235,mg/dL,Normal,2025-02-28T16:00:00
7951,4828,49,481,Basic Metabolic Panel,2025-07-30,133,mg/dL,Normal,2025-07-31T21:00:00
7952,4828,49,485,Basic Metabolic Panel,2025-02-21,104,mg/dL,Normal,2025-02-22T06:00:00
7953,4829,49,490,HbA1c,2025-10-19,7.3,%,Normal,2025-10-20T09:00:00
7954,4830,49,483,HbA1c,2025-08-24,5.6,%,Critical,2025-08-25T16:00:00
7955,4831,49,490,Basic Metabolic Panel,2026-01-21,126,mg/dL,Normal,2026-01-22T02:00:00
7956,4831,49,490,HbA1c,2025-11-17,5.1,%,Normal,2025-11-19T21:00:00
7957,4832,49,483,Lipid Panel,2026-01-14,242,mg/dL,Normal,2026-01-16T17:00:00
7958,4833,49,481,Thyroid Panel,2025-11-27,3.0,mIU/L,Normal,2025-11-27T15:00:00
7959,4834,49,482,HbA1c,2026-01-29,8.7,%,Normal,2026-01-29T18:00:00
7960,4834,49,487,Lipid Panel,2025-04-25,156,mg/dL,Normal,2025-04-25T15:00:00
7961,4835,49,488,Lipid Panel,2026-01-03,206,mg/dL,Normal,2026-01-05T01:00:00
7962,4836,49,486,Thyroid Panel,2025-06-26,7.8,mIU/L,Normal,2025-06-28T07:00:00
7963,4836,49,484,Lipid Panel,2026-02-01,249,mg/dL,Normal,2026-02-02T06:00:00
7964,4837,49,490,Complete Blood Count,2025-10-08,11.9,g/dL,Abnormal,2025-10-10T11:00:00
7965,4838,49,487,Basic Metabolic Panel,2025-12-05,71,mg/dL,Abnormal,2025-12-07T17:00:00
7966,4839,49,490,Thyroid Panel,2025-02-12,0.7,mIU/L,Normal,2025-02-14T04:00:00
7967,4840,49,484,HbA1c,2025-04-15,9.8,%,Normal,2025-04-16T14:00:00
7968,4841,49,481,Thyroid Panel,2025-11-12,4.1,mIU/L,Abnormal,2025-11-14T04:00:00
7969,4842,49,484,HbA1c,2025-05-31,7.7,%,Abnormal,2025-06-02T21:00:00
7970,4842,49,482,Basic Metabolic Panel,2025-07-18,124,mg/dL,Normal,2025-07-18T21:00:00
7971,4842,49,489,Basic Metabolic Panel,2025-05-04,102,mg/dL,Normal,2025-05-04T13:00:00
7972,4843,49,485,Lipid Panel,2025-11-24,274,mg/dL,Normal,2025-11-25T00:00:00
7973,4844,49,485,Thyroid Panel,2025-11-06,4.0,mIU/L,Critical,2025-11-08T10:00:00
7974,4844,49,483,Thyroid Panel,2025-02-23,6.8,mIU/L,Normal,2025-02-24T14:00:00
7975,4845,49,490,Complete Blood Count,2025-06-28,13.0,g/dL,Normal,2025-06-29T04:00:00
7976,4845,49,483,Basic Metabolic Panel,2025-08-13,82,mg/dL,Abnormal,2025-08-14T18:00:00
7977,4846,49,483,HbA1c,2025-03-08,7.9,%,Abnormal,2025-03-10T06:00:00
7978,4847,49,488,Basic Metabolic Panel,2025-04-25,116,mg/dL,Normal,2025-04-26T05:00:00
7979,4847,49,482,Thyroid Panel,2026-01-16,3.7,mIU/L,Normal,2026-01-17T04:00:00
7980,4848,49,487,HbA1c,2026-01-29,9.1,%,Normal,2026-01-29T20:00:00
7981,4848,49,490,Basic Metabolic Panel,2025-06-19,131,mg/dL,Abnormal,2025-06-22T00:00:00
7982,4848,49,487,Thyroid Panel,2025-09-02,1.7,mIU/L,Normal,2025-09-03T11:00:00
7983,4849,49,486,Lipid Panel,2025-06-02,261,mg/dL,Normal,2025-06-03T08:00:00
7984,4850,49,486,Complete Blood Count,2025-07-01,13.6,g/dL,Abnormal,2025-07-03T15:00:00
7985,4851,49,486,Thyroid Panel,2025-09-06,7.7,mIU/L,Normal,2025-09-07T14:00:00
7986,4852,49,489,HbA1c,2025-10-07,5.2,%,Normal,2025-10-09T06:00:00
7987,4852,49,483,Basic Metabolic Panel,2025-01-24,120,mg/dL,Normal,2025-01-25T19:00:00
7988,4853,49,486,Thyroid Panel,2025-04-01,2.5,mIU/L,Abnormal,2025-04-03T04:00:00
7989,4854,49,485,HbA1c,2026-01-23,5.3,%,Normal,2026-01-24T22:00:00
7990,4854,49,487,Complete Blood Count,2025-07-06,14.0,g/dL,Normal,2025-07-08T15:00:00
7991,4855,49,487,HbA1c,2025-02-24,6.5,%,Normal,2025-02-26T15:00:00
7992,4856,49,490,Complete Blood Count,2025-02-21,8.3,g/dL,Normal,2025-02-22T06:00:00
7993,4857,49,484,Thyroid Panel,2025-12-15,5.2,mIU/L,Normal,2025-12-17T20:00:00
7994,4858,49,490,Thyroid Panel,2025-05-01,6.6,mIU/L,Abnormal,2025-05-04T00:00:00
7995,4859,49,485,Thyroid Panel,2025-12-30,7.9,mIU/L,Normal,2025-12-30T12:00:00
7996,4859,49,483,Basic Metabolic Panel,2025-02-07,125,mg/dL,Abnormal,2025-02-07T20:00:00
7997,4860,49,482,HbA1c,2025-09-14,7.0,%,Normal,2025-09-15T09:00:00
7998,4860,49,490,Complete Blood Count,2025-02-19,15.5,g/dL,Normal,2025-02-21T07:00:00
7999,4860,49,485,Basic Metabolic Panel,2025-05-10,137,mg/dL,Abnormal,2025-05-10T12:00:00
8000,4861,49,484,Complete Blood Count,2026-01-23,15.1,g/dL,Normal,2026-01-24T22:00:00
8001,4862,49,490,Complete Blood Count,2025-05-14,15.8,g/dL,Normal,2025-05-16T16:00:00
8002,4863,49,487,HbA1c,2025-06-01,8.1,%,Normal,2025-06-01T14:00:00
8003,4863,49,490,Lipid Panel,2025-08-04,238,mg/dL,Normal,2025-08-05T04:00:00
8004,4864,49,486,Thyroid Panel,2025-03-08,3.8,mIU/L,Normal,2025-03-09T21:00:00
8005,4864,49,483,Lipid Panel,2025-07-17,260,mg/dL,Normal,2025-07-18T08:00:00
8006,4865,49,481,Complete Blood Count,2025-07-06,13.0,g/dL,Normal,2025-07-08T01:00:00
8007,4865,49,482,Thyroid Panel,2025-09-19,6.2,mIU/L,Normal,2025-09-19T12:00:00
8008,4865,49,484,Complete Blood Count,2025-04-10,8.0,g/dL,Normal,2025-04-11T17:00:00
8009,4866,49,487,Thyroid Panel,2025-11-19,6.0,mIU/L,Abnormal,2025-11-19T22:00:00
8010,4866,49,483,Complete Blood Count,2025-04-08,16.2,g/dL,Normal,2025-04-08T12:00:00
8011,4867,49,489,Complete Blood Count,2025-08-06,16.1,g/dL,Abnormal,2025-08-08T00:00:00
8012,4868,49,484,Thyroid Panel,2025-11-28,3.9,mIU/L,Normal,2025-11-29T13:00:00
8013,4868,49,486,HbA1c,2025-12-23,4.9,%,Critical,2025-12-23T16:00:00
8014,4868,49,489,Complete Blood Count,2025-12-14,12.0,g/dL,Normal,2025-12-16T21:00:00
8015,4869,49,490,Lipid Panel,2025-06-07,272,mg/dL,Abnormal,2025-06-09T18:00:00
8016,4869,49,483,Thyroid Panel,2025-06-20,3.4,mIU/L,Abnormal,2025-06-21T22:00:00
8017,4870,49,490,Lipid Panel,2025-04-13,219,mg/dL,Normal,2025-04-14T23:00:00
8018,4871,49,489,Basic Metabolic Panel,2025-11-12,99,mg/dL,Normal,2025-11-13T08:00:00
8019,4871,49,482,Complete Blood Count,2026-01-30,13.5,g/dL,Abnormal,2026-02-01T13:00:00
8020,4871,49,484,HbA1c,2025-09-26,6.9,%,Normal,2025-09-27T20:00:00
8021,4872,49,483,Thyroid Panel,2025-05-15,5.3,mIU/L,Normal,2025-05-16T13:00:00
8022,4872,49,489,Thyroid Panel,2025-08-11,1.1,mIU/L,Normal,2025-08-11T17:00:00
8023,4873,49,486,Thyroid Panel,2025-04-17,4.1,mIU/L,Normal,2025-04-17T13:00:00
8024,4874,49,487,Complete Blood Count,2025-10-27,10.4,g/dL,Normal,2025-10-29T02:00:00
8025,4875,49,490,HbA1c,2025-08-28,4.9,%,Normal,2025-08-30T00:00:00
8026,4876,49,481,Lipid Panel,2025-11-02,238,mg/dL,Abnormal,2025-11-04T13:00:00
8027,4876,49,490,Complete Blood Count,2025-05-15,10.5,g/dL,Normal,2025-05-17T23:00:00
8028,4877,49,489,Thyroid Panel,2025-08-31,7.7,mIU/L,Normal,2025-09-02T04:00:00
8029,4877,49,485,HbA1c,2025-06-04,9.6,%,Abnormal,2025-06-05T22:00:00
8030,4878,49,485,Complete Blood Count,2025-10-23,15.6,g/dL,Normal,2025-10-25T19:00:00
8031,4879,49,489,Basic Metabolic Panel,2026-01-12,109,mg/dL,Abnormal,2026-01-13T22:00:00
8032,4880,49,488,Lipid Panel,2025-01-29,125,mg/dL,Normal,2025-01-30T23:00:00
8033,4880,49,481,HbA1c,2025-01-11,7.5,%,Normal,2025-01-11T17:00:00
8034,4880,49,488,HbA1c,2026-01-26,10.1,%,Normal,2026-01-28T06:00:00
8035,4881,49,486,Lipid Panel,2025-03-07,277,mg/dL,Normal,2025-03-08T09:00:00
8036,4882,49,486,Basic Metabolic Panel,2025-01-13,129,mg/dL,Normal,2025-01-15T08:00:00
8037,4882,49,485,Basic Metabolic Panel,2025-01-01,66,mg/dL,Normal,2025-01-01T18:00:00
8038,4883,49,482,Lipid Panel,2025-07-14,174,mg/dL,Normal,2025-07-16T18:00:00
8039,4883,49,483,HbA1c,2025-12-16,8.5,%,Abnormal,2025-12-17T06:00:00
8040,4884,49,481,Lipid Panel,2025-03-01,208,mg/dL,Normal,2025-03-03T00:00:00
8041,4884,49,487,Basic Metabolic Panel,2025-06-07,82,mg/dL,Normal,2025-06-09T08:00:00
8042,4885,49,490,HbA1c,2025-08-31,9.8,%,Normal,2025-09-02T08:00:00
8043,4886,49,485,Thyroid Panel,2025-05-28,4.0,mIU/L,Normal,2025-05-29T17:00:00
8044,4887,49,481,Thyroid Panel,2025-08-14,1.9,mIU/L,Normal,2025-08-14T20:00:00
8045,4887,49,490,Complete Blood Count,2025-02-18,16.5,g/dL,Abnormal,2025-02-20T18:00:00
8046,4887,49,481,Complete Blood Count,2025-08-02,14.4,g/dL,Normal,2025-08-03T03:00:00
8047,4888,49,482,Thyroid Panel,2025-05-16,0.4,mIU/L,Abnormal,2025-05-18T20:00:00
8048,4889,49,483,Lipid Panel,2025-01-08,169,mg/dL,Abnormal,2025-01-09T08:00:00
8049,4890,49,486,Basic Metabolic Panel,2025-04-20,96,mg/dL,Abnormal,2025-04-22T13:00:00
8050,4890,49,489,Lipid Panel,2025-09-03,248,mg/dL,Normal,2025-09-04T12:00:00
8051,4891,49,486,HbA1c,2025-09-18,5.4,%,Normal,2025-09-19T14:00:00
8052,4892,49,489,HbA1c,2025-08-07,4.7,%,Normal,2025-08-09T12:00:00
8053,4892,49,489,Basic Metabolic Panel,2025-03-27,132,mg/dL,Normal,2025-03-29T06:00:00
8054,4892,49,489,Basic Metabolic Panel,2025-04-25,79,mg/dL,Normal,2025-04-25T14:00:00
8055,4893,49,486,HbA1c,2025-05-16,7.1,%,Abnormal,2025-05-17T09:00:00
8056,4894,49,488,Thyroid Panel,2025-03-11,4.2,mIU/L,Normal,2025-03-13T01:00:00
8057,4895,49,489,HbA1c,2025-01-04,6.4,%,Abnormal,2025-01-05T06:00:00
8058,4895,49,485,HbA1c,2025-12-08,4.7,%,Normal,2025-12-10T11:00:00
8059,4896,49,488,Complete Blood Count,2025-06-21,11.8,g/dL,Normal,2025-06-23T05:00:00
8060,4896,49,482,Thyroid Panel,2025-07-21,1.1,mIU/L,Normal,2025-07-23T05:00:00
8061,4897,49,488,HbA1c,2025-06-28,8.8,%,Normal,2025-06-29T08:00:00
8062,4897,49,483,Lipid Panel,2025-09-26,267,mg/dL,Normal,2025-09-29T00:00:00
8063,4898,49,483,HbA1c,2025-12-08,5.0,%,Normal,2025-12-10T03:00:00
8064,4899,49,488,Complete Blood Count,2025-01-03,8.7,g/dL,Normal,2025-01-05T19:00:00
8065,4899,49,487,Basic Metabolic Panel,2025-05-31,123,mg/dL,Abnormal,2025-06-03T00:00:00
8066,4899,49,487,Complete Blood Count,2025-10-07,15.5,g/dL,Critical,2025-10-09T03:00:00
8067,4900,49,489,HbA1c,2025-08-13,8.4,%,Critical,2025-08-13T18:00:00
8068,4900,49,484,Basic Metabolic Panel,2026-01-30,138,mg/dL,Normal,2026-01-31T05:00:00
8069,4900,49,490,Lipid Panel,2025-09-03,198,mg/dL,Normal,2025-09-04T12:00:00
8070,4901,50,500,Lipid Panel,2025-08-02,249,mg/dL,Normal,2025-08-02T17:00:00
8071,4901,50,492,Thyroid Panel,2025-08-24,5.4,mIU/L,Normal,2025-08-25T12:00:00
8072,4902,50,499,Complete Blood Count,2025-04-07,12.9,g/dL,Abnormal,2025-04-07T17:00:00
8073,4902,50,497,HbA1c,2025-02-04,5.6,%,Normal,2025-02-06T21:00:00
8074,4903,50,491,Complete Blood Count,2025-04-10,15.7,g/dL,Normal,2025-04-12T06:00:00
8075,4903,50,497,Complete Blood Count,2025-12-23,11.3,g/dL,Normal,2025-12-25T18:00:00
8076,4904,50,499,HbA1c,2025-11-15,10.5,%,Normal,2025-11-16T11:00:00
8077,4905,50,498,Basic Metabolic Panel,2025-06-14,138,mg/dL,Normal,2025-06-15T11:00:00
8078,4905,50,492,Lipid Panel,2025-09-22,226,mg/dL,Normal,2025-09-22T17:00:00
8079,4905,50,498,Thyroid Panel,2025-04-18,2.2,mIU/L,Abnormal,2025-04-18T18:00:00
8080,4906,50,494,HbA1c,2025-06-07,8.3,%,Normal,2025-06-07T18:00:00
8081,4906,50,494,HbA1c,2026-01-03,6.6,%,Normal,2026-01-03T23:00:00
8082,4907,50,499,Complete Blood Count,2025-04-03,16.7,g/dL,Normal,2025-04-04T06:00:00
8083,4907,50,498,Complete Blood Count,2026-01-28,16.3,g/dL,Critical,2026-01-29T12:00:00
8084,4908,50,498,HbA1c,2025-06-20,9.5,%,Abnormal,2025-06-20T18:00:00
8085,4908,50,495,Thyroid Panel,2025-07-30,1.3,mIU/L,Normal,2025-07-31T00:00:00
8086,4909,50,493,Lipid Panel,2025-08-26,145,mg/dL,Normal,2025-08-27T04:00:00
8087,4909,50,491,Lipid Panel,2026-01-16,254,mg/dL,Normal,2026-01-16T16:00:00
8088,4910,50,498,Basic Metabolic Panel,2025-06-01,94,mg/dL,Normal,2025-06-02T05:00:00
8089,4911,50,497,Complete Blood Count,2026-01-18,9.6,g/dL,Critical,2026-01-19T12:00:00
8090,4912,50,496,Basic Metabolic Panel,2025-02-07,100,mg/dL,Normal,2025-02-09T09:00:00
8091,4913,50,499,Basic Metabolic Panel,2025-03-29,69,mg/dL,Normal,2025-03-30T09:00:00
8092,4914,50,492,HbA1c,2026-01-08,8.9,%,Critical,2026-01-09T02:00:00
8093,4915,50,492,Basic Metabolic Panel,2025-11-29,81,mg/dL,Normal,2025-11-30T00:00:00
8094,4915,50,499,HbA1c,2026-01-09,4.8,%,Abnormal,2026-01-11T11:00:00
8095,4915,50,495,Thyroid Panel,2025-07-18,3.1,mIU/L,Normal,2025-07-18T15:00:00
8096,4916,50,494,HbA1c,2025-08-29,6.4,%,Abnormal,2025-08-29T21:00:00
8097,4916,50,495,Complete Blood Count,2026-01-06,16.0,g/dL,Normal,2026-01-08T23:00:00
8098,4917,50,494,Complete Blood Count,2025-02-09,14.9,g/dL,Critical,2025-02-09T19:00:00
8099,4917,50,500,Complete Blood Count,2025-07-07,8.0,g/dL,Normal,2025-07-09T05:00:00
8100,4918,50,498,HbA1c,2025-03-26,10.0,%,Normal,2025-03-27T00:00:00
8101,4918,50,499,Basic Metabolic Panel,2026-01-21,69,mg/dL,Normal,2026-01-22T11:00:00
8102,4919,50,494,Lipid Panel,2025-07-07,205,mg/dL,Normal,2025-07-10T00:00:00
8103,4919,50,494,Thyroid Panel,2025-10-12,3.2,mIU/L,Normal,2025-10-12T16:00:00
8104,4920,50,495,Lipid Panel,2025-10-16,276,mg/dL,Normal,2025-10-18T13:00:00
8105,4921,50,497,Thyroid Panel,2025-01-23,4.6,mIU/L,Normal,2025-01-25T19:00:00
8106,4921,50,496,Basic Metabolic Panel,2025-04-14,91,mg/dL,Normal,2025-04-16T22:00:00
8107,4922,50,493,Basic Metabolic Panel,2025-01-01,114,mg/dL,Normal,2025-01-03T00:00:00
8108,4923,50,495,Basic Metabolic Panel,2025-01-14,112,mg/dL,Normal,2025-01-14T18:00:00
8109,4924,50,496,Basic Metabolic Panel,2025-06-27,115,mg/dL,Normal,2025-06-29T14:00:00
8110,4925,50,500,Complete Blood Count,2025-06-15,13.8,g/dL,Critical,2025-06-16T22:00:00
8111,4925,50,500,Basic Metabolic Panel,2025-03-25,82,mg/dL,Normal,2025-03-26T00:00:00
8112,4926,50,495,Lipid Panel,2025-02-01,124,mg/dL,Normal,2025-02-02T13:00:00
8113,4927,50,492,Complete Blood Count,2025-10-16,15.4,g/dL,Abnormal,2025-10-17T18:00:00
8114,4928,50,494,Basic Metabolic Panel,2025-06-24,95,mg/dL,Normal,2025-06-26T01:00:00
8115,4929,50,492,HbA1c,2025-03-17,10.9,%,Normal,2025-03-19T17:00:00
8116,4929,50,493,Thyroid Panel,2025-03-10,3.4,mIU/L,Normal,2025-03-12T16:00:00
8117,4930,50,497,Complete Blood Count,2026-01-02,10.4,g/dL,Normal,2026-01-04T13:00:00
8118,4931,50,496,HbA1c,2025-05-14,5.4,%,Normal,2025-05-16T11:00:00
8119,4932,50,494,Complete Blood Count,2025-12-20,9.3,g/dL,Abnormal,2025-12-20T20:00:00
8120,4933,50,491,Complete Blood Count,2025-08-18,9.7,g/dL,Critical,2025-08-19T21:00:00
8121,4934,50,493,HbA1c,2025-06-20,8.8,%,Normal,2025-06-20T15:00:00
8122,4935,50,500,Complete Blood Count,2025-04-30,14.4,g/dL,Normal,2025-05-01T09:00:00
8123,4935,50,493,Thyroid Panel,2025-07-14,2.8,mIU/L,Normal,2025-07-14T19:00:00
8124,4936,50,497,Lipid Panel,2025-05-24,270,mg/dL,Abnormal,2025-05-26T21:00:00
8125,4937,50,497,Basic Metabolic Panel,2025-05-27,113,mg/dL,Abnormal,2025-05-27T15:00:00
8126,4937,50,499,Thyroid Panel,2025-08-23,7.0,mIU/L,Critical,2025-08-25T01:00:00
8127,4938,50,492,HbA1c,2025-04-07,4.5,%,Normal,2025-04-07T12:00:00
8128,4939,50,491,Basic Metabolic Panel,2025-05-02,96,mg/dL,Normal,2025-05-03T12:00:00
8129,4940,50,494,Complete Blood Count,2025-06-21,14.5,g/dL,Normal,2025-06-22T15:00:00
8130,4941,50,497,Complete Blood Count,2025-04-12,12.4,g/dL,Normal,2025-04-13T15:00:00
8131,4941,50,493,HbA1c,2025-11-03,6.6,%,Normal,2025-11-05T06:00:00
8132,4942,50,498,Basic Metabolic Panel,2025-10-06,90,mg/dL,Abnormal,2025-10-08T10:00:00
8133,4943,50,494,Thyroid Panel,2025-05-24,1.5,mIU/L,Normal,2025-05-25T15:00:00
8134,4943,50,493,Lipid Panel,2025-03-24,167,mg/dL,Normal,2025-03-27T00:00:00
8135,4944,50,499,Complete Blood Count,2025-06-16,9.8,g/dL,Abnormal,2025-06-16T23:00:00
8136,4945,50,500,Complete Blood Count,2025-09-06,11.5,g/dL,Normal,2025-09-08T07:00:00
8137,4946,50,495,Complete Blood Count,2025-12-18,15.9,g/dL,Critical,2025-12-18T18:00:00
8138,4946,50,495,Complete Blood Count,2025-06-23,9.5,g/dL,Normal,2025-06-25T23:00:00
8139,4947,50,493,HbA1c,2025-07-18,9.8,%,Normal,2025-07-19T16:00:00
8140,4947,50,499,Thyroid Panel,2025-12-28,2.0,mIU/L,Abnormal,2025-12-29T02:00:00
8141,4948,50,496,Complete Blood Count,2025-03-22,10.5,g/dL,Critical,2025-03-24T08:00:00
8142,4948,50,494,Lipid Panel,2025-05-23,237,mg/dL,Normal,2025-05-23T19:00:00
8143,4949,50,496,Thyroid Panel,2026-01-08,6.6,mIU/L,Critical,2026-01-10T20:00:00
8144,4950,50,499,Basic Metabolic Panel,2025-11-26,130,mg/dL,Normal,2025-11-29T00:00:00
8145,4951,50,492,Thyroid Panel,2025-05-05,0.5,mIU/L,Normal,2025-05-07T12:00:00
8146,4951,50,495,HbA1c,2025-07-05,8.1,%,Normal,2025-07-07T00:00:00
8147,4952,50,493,HbA1c,2025-09-02,9.8,%,Normal,2025-09-02T20:00:00
8148,4952,50,494,Complete Blood Count,2025-01-03,8.1,g/dL,Normal,2025-01-04T23:00:00
8149,4953,50,499,Basic Metabolic Panel,2025-09-15,103,mg/dL,Normal,2025-09-17T16:00:00
8150,4953,50,498,HbA1c,2025-11-19,7.5,%,Normal,2025-11-21T12:00:00
8151,4953,50,500,Complete Blood Count,2025-05-08,10.4,g/dL,Normal,2025-05-10T11:00:00
8152,4954,50,496,Complete Blood Count,2026-01-30,13.0,g/dL,Normal,2026-01-31T12:00:00
8153,4954,50,493,Basic Metabolic Panel,2026-01-18,65,mg/dL,Normal,2026-01-18T23:00:00
8154,4955,50,496,HbA1c,2025-02-22,10.3,%,Normal,2025-02-24T14:00:00
8155,4956,50,496,HbA1c,2025-04-02,9.3,%,Normal,2025-04-04T05:00:00
8156,4956,50,492,Lipid Panel,2025-12-04,228,mg/dL,Normal,2025-12-05T14:00:00
8157,4957,50,499,Complete Blood Count,2025-10-19,15.1,g/dL,Normal,2025-10-21T16:00:00
8158,4957,50,491,HbA1c,2025-06-04,8.2,%,Normal,2025-06-05T18:00:00
8159,4957,50,494,Basic Metabolic Panel,2025-03-29,99,mg/dL,Normal,2025-03-31T17:00:00
8160,4958,50,494,Lipid Panel,2025-08-09,126,mg/dL,Normal,2025-08-10T08:00:00
8161,4958,50,494,Lipid Panel,2025-11-21,224,mg/dL,Normal,2025-11-21T16:00:00
8162,4959,50,491,Lipid Panel,2025-02-06,242,mg/dL,Normal,2025-02-07T10:00:00
8163,4960,50,495,Lipid Panel,2025-01-23,150,mg/dL,Normal,2025-01-25T02:00:00
8164,4960,50,497,Thyroid Panel,2025-01-16,2.2,mIU/L,Abnormal,2025-01-18T03:00:00
8165,4961,50,494,Complete Blood Count,2025-04-06,14.7,g/dL,Critical,2025-04-06T22:00:00
8166,4961,50,493,Basic Metabolic Panel,2025-10-28,100,mg/dL,Normal,2025-10-29T16:00:00
8167,4962,50,491,Basic Metabolic Panel,2025-11-30,121,mg/dL,Normal,2025-12-02T04:00:00
8168,4962,50,495,HbA1c,2025-07-31,5.6,%,Critical,2025-08-02T04:00:00
8169,4963,50,498,Complete Blood Count,2025-02-10,12.1,g/dL,Normal,2025-02-12T11:00:00
8170,4964,50,491,Complete Blood Count,2025-05-29,9.2,g/dL,Abnormal,2025-05-30T21:00:00
8171,4965,50,500,HbA1c,2025-02-23,10.6,%,Abnormal,2025-02-23T19:00:00
8172,4966,50,500,Complete Blood Count,2025-05-12,8.2,g/dL,Normal,2025-05-14T01:00:00
8173,4967,50,491,Basic Metabolic Panel,2025-12-24,86,mg/dL,Normal,2025-12-25T00:00:00
8174,4968,50,495,Thyroid Panel,2025-01-16,1.6,mIU/L,Normal,2025-01-17T06:00:00
8175,4968,50,494,Complete Blood Count,2025-08-01,14.4,g/dL,Normal,2025-08-02T06:00:00
8176,4969,50,493,Complete Blood Count,2025-01-21,8.5,g/dL,Abnormal,2025-01-23T06:00:00
8177,4970,50,494,Complete Blood Count,2025-06-28,8.3,g/dL,Abnormal,2025-06-29T11:00:00
8178,4970,50,494,Complete Blood Count,2025-09-25,11.3,g/dL,Normal,2025-09-26T20:00:00
8179,4971,50,497,Basic Metabolic Panel,2026-01-30,66,mg/dL,Normal,2026-01-31T15:00:00
8180,4972,50,492,HbA1c,2025-09-25,5.3,%,Normal,2025-09-26T02:00:00
8181,4972,50,492,HbA1c,2025-10-18,7.1,%,Normal,2025-10-19T10:00:00
8182,4973,50,498,Basic Metabolic Panel,2025-12-17,71,mg/dL,Normal,2025-12-17T21:00:00
8183,4973,50,494,Thyroid Panel,2025-02-23,3.3,mIU/L,Normal,2025-02-24T09:00:00
8184,4974,50,497,Lipid Panel,2025-02-19,240,mg/dL,Normal,2025-02-20T04:00:00
8185,4975,50,494,HbA1c,2025-07-21,5.2,%,Normal,2025-07-21T18:00:00
8186,4976,50,496,Complete Blood Count,2025-12-24,13.7,g/dL,Normal,2025-12-26T19:00:00
8187,4977,50,496,Lipid Panel,2025-12-24,151,mg/dL,Normal,2025-12-24T14:00:00
8188,4977,50,498,Complete Blood Count,2025-01-04,9.7,g/dL,Normal,2025-01-05T16:00:00
8189,4977,50,491,Thyroid Panel,2025-06-06,5.3,mIU/L,Abnormal,2025-06-07T08:00:00
8190,4978,50,495,Complete Blood Count,2025-08-12,12.9,g/dL,Abnormal,2025-08-14T10:00:00
8191,4978,50,500,Basic Metabolic Panel,2025-03-07,140,mg/dL,Abnormal,2025-03-08T08:00:00
8192,4979,50,494,Basic Metabolic Panel,2025-02-20,69,mg/dL,Normal,2025-02-22T07:00:00
8193,4980,50,500,Thyroid Panel,2025-02-08,2.1,mIU/L,Abnormal,2025-02-10T17:00:00
8194,4980,50,492,HbA1c,2025-01-14,9.5,%,Normal,2025-01-16T15:00:00
8195,4980,50,499,Complete Blood Count,2026-01-04,9.5,g/dL,Normal,2026-01-06T19:00:00
8196,4981,50,492,Thyroid Panel,2025-12-25,1.3,mIU/L,Abnormal,2025-12-27T18:00:00
8197,4981,50,493,Thyroid Panel,2025-06-06,4.3,mIU/L,Normal,2025-06-08T10:00:00
8198,4981,50,500,HbA1c,2025-07-02,8.5,%,Normal,2025-07-03T04:00:00
8199,4982,50,496,Complete Blood Count,2025-08-07,9.3,g/dL,Normal,2025-08-08T04:00:00
8200,4983,50,499,Basic Metabolic Panel,2025-08-12,115,mg/dL,Normal,2025-08-14T21:00:00
8201,4984,50,492,Complete Blood Count,2026-01-28,11.0,g/dL,Normal,2026-01-28T22:00:00
8202,4985,50,498,Lipid Panel,2025-04-07,189,mg/dL,Abnormal,2025-04-07T13:00:00
8203,4985,50,498,Basic Metabolic Panel,2025-11-13,128,mg/dL,Normal,2025-11-14T21:00:00
8204,4986,50,498,Thyroid Panel,2025-09-10,0.8,mIU/L,Normal,2025-09-10T12:00:00
8205,4987,50,495,Complete Blood Count,2025-04-25,12.5,g/dL,Normal,2025-04-27T04:00:00
8206,4987,50,494,Lipid Panel,2025-07-01,144,mg/dL,Normal,2025-07-02T17:00:00
8207,4987,50,491,Thyroid Panel,2025-05-08,1.7,mIU/L,Normal,2025-05-10T14:00:00
8208,4988,50,497,Lipid Panel,2025-02-12,124,mg/dL,Abnormal,2025-02-13T16:00:00
8209,4989,50,500,HbA1c,2025-12-14,9.3,%,Normal,2025-12-14T20:00:00
8210,4989,50,497,Complete Blood Count,2025-10-15,15.9,g/dL,Abnormal,2025-10-17T22:00:00
8211,4989,50,500,Basic Metabolic Panel,2025-02-14,79,mg/dL,Critical,2025-02-16T18:00:00
8212,4990,50,491,Lipid Panel,2025-01-14,279,mg/dL,Normal,2025-01-16T11:00:00
8213,4990,50,498,Basic Metabolic Panel,2025-04-21,126,mg/dL,Normal,2025-04-23T12:00:00
8214,4991,50,497,Lipid Panel,2025-04-22,172,mg/dL,Normal,2025-04-24T16:00:00
8215,4991,50,496,Complete Blood Count,2025-12-26,11.5,g/dL,Normal,2025-12-27T13:00:00
8216,4992,50,491,HbA1c,2025-09-27,6.8,%,Normal,2025-09-29T05:00:00
8217,4993,50,491,Thyroid Panel,2025-04-22,0.7,mIU/L,Normal,2025-04-22T14:00:00
8218,4994,50,496,Complete Blood Count,2025-10-30,14.2,g/dL,Normal,2025-11-01T12:00:00
8219,4994,50,491,HbA1c,2025-07-09,10.9,%,Normal,2025-07-11T21:00:00
8220,4995,50,492,Thyroid Panel,2025-05-28,4.7,mIU/L,Normal,2025-05-30T13:00:00
8221,4996,50,494,Basic Metabolic Panel,2025-07-20,73,mg/dL,Normal,2025-07-20T15:00:00
8222,4997,50,500,Thyroid Panel,2025-01-22,5.0,mIU/L,Normal,2025-01-23T16:00:00
8223,4997,50,500,Complete Blood Count,2025-09-16,14.9,g/dL,Abnormal,2025-09-16T19:00:00
8224,4998,50,500,Thyroid Panel,2025-09-10,1.9,mIU/L,Normal,2025-09-11T21:00:00
8225,4998,50,491,Lipid Panel,2025-02-17,154,mg/dL,Normal,2025-02-18T16:00:00
8226,4998,50,500,Complete Blood Count,2026-01-28,16.8,g/dL,Normal,2026-01-29T18:00:00
8227,4999,50,491,Complete Blood Count,2025-09-10,10.5,g/dL,Normal,2025-09-11T09:00:00
8228,5000,50,492,HbA1c,2025-07-01,9.8,%,Critical,2025-07-03T05:00:00
